브랜드,제품명,주요효능,연령대,평점,리뷰수,가격,전성분,제형
[정품],"[정품] 자보티카바 정 Jaboticaba, 1개, 120정",종합케어,40대,5.0,3397,9900,일반,일반
종근당,"종근당 정품 칼슘 앤 마그네슘 비타민D 아연, 180정, 1개",피로회복,30대,5.0,185282,14280,일반,일반
WHOLELIFE,"WHOLELIFE 유기농 레몬즙 14p, 280g, 1개",종합케어,20대,4.5,19059,4800,일반,일반
종근당건강,"종근당건강 프로메가 오메가3 트리플, 60정, 1개",혈관케어,50대,5.0,144195,10240,일반,일반
센트휴,"센트휴 샐러드 식이섬유 41g, 1개, 120정",체지방감소·다이어트,20대,5.0,2249,9900,일반,일반
식물성,"식물성 멜라토닌 1일 2mg 함유 멜라 테아닌 나잇 식약청인증 HACCP 자주가게, 1개, 60정",종합케어,50대,5.0,32387,13300,일반,일반
비코드,"비코드 데일리 액상 면봉 귓속청결제, 1개, 50개입",종합케어,30대,4.5,3494,7730,일반,일반
리본핏,"리본핏 덴마크 프리미엄 구강유산균, 30정, 1개",장건강,60대이상,4.5,4158,9900,일반,일반
아임비타,"아임비타 비타민D 4000IU 6g, 1개, 60정",피로회복,50대,5.0,187,8150,일반,일반
나우푸드,"나우푸드 비오틴 5000mcg 베지 캡슐 비건, 120정, 1개",종합케어,20대,5.0,17141,14160,일반,일반
고려은단,"고려은단 쏠라C 정 레몬맛, 80정, 1개",종합케어,60대이상,5.0,6970,6660,일반,일반
네이처드림,"네이처드림 엑스트라버진 올리브오일 식물성캡슐, 30정, 1개",종합케어,30대,5.0,2173,6980,일반,일반
고려은단,"고려은단 비타민C 1000 + 쇼핑백, 180정, 1개",피로회복,50대,5.0,286054,17150,일반,일반
99바이탈,"99바이탈 올인원 종합비타민, 1개, 300정",피로회복,20대,5.0,4516,9900,일반,일반
센트휴,"센트휴 블랙마카 메가 부스터, 2개, 120정",종합케어,50대,5.0,9033,19800,일반,일반
올웨일리,"올웨일리 국산 오가닉 면봉 이탈리아 코튼, 100개입, 4개",종합케어,20대,5.0,3129,4910,일반,일반
락토핏,"락토핏 정품 골드 80포, 160g, 1개",장건강,50대,5.0,258710,18500,일반,일반
메가도스,"메가도스 비타민C 3000mg, 180g, 1개",피로회복,60대이상,5.0,64205,17900,일반,일반
황금이네,"황금이네 늙은 호박즙, 100ml, 30개",종합케어,40대,5.0,6962,17900,일반,일반
셀렉스,"셀렉스 프로핏 모카 초콜릿, 250ml, 18개",종합케어,30대,5.0,3658,25870,일반,일반
비타500,"비타500 프레쉬, 100ml, 10개",종합케어,60대이상,5.0,27047,5840,일반,일반
(정품),"(정품) 레모너스 고체레몬즙, 1개, 120정",종합케어,30대,5.0,2138,9900,일반,일반
초저분자,"초저분자 피쉬콜라겐 펩타이드 비오틴 100% HACCP인증, 1개, 120정",종합케어,20대,5.0,4915,9900,일반,일반
메가도스,"메가도스 B 비타민 컴플렉스 51g, 60정, 1개",피로회복,40대,5.0,9004,17000,일반,일반
쏜리서치,"쏜리서치 마그네슘 시트라메이트 캡슐, 90정, 1개",종합케어,50대,5.0,6272,24240,일반,일반
포스파티딜세린,"포스파티딜세린 식약청인증 100% 두뇌영양소 기억력 인지력 분말, 1개",종합케어,60대이상,5.0,581,14800,일반,일반
베베모린,"베베모린 뽀롱뽀롱 뽀로로 복숭아맛 비타민C, 50정, 3개",피로회복,20대,5.0,14624,6300,일반,일반
세노비스,"세노비스 정품 마그네슘, 90정, 1개",종합케어,40대,5.0,34302,14880,일반,일반
그린몬스터,"그린몬스터 다이어트 스페셜 2 가르시니아 900, 112정, 1개",체지방감소·다이어트,60대이상,4.5,47556,12700,일반,일반
센트휴,"센트휴 소연골 콘드로이친 1200 MBP, 5개, 60정",종합케어,40대,5.0,7080,24900,일반,일반
종근당,"종근당 철분 엽산 비타민D 플러스, 60정, 1개",피로회복,40대,5.0,22184,10950,일반,일반
헬스헬퍼,"헬스헬퍼 맥스컷 프로 크롬, 120정, 1개",종합케어,60대이상,5.0,2634,39620,일반,일반
BYO,"BYO 코어 피부면역 유산균 30p, 60g, 1개",장건강,60대이상,5.0,5525,11850,일반,일반
솔티스,"솔티스 눈프로텍션 프로 S3, 20정, 1개",눈건강,40대,4.5,20470,12300,일반,일반
덴프스,"덴프스 정품 덴마크 유산균이야기, 30정, 2개",장건강,20대,5.0,62576,27240,일반,일반
해태제과,"해태제과 칼바 프로틴 바란스 코코아퍼지 7p, 266g, 1개",종합케어,30대,4.5,1878,6280,일반,일반
아임비타,"아임비타 종근당건강 멀티비타민 이뮨샷 7 164.36g, 7회분, 1개",피로회복,20대,5.0,9197,13450,일반,일반
뉴트리코스트,"뉴트리코스트 정품 크레아틴 분말, 300g, 1개",종합케어,40대,5.0,14284,23900,일반,일반
그레인온,"그레인온 골드 카무트 브랜드밀 효소, 90g, 2개",종합케어,30대,4.5,54474,28020,일반,일반
동화약품,"동화약품 부채표 까스활 소화제, 75ml, 20개",종합케어,60대이상,5.0,80671,15300,일반,일반
종근당,"종근당 정품 활력 비타민B 플러스, 60정, 1개",피로회복,50대,5.0,41617,14210,일반,일반
드노윌,"드노윌 다용도 초미세 면봉 뾰족 면봉 피지 압출 여드름 메이크업 수정 청소용 면봉, 1세트, 200개입",종합케어,50대,5.0,44,2500,일반,일반
재로우,"재로우 우먼 펨-도필러스 유산균 10억 베지테리안 캡슐, 60정, 1개",장건강,60대이상,5.0,82517,31500,일반,일반
재로우,"재로우 우먼스 펨 도피러스 유산균 캡슐, 60정, 1개",장건강,30대,5.0,10694,30070,일반,일반
광동제약,"광동제약 비타민C 1000mg 8개월분, 240정, 1개",피로회복,30대,5.0,10810,12990,일반,일반
렌즈케어,"렌즈케어 렌즈클리닝 일회용 티슈 200매입, 1개",종합케어,40대,5.0,30199,8890,일반,일반
[정품],"[정품] 요하다 크랜베리 요-C35 케어 식약청인증 해썹, 1개, 120정",종합케어,50대,4.5,4665,24500,일반,일반
종근당,"종근당 차전자피 식이섬유 30개입, 204g, 1개",체지방감소·다이어트,60대이상,4.5,43111,16900,일반,일반
저분자,"저분자 철갑상어 콘드로이친 C6S 6형 1200 MBP 뮤코다당단백 식약청 HACCP 자주가게, 2개, 30정",종합케어,20대,5.0,2227,19800,일반,일반
센트휴,"센트휴 식물성 멜라토닌 5mg 함유, 1개, 120정",종합케어,40대,5.0,1499,16900,일반,일반
재로우,"재로우 우먼스 펨 도필러스 프로바이오틱스 유산균, 60정, 1개",장건강,60대이상,5.0,20254,33970,일반,일반
스포츠리서치,"스포츠리서치 1040mg 오메가-3 피쉬 오일 트리플 스트렝스 소프트젤, 90정, 1개",혈관케어,30대,5.0,79556,29280,일반,일반
일양약품,"일양약품 물리고 모기 벌레 물린데 시원한 쿨 가려움완화, 1개",종합케어,30대,4.5,1963,4560,일반,일반
식물성,"식물성 멜라토닌 1일 2mg 함유 멜라 테아닌 나잇 식약청인증 HACCP 자주가게, 2개, 60정",종합케어,40대,5.0,32387,24600,일반,일반
고려은단,"고려은단 코엔자임Q10, 90정, 1개",종합케어,20대,5.0,2456,17900,일반,일반
리얼케어,"리얼케어 매일레몬 리얼 유기농 레몬즙, 280g, 1개",종합케어,50대,5.0,841,4100,일반,일반
스완슨,"스완슨 베르베린 400mg 캡슐, 60개입, 1개, 60정",종합케어,50대,5.0,1736,25900,일반,일반
포스트,"포스트 에너지바 액티브 미니, 210g, 1개",종합케어,50대,5.0,1971,4350,일반,일반
나우푸드,"나우푸드 메가 D-3 5000 lU & MK-7 180mcg 캡슐, 1개, 120정",종합케어,50대,5.0,1895,27280,일반,일반
동화약품,"동화약품 코엔자임 큐10 코큐텐 맥스 혈압 항산화 케어 관리 조절 30g, 60정, 1개",종합케어,30대,5.0,7836,14600,일반,일반
온리비푸드,"온리비푸드 순수 사양벌꿀, 1개, 500g",종합케어,30대,5.0,2642,6600,일반,일반
고려은단,"고려은단 비타민C 1000 플러스, 100ml, 20개",피로회복,50대,5.0,49329,9500,일반,일반
고려은단,"고려은단 루테인 지아잔틴 아스타잔틴, 60정, 1개",눈건강,30대,5.0,22632,23900,일반,일반
레모나,"레모나 상큼한 비타민C 30포, 60g, 1개",피로회복,60대이상,5.0,20567,5900,일반,일반
나우푸드,"나우푸드 프로바이오틱-10 유산균 250억 베지 캡슐, 100정, 1개",장건강,40대,5.0,20349,34770,일반,일반
해태제과,"해태제과 칼로리 바란스 치즈 7p, 266g, 1개",종합케어,40대,5.0,2666,4990,일반,일반
포스트,"포스트 밸런스 미니 에너지바, 231g, 1개",종합케어,60대이상,5.0,1817,5300,일반,일반
나우푸드,"나우푸드 B-12 1000mcg 로젠지, 250정, 1개",종합케어,40대,5.0,4021,19000,일반,일반
휘트니스,"휘트니스 식염 포도당 총120정 60정 X 2박스, 2개",종합케어,20대,4.5,4239,9300,일반,일반
나우푸드,"나우푸드 마그네슘 캡 400mg 베지 캡슐, 180정, 1개",종합케어,40대,5.0,12008,19390,일반,일반
광동,"광동 면역 비타민C 1000, 120정, 1개",피로회복,40대,5.0,1079,9600,일반,일반
출출허니,"출출허니 사양벌꿀 국내산 꿀스틱, 1개, 100g",종합케어,50대,5.0,1074,5230,일반,일반
[공식],"[공식] 서리맥스, 60정, 1개",종합케어,50대,4.5,453,28290,일반,일반
종근당건강,"종근당건강 원데이21 멀티비타민 앤 미네랄, 60정, 2개",피로회복,20대,5.0,59419,19500,일반,일반
주영엔에스,"주영엔에스 뼈엔 엠비피, 30정, 1개",종합케어,30대,5.0,33904,40500,일반,일반
나우푸드,"나우푸드 글루타티온 500mg 베지 캡슐, 60정, 1개",종합케어,30대,5.0,9312,28030,일반,일반
[Jarrow,"[Jarrow Formulas] 자로우 포뮬러스 도피러스 EPS 유산균 100억 CFU, 120정, 1개",장건강,30대,5.0,48370,33960,일반,일반
나우푸드,"나우푸드 엽산 800mcg 비타민 B-12 타블렛, 250정, 1개",피로회복,30대,5.0,3751,7950,일반,일반
그린몬스터,"그린몬스터 맥스 칼슘 마그네슘 비타민D 아연 3개월분, 90정, 1개",피로회복,60대이상,5.0,4150,6500,일반,일반
쏜리서치,"쏜리서치 베이직 B 컴플렉스 캡슐, 60정, 1개",종합케어,60대이상,5.0,16732,29750,일반,일반
뉴트리디데이,"뉴트리디데이 프리미엄 마그네슘 400, 90정, 2개",종합케어,40대,5.0,10149,19900,일반,일반
[공식판매처],"[공식판매처] 헤이데일리 NMN-C 엔엠엔씨 천연NMN 비타민C 레몬맛 10포, 3개, 20g",피로회복,40대,4.5,3872,37200,일반,일반
닥터스베스트,"닥터스베스트 고흡수 킬레이트 마그네슘 타블렛, 1개",종합케어,50대,4.5,2117,18490,일반,일반
뉴트리코스트,"뉴트리코스트 나이아신아마이드 비타민 B3 500mg 캡슐, 240정, 1개",피로회복,60대이상,5.0,2063,19980,일반,일반
크루거,"크루거 비타민C 500 발포비타민 레몬맛 20정 고함량 비타민C 발포정, 3개",피로회복,60대이상,5.0,236,9790,일반,일반
고려은단,"고려은단 식물성 퓨어 알티지 오메가3 기억력+, 60정, 1개",혈관케어,20대,5.0,27356,16400,일반,일반
GNM자연의품격,"GNM자연의품격 유기농 양배추 브로콜리 진액, 90ml, 30개",종합케어,60대이상,4.5,50987,18510,일반,일반
나우푸드,"나우푸드 마그네슘 글리시네이트 바이오페린 베지 캡슐, 1개, 60정",종합케어,40대,5.0,605,15090,일반,일반
아임비타,"아임비타 종근당건강 멀티비타민 이뮨샷 7 164.36g, 7회분, 2개",피로회복,60대이상,5.0,9197,26800,일반,일반
로지나,"로지나 프리미엄 오한진의 백세 알부민 30p, 990g, 1개",종합케어,20대,4.5,2899,31400,일반,일반
99바이탈,"99바이탈 활력 비타민B 컴플렉스, 1개, 360정",피로회복,30대,5.0,3568,9900,일반,일반
세노비스,"세노비스 키즈 츄어블 오메가3, 150정, 1개",혈관케어,30대,4.5,12080,27320,일반,일반
닥터유,"닥터유 단백질바 미니 44p, 594g, 1개",종합케어,40대,5.0,50840,14690,일반,일반
동화약품,"동화약품 부채표 까스활 소화제, 75ml, 10개",종합케어,60대이상,5.0,9849,8400,일반,일반
나우푸드,"나우푸드 실리마린 밀크 시슬 추출물 300mg 베지 캡슐, 100정, 1개",종합케어,60대이상,5.0,18136,20210,일반,일반
하이뮨,"하이뮨 프로틴 밸런스, 304g, 2개",종합케어,50대,5.0,52509,33100,일반,일반
네츄럴올가,"네츄럴올가 유기농 하스카프베리 동결건조 분말 스틱, 1개, 14g",종합케어,20대,5.0,288,10900,일반,일반
뉴트리디데이,"뉴트리디데이 엘비타 리얼 NFC 100% 유기농 레몬즙, 500ml, 1개",종합케어,20대,5.0,138,5000,일반,일반
369마켓,"369마켓 일회용 PE 긴뚜껑 20cc 약병, 100개",종합케어,20대,4.5,18181,6300,일반,일반
한국야쿠르트,"한국야쿠르트 갓비움 애플민트 230ml, 8개",종합케어,40대,5.0,3537,10840,일반,일반
99바이탈,"99바이탈 뼈튼튼 칼슘 마그네슘 비타민D 아연, 1개, 300정",피로회복,30대,5.0,2728,9900,일반,일반
나우푸드,"나우푸드 L-테아닌 200mg 베지 캡슐, 120정, 1개",종합케어,40대,5.0,3950,28850,일반,일반
맑은습관,"맑은습관 L-라이신 베타글루칸 엘리신 아연, 1개, 120정",종합케어,60대이상,5.0,1275,10900,일반,일반
뉴욕웨이,"뉴욕웨이 올에이지 WPI 함유 미숫가루맛 단백질보충제 단백질쉐이크 산양유 프로틴, 1개, 2kg",종합케어,50대,4.5,4832,36900,일반,일반
[4개월분],"[4개월분] 강황 수용성 커큐민 식약청 HACCP 인증 (대용량), 1개, 120정",종합케어,60대이상,5.0,2532,16800,일반,일반
나우푸드,"나우푸드 마그네슘 시트레이트 베지 캡슐, 120정, 1개",종합케어,40대,5.0,5565,16630,일반,일반
99바이탈,"99바이탈 비타민D3 5000IU, 1개, 300정",피로회복,40대,5.0,2739,9900,일반,일반
마데카솔,"마데카솔 연고, 2개, 8g",종합케어,40대,5.0,33841,9290,일반,일반
멘소래담,"멘소래담 쿨 스프레이 175ml, 1개입, 2개",종합케어,60대이상,5.0,20303,6170,일반,일반
99바이탈,"99바이탈 맥주효모 비오틴 10000, 1개, 300정",종합케어,50대,5.0,3045,9900,일반,일반
플라이밀,"플라이밀 리얼초코 고단백 단백질 쉐이크, 630g, 1개",종합케어,50대,5.0,397,28000,일반,일반
나우푸드,"나우푸드 울트라 오메가 3 500 EPA 250 DHA 소프트젤, 180정, 1개",혈관케어,60대이상,5.0,34523,40180,일반,일반
함소아,"함소아 비타민D 1000IU 60p, 60정, 1개",피로회복,20대,5.0,25876,11900,일반,일반
해태htb,"해태htb 영진 구론산 탄산 스파클링 오리지날, 150ml, 10개",종합케어,40대,5.0,12637,7030,일반,일반
잠백이,"잠백이 저스트 크레아틴, 300g, 1개",종합케어,60대이상,5.0,2052,13900,일반,일반
헬로바이오,"헬로바이오 맥스 비타민C 3000 90p, 270g, 1개",피로회복,50대,5.0,4689,10700,일반,일반
액티브핏,"액티브핏 스포츠 포도당 캔디 3가지맛 100p, 100정, 1개",종합케어,40대,5.0,5308,9980,일반,일반
락토핏,"락토핏 생유산균 키즈, 60회분, 120g, 1개",장건강,60대이상,5.0,69588,12780,일반,일반
[정품],"[정품] 블랙마카 아르기닌 풀파워 365, 1개, 120정",종합케어,30대,5.0,2561,9900,일반,일반
그레인온,"그레인온 골드 카무트 브랜드밀 효소, 90g, 4개",종합케어,20대,4.5,54474,52060,일반,일반
나우푸드,"나우푸드 케르세틴 브로멜라인 베지 캡슐, 120정, 1개",종합케어,20대,5.0,6025,29320,일반,일반
케어란스,"케어란스 포근한 밤 굿나잇 식물성 멜라토닌 5mg 함유, 1개, 30정",종합케어,20대,4.5,2089,7800,일반,일반
솔티스,"솔티스 눈프로텍션 프로 S3, 20정, 3개",눈건강,20대,4.5,20470,35600,일반,일반
고려은단,"고려은단 멀티비타민 올인원 우먼, 60정, 1개",피로회복,30대,5.0,1432,21950,일반,일반
고려은단,"고려은단 속편한 비타민C 1000 중성비타민C, 120정, 1개",피로회복,40대,5.0,5455,17950,일반,일반
뉴트리케이,"뉴트리케이 파라다이스 그레인 버닝컷 6파라돌, 1박스, 60정",종합케어,50대,5.0,2296,24940,일반,일반
[공식],"[공식] 숙취해소제 알디콤Plus 액상 스틱형 5포입, 105ml, 1개",종합케어,60대이상,5.0,863,12770,일반,일반
고려인삼,"고려인삼 사양벌꿀, 750g, 1개",종합케어,50대,5.0,12571,8150,일반,일반
나우푸드,"나우푸드 데일리 비츠 멀티비타민 & 미네랄 타블렛, 250정, 1개",피로회복,30대,5.0,13771,33890,일반,일반
뉴트리코어,"뉴트리코어 하이퍼셀 코엔자임Q10 하이퍼코엔자임 코앤자임 2개, 30정",종합케어,30대,4.5,736,34000,일반,일반
고려은단,"고려은단 코엔자임Q10, 90정, 2개",종합케어,50대,5.0,2456,33900,일반,일반
닥터스베스트,"닥터스베스트 MSM 1500mg 타블렛, 120정, 3개",종합케어,60대이상,5.0,26928,37020,일반,일반
SP스포츠,"SP스포츠 ISP 분리대두단백질 흑임자맛, 1.2kg, 1개",종합케어,30대,5.0,103,19500,일반,일반
[비에날씬],"[비에날씬] BNR17 다이어트 유산균 비에날씬 프로, 30회분, 1개",체지방감소·다이어트,40대,4.5,5048,45900,일반,일반
고려은단,"고려은단 메가도스C 비타민C 1000mg 180포, 180g, 1개",피로회복,30대,5.0,323,21900,일반,일반
[아르기닌,"[아르기닌 + 타우린 급속충전!] 대웅제약 에너씨슬 집중샷 샤인머스캣맛, 2개, 10회분",종합케어,30대,5.0,653,37500,일반,일반
아이원,"아이원 루테인지아잔틴 미니, 60정, 1개",눈건강,50대,5.0,45752,16000,일반,일반
아이클리어,"아이클리어 루테인지아잔틴, 30정, 1개",눈건강,30대,5.0,179264,8190,일반,일반
팔도,"팔도 쿠퍼스 헛개차, 500ml, 20개",종합케어,60대이상,5.0,32660,14360,일반,일반
EVLUTIONNUTRITION,"EVLUTIONNUTRITION 크레아틴 5000mg 언플레이버드, 300g, 1개",종합케어,60대이상,5.0,2092,20350,일반,일반
올리트루,"올리트루 프리미엄 류신 단백질 맥스, 1개, 120정",종합케어,30대,5.0,2039,10900,일반,일반
"미에로화이바,","미에로화이바, 100ml, 20개",종합케어,40대,5.0,32877,10900,일반,일반
그레인온,"그레인온 골드 카무트 브랜드밀 효소, 90g, 6개",종합케어,50대,4.5,54474,77420,일반,일반
프로틴스토리,"프로틴스토리 맛있는 단백질 퓨어프로틴7, 3kg, 퓨어프로틴7 맛있는 유청 단백질보충제 3kg 쿠키맛, 1개",종합케어,20대,4.5,2278,45500,일반,일반
비피젠,"비피젠 퓨어 비피더스 골드 프로바이오틱스 특허균 50억 보장, 1개, 30정",종합케어,40대,4.5,1309,37350,일반,일반
비타500,"비타500 칼슘 음료, 100ml, 20개",종합케어,60대이상,5.0,86106,11850,일반,일반
니프젠,"니프젠 스파이크 프리미엄 600mg, 30정, 2개",종합케어,50대,4.5,11103,60800,일반,일반
고려은단,"고려은단 식물성 퓨어 알티지 오메가3 기억력+, 60정, 2개",혈관케어,60대이상,5.0,27356,31400,일반,일반
재로우,"재로우 사카로미세스 보울라디 + MOS 유산균 베지 캡, 180정, 1개",장건강,50대,5.0,7516,36450,일반,일반
닥터린,"닥터린 정품 초임계 알티지 오메가3 알파, 30정, 1개",혈관케어,60대이상,5.0,40288,9400,일반,일반
동결건조,"동결건조 하스카프베리분말 폴란드산 c3g, 30g, 1개",종합케어,40대,4.5,151,10700,일반,일반
제로삼육오,"제로삼육오 모기가 물었을 때 밤, 1개",종합케어,40대,4.5,1068,6750,일반,일반
김오곤원장의,"김오곤원장의 한방(OnePunch) 다이어트 환 28포_체지방 감소 차전자피 가르시니아 식이섬유, 2박스, 140g",체지방감소·다이어트,20대,4.0,2120,38900,일반,일반
지비엠에스,"지비엠에스 제주산 당찬여주 발효효소 30p, 60g, 1개",종합케어,30대,4.5,251,23710,일반,일반
나우푸드,"나우푸드 CoQ10 100mg 소프트젤, 150개, 1개",종합케어,40대,5.0,3128,37760,일반,일반
하루활력,"하루활력 배도라지청, 10ml, 30개입",종합케어,30대,4.5,28006,7490,일반,일반
푸드올로지,"푸드올로지 마인드풀 지중해 레몬그린티, 15회분, 1개",종합케어,40대,5.0,1344,25800,일반,일반
99바이탈,"99바이탈 편안한 눈 루테인 미니, 1개, 150정",눈건강,30대,5.0,3403,9900,일반,일반
비타500,"비타500 프레쉬, 100ml, 20개",종합케어,30대,5.0,27047,11680,일반,일반
포스트,"포스트 단백질바 미니 21p, 231g, 2개",종합케어,50대,5.0,3838,8100,일반,일반
500억,"500억 유산균 CJ 바이오코어 건강한 생유산균 고함량 특허유산균, 1개, 60정",장건강,20대,5.0,8113,30900,일반,일반
해태제과,"해태제과 칼로리 바란스 치즈 7p, 266g, 2개",종합케어,30대,5.0,28474,8710,일반,일반
고려은단,"고려은단 식물성 퓨어 알티지 오메가3 기억력+, 60정, 3개",혈관케어,30대,5.0,27356,45240,일반,일반
하이뮨,"하이뮨 프로틴 밸런스, 304g, 3개",종합케어,50대,5.0,52509,49550,일반,일반
락토핏,"락토핏 종근당건강 생유산균 코어맥스, 120g, 1개",장건강,50대,5.0,5809,11760,일반,일반
락토핏,"락토핏 다이어트 유산균 60p, 120g, 1개",체지방감소·다이어트,60대이상,5.0,14779,15300,일반,일반
유한메디카,"유한메디카 마그네슘 엔 탑 400 맥스 108g, 90정, 1개",종합케어,50대,5.0,1625,11310,일반,일반
종근당건강,"종근당건강 정품 비타민D 2000IU, 90정, 1개",피로회복,60대이상,5.0,856,10840,일반,일반
한미양행,"한미양행 낙산균을 채우다 15g, 30정, 1개",종합케어,60대이상,4.5,6120,6900,일반,일반
본사직영,"본사직영 여에스더 리포좀 비타민C 플러스 국민영양 프로젝트, 30정, 4개",피로회복,50대,4.5,2788,35600,일반,일반
블랙커민,"블랙커민 씨드오일, 1개, 30정",종합케어,50대,4.5,279,48900,일반,일반
일양약품,"일양약품 마그네슘 스피드액 14p, 280g, 1개",종합케어,50대,5.0,3497,11500,일반,일반
비에날씬,"비에날씬 BNR17 비엔날씬 유산균 BMR17 김희선 다이어트 유산균 60캡슐 1개, 60정",체지방감소·다이어트,40대,4.5,27469,46890,일반,일반
토레타,"토레타 이온음료, 240ml, 30개",종합케어,30대,5.0,18054,14460,일반,일반
나우푸드,"나우푸드 맥시멈 스트렝스 밀크 씨슬 추출물 750mg 실리마린 600mg 베지 캡슐, 1개, 90정",종합케어,40대,5.0,671,28750,일반,일반
그레인온,"그레인온 골드 파로효소 캡슐레이션, 30회분, 2개",종합케어,20대,4.5,2272,36950,일반,일반
그레인온,"그레인온 골드 카무트 브랜드밀 효소, 90g, 3개",종합케어,60대이상,4.5,54474,40180,일반,일반
정원담,"정원담 프리미엄 자연 야생화 순수 벌꿀, 1개, 500g",종합케어,40대,4.5,7076,10770,일반,일반
박카스,"박카스 에프액, 120ml, 20개",종합케어,30대,5.0,109002,15250,일반,일반
밸러니티,"밸러니티 5mg 식물성 멜라토닌 테아닌 트립토판 15g, 1개, 30정",종합케어,20대,4.5,10738,13940,일반,일반
뉴트리디데이,"뉴트리디데이 프리미엄 비타민B 컴플렉스 골드, 90정, 1개",피로회복,20대,5.0,20426,10900,일반,일반
나우푸드,"나우푸드 L-리신 1000mg 타블렛, 250정, 1개",종합케어,30대,5.0,2317,30220,일반,일반
뉴트리가든,"뉴트리가든 비타민D3 5000IU, 180정, 1개",피로회복,40대,5.0,41319,12500,일반,일반
이알하나,"이알하나 ERr731 중년 여성 영양제, 1개, 28정",종합케어,60대이상,4.5,5209,26500,일반,일반
이알하나,"이알하나 ERr731 중년 여성 영양제, 2개, 28정",종합케어,50대,4.5,5209,53000,일반,일반
지엘핀정,"지엘핀정 프리미엄 솔루션, 1박스, 30정",종합케어,20대,4.0,274,37500,일반,일반
고려은단,"고려은단 메가도스B 비타민B군, 60정, 3개",피로회복,60대이상,5.0,9004,48500,일반,일반
샐러드팁,"샐러드팁 식이섬유 41g, 1개, 120정",체지방감소·다이어트,30대,5.0,1668,9900,일반,일반
클룹,"클룹 푸룬주스 화이바 제로, 6개, 180ml",종합케어,50대,4.5,4594,8780,일반,일반
광동진한헛개차,"광동진한헛개차 남, 180ml, 30개",종합케어,20대,5.0,15342,9500,일반,일반
오로나민씨,"오로나민씨 탄산 드링크, 120ml, 20개",종합케어,40대,5.0,43788,13510,일반,일반
고려은단,"고려은단 루테인 지아잔틴 아스타잔틴, 60정, 3개",눈건강,30대,5.0,22632,62700,일반,일반
무안,"무안 빨간양파즙 110ml 120팩 뿌리부터 껍질까지 달임, 120개",종합케어,20대,4.5,2202,29900,일반,일반
리얼케어,"리얼케어 칼륨 포타슘 수분 전해질 밸런스엔 1500 144g, 1개, 120정",종합케어,50대,5.0,1543,9900,일반,일반
홀베리,"홀베리 유기농 레몬즙, 350g, 1개",종합케어,50대,4.5,20699,10900,일반,일반
코앤텍,"코앤텍 동국제약 플레이 8g, 1개",종합케어,40대,5.0,423,9900,일반,일반
뉴트리디데이,"뉴트리디데이 프리미엄 밀크씨슬 골드, 90정, 45g, 1개",종합케어,50대,5.0,41023,12900,일반,일반
재로우,"재로우 우먼스 펨 도피러스 유산균 캡슐, 60정, 2개",장건강,30대,5.0,10694,57910,일반,일반
재로우,"재로우 펨 도필러스 유산균 서플먼트 10억 CFU 베지 캡슐, 60정, 2개",장건강,60대이상,5.0,82517,58260,일반,일반
지리산벌꿀,"지리산벌꿀 100% 자연산 아카시아꿀, 1개, 2.4kg",종합케어,40대,5.0,165,36800,일반,일반
푸드올로지,"푸드올로지 정품 마인드풀 지중해 올리브오일 캡슐, 30회분, 1개",종합케어,60대이상,5.0,6175,28800,일반,일반
메디비,"메디비 메디 케어 플러스, 1개, 25ml",종합케어,60대이상,4.5,3367,10290,일반,일반
국산,"국산 해남 해풍 쑥가루 100% 쑥 분말 라떼 파우더, 1개, 150g",종합케어,40대,5.0,164,11400,일반,일반
네추럴라이즈,"네추럴라이즈 멀티비타민 꾸미, 60정, 1개",피로회복,50대,5.0,15106,12900,일반,일반
쏜,"쏜 리서치 마그네슘 글리시네이트 캡슐, 1개, 90정",종합케어,40대,5.0,365,28500,일반,일반
쏜리서치,"쏜리서치 베이직 B 컴플렉스 캡슐, 60정, 2개",종합케어,60대이상,5.0,16732,57120,일반,일반
테일러,"테일러 푸룬 딥워터, 180ml, 4개",종합케어,50대,5.0,5423,16200,일반,일반
일양약품,"일양약품 혈당건강 바나바리프 영양제, 60정, 1개",종합케어,60대이상,4.5,10185,12120,일반,일반
이너랩,"이너랩 화이트 저분자 콜라겐 글루타치온, 60g, 1개",종합케어,60대이상,5.0,8577,12450,일반,일반
뉴트리정,"뉴트리정 식물성 멜라토닌 2mg 함유, 1개, 60정",종합케어,50대,5.0,4139,9900,일반,일반
함소아,"함소아 프로폴리스, 30ml, 1개",종합케어,40대,4.5,25145,7500,일반,일반
이알하나,"이알하나 ERr731 중년 여성 영양제, 3개, 28정",종합케어,60대이상,4.5,5209,81810,일반,일반
고려은단,"고려은단 비타민C 1000 + 쇼핑백, 180정, 4개",피로회복,50대,5.0,286054,50480,일반,일반
나우푸드,"나우푸드 프로바이오틱-10 유산균 250억 베지 캡슐, 100정, 2개",장건강,40대,5.0,20349,65380,일반,일반
브래그,"브래그 애플사이다비네거 음용식초, 1개, 946ml",종합케어,40대,4.5,52502,13800,일반,일반
뉴트리라이트,"뉴트리라이트 더블엑스 리필 종합 비타민 무기질, 372정, 1개",피로회복,60대이상,5.0,6688,75820,일반,일반
브래그,"브래그 유기농 사과 식초, 1개, 473ml",종합케어,50대,4.5,52502,8830,일반,일반
박카스,"박카스 에프액, 120ml, 30개",종합케어,40대,5.0,109002,22250,일반,일반
WHOLELIFE,"WHOLELIFE 유기농 레몬즙 14p, 280g, 3개",종합케어,60대이상,4.5,19060,14200,일반,일반
루솔,"루솔 진한 배도라지즙, 100ml, 20개",종합케어,50대,5.0,6374,16400,일반,일반
례답,"례답 국산 사양 꿀스틱 30p 300g, 30개, 1회분",종합케어,50대,5.0,1583,7980,일반,일반
솔티스,"솔티스 간 프로텍션 쉬잔세틴, 3박스, 20정",종합케어,60대이상,4.5,2295,48160,일반,일반
푸드올로지,"푸드올로지 콜레올로지 컷 프로 36g, 60정, 1개",종합케어,20대,4.5,43873,27300,일반,일반
PH365,"PH365 피에이치365 프로바이오틱스 베이비 아기유산균, 1개, 90g",장건강,50대,5.0,3252,39000,일반,일반
[아르기닌,"[아르기닌 + 타우린 급속충전!] 대웅제약 에너씨슬 집중샷 샤인머스캣맛, 3개, 10회분",종합케어,50대,5.0,653,54900,일반,일반
데이즈온,"데이즈온 원데이 알파시클로덱스트린 14p, 42g, 3개",종합케어,40대,4.5,13067,17760,일반,일반
에스더포뮬러,"에스더포뮬러 여에스더 리포좀 글루타치온 다이렉트 울트라 9X, 3개, 30회분",종합케어,20대,5.0,5176,71300,일반,일반
솔가,"솔가 철분 25, 90정, 1개",종합케어,20대,5.0,23894,23470,일반,일반
그린몬스터,"그린몬스터 맥스 밀크씨슬 10 3개월분, 90정, 1개",종합케어,50대,5.0,2913,6900,일반,일반
다이마타이즈,"다이마타이즈 엘리트 웨이 프로틴 파우더 단백질 보충제 리치 초콜릿, 1개, 2.3kg",종합케어,60대이상,5.0,687,92140,일반,일반
일양약품,"일양약품 일양 식염포도당, 1개, 30정",종합케어,30대,5.0,2766,4090,일반,일반
차일드라이프,"차일드라이프 액상 칼슘 마그네슘 오렌지맛, 473ml, 1개",종합케어,30대,5.0,20360,26560,일반,일반
아임비타,"아임비타 멀티비타민 데일리, 60정, 1개",피로회복,20대,5.0,11445,9200,일반,일반
플라이밀,"플라이밀 브라운 17곡미숫가루 고단백 단백질 쉐이크, 630g, 1개",종합케어,60대이상,5.0,6112,28900,일반,일반
뉴트리디데이,"뉴트리디데이 프리미엄 오메가3 골드 1100, 90정, 2개",혈관케어,30대,5.0,65623,39900,일반,일반
비타500,"비타500 캔, 240ml, 24개",종합케어,60대이상,5.0,23678,15460,일반,일반
차일드라이프,"차일드라이프 비타민 D3 베리맛, 30ml, 1개",피로회복,40대,5.0,5601,14400,일반,일반
고려은단,"고려은단 식물성 퓨어 알티지 오메가3 이지, 60정, 6개",혈관케어,20대,5.0,9415,65900,일반,일반
삼대오백,"삼대오백 크레아틴 모노 하이드레이트, 300g, 1개",종합케어,30대,5.0,3902,17900,일반,일반
고려은단,"고려은단 루테인 지아잔틴 아스타잔틴, 60정, 2개",눈건강,20대,5.0,22632,44190,일반,일반
꼬박꼬밥,"꼬박꼬밥 고단저당 단백질 쉐이크 초코맛 7p, 280g, 1개",종합케어,20대,5.0,1710,19200,일반,일반
컨디션,"컨디션 스틱 그린애플, 18g, 10개",종합케어,60대이상,5.0,9519,10800,일반,일반
속편한,"속편한 고려은단 비타민C 1000 중성비타민C, 120정, 2개",피로회복,60대이상,5.0,5455,33200,일반,일반
헬스헬퍼,"헬스헬퍼 맥스컷 프로 영양제 27g, 60정, 1개",종합케어,40대,4.5,6905,18800,일반,일반
하이뮨,"하이뮨 프로틴 밸런스 드링크믹스 RTD, 190ml, 24개",종합케어,50대,5.0,71408,25400,일반,일반
비타500,"비타500 잔망루피 콜라겐, 100ml, 20개",종합케어,40대,5.0,7284,12900,일반,일반
로엘,"로엘 히알루론산 콜라겐정, 60정, 1개",종합케어,60대이상,4.5,21134,11900,일반,일반
더다마,"더다마 PE 말랑이 약병 12CC, 200개",종합케어,50대,4.5,11783,10500,일반,일반
푸드올로지,"푸드올로지 헤이 그로우 곡물맛 저당 단백질 쉐이크 7p, 1개, 7회분, 280g",종합케어,20대,5.0,1001,29800,일반,일반
뉴트리올데이,"뉴트리올데이 올데이굿나잇 식물성 멜라토닌 5mg 함유 18g, 1개, 30정",종합케어,50대,5.0,1397,8900,일반,일반
올바른건강식품,"올바른건강식품 프리미엄 철분제, 90정, 1개",종합케어,40대,5.0,3934,7580,일반,일반
비타500,"비타500 칼슘 음료, 100ml, 20개",종합케어,20대,5.0,9266,11850,일반,일반
뉴트리디데이,"뉴트리디데이 프리미엄 오메가3 골드 1100, 90정, 1개",혈관케어,40대,5.0,65623,20900,일반,일반
종근당,"종근당 마그네슘 플러스, 90정, 1개",종합케어,20대,4.5,4605,13010,일반,일반
락피도,"락피도 정품 철분 액상 30포, 240ml, 1개",종합케어,30대,5.0,8433,17900,일반,일반
해태htb,"해태htb 구론산 탄산스파클링, 150ml, 30개",종합케어,30대,5.0,12637,18260,일반,일반
유한메디카,"유한메디카 당케어 엔 탑 혈당 유산균 10.5g, 30정, 3개",장건강,60대이상,4.5,1660,19390,일반,일반
베스트오브그린,"베스트오브그린 고함량 맥스 비타민C 3000, 270g, 1개",피로회복,30대,5.0,4716,9500,일반,일반
세노비스,"세노비스 키즈 프로폴리스 스프레이, 25ml, 1개",종합케어,50대,5.0,11532,10890,일반,일반
태양의식후비법W차,"태양의식후비법W차 무라벨, 500ml, 24개",종합케어,30대,5.0,5738,17610,일반,일반
PRONUTRITION,"PRONUTRITION 정품 듀얼플랜 다이어트 유산균 14p, 35g, 1개",체지방감소·다이어트,60대이상,4.5,2125,35300,일반,일반
고려은단,"고려은단 비타민C 1000 + 쇼핑백, 180정, 1개",피로회복,60대이상,5.0,16277,17150,일반,일반
비피아이스포츠,"비피아이스포츠 아이소 HD 퓨어 아이솔레이트 프로틴 초콜릿 브라우니, 2.208kg, 1개",종합케어,20대,4.5,3659,90620,일반,일반
옵티멈뉴트리션,"옵티멈뉴트리션 마이크로나이즈드 크레아틴 파우더, 1.2kg, 1개",종합케어,40대,4.5,1301,62070,일반,일반
대웅생명과학,"대웅생명과학 혈행엔 징코맥스 은행잎 추출물 혈행 기억력 개선에 도움을 줄수 있음, 120정, 1개",종합케어,20대,4.5,7775,27800,일반,일반
햇살듬뿍,"햇살듬뿍 사과즙, 100ml, 50개",종합케어,50대,4.5,14049,13900,일반,일반
익스트림,"익스트림 초임계 알티지 오메가3 플러스 31.2g, 30정, 1개",혈관케어,50대,5.0,3911,8200,일반,일반
대상웰라이프,"대상웰라이프 뉴케어 구수한맛, 200ml, 30개",종합케어,60대이상,5.0,1556,51940,일반,일반
고려은단,"고려은단 비타민C 골드 플러스, 240정, 2개",피로회복,40대,5.0,30419,66500,일반,일반
김희선유산균,"김희선유산균 BNR17 비에날씬 모유유산균 장건강 체지방감소 60캡슐, 3개, 60정",장건강,60대이상,4.5,27469,146500,일반,일반
닥터유,"닥터유 한입쏙 단백질바, 380g, 1개",종합케어,60대이상,5.0,6028,10500,일반,일반
종근당건강,"종근당건강 프로메가 알티지 오메가3 듀얼, 60정, 3개",혈관케어,40대,5.0,1935,25900,일반,일반
네추럴웨이,"네추럴웨이 뼈엔 엠비피 MBP 130mg x 30캡슐 / 3박스, 30정",종합케어,60대이상,5.0,33904,116000,일반,일반
뉴트립,"뉴트립 릴렉스 테아닌 800 mg, 1개, 30정",종합케어,60대이상,4.5,5439,7800,일반,일반
산내들농원,"산내들농원 사양벌꿀, 1kg, 1개",종합케어,50대,5.0,2083,10600,일반,일반
동국제약,"동국제약 바이트케어 50ml + 모스넷 60ml 세트, 1세트",종합케어,20대,4.5,2063,6400,일반,일반
허니,"허니 벌꿀 잡화청 대용량, 1개, 2.4kg",종합케어,30대,4.5,2432,8710,일반,일반
베스트오브그린,"베스트오브그린 10억 유산균이 들어간 곡물발효효소 90p, 90회분, 1박스",장건강,20대,5.0,7111,19900,일반,일반
꿀내음,"꿀내음 국내산 사양벌꿀, 1개, 1kg",종합케어,60대이상,4.5,357,7980,일반,일반
베스트오브그린,"베스트오브그린 고함량 비타민C 1000mg, 1박스, 300정",피로회복,60대이상,5.0,2426,14900,일반,일반
센트룸,"센트룸 맨 더블업 비타민 82.8g, 60정, 1개",피로회복,30대,5.0,14307,28000,일반,일반
뉴케어,"뉴케어 구수한맛 미니 완전균형영양식, 150ml, 24개",종합케어,30대,5.0,103877,32920,일반,일반
푸드올로지,"푸드올로지 톡스올로지 48시간 CCA 클렌즈주스, 1L, 1개",종합케어,50대,4.5,4081,22900,일반,일반
데일리초록,"데일리초록 유기농 동결건조 하스카프베리 분말 100%, 1개, 50g",종합케어,60대이상,4.5,418,19900,일반,일반
스페디콘정,"스페디콘정 스페디콘 건강식품 스페디콘복합물 91% 스페인 해썹 HACCP, 1개, 60정",종합케어,60대이상,4.5,371,64800,일반,일반
랩온랩,"랩온랩 맥주효모 비오틴 10000, 60정, 1개",종합케어,60대이상,4.5,28893,14280,일반,일반
셀렉스,"셀렉스 프로핏 스포츠 플러스 초콜릿 RTD, 330ml, 12개",종합케어,20대,5.0,12934,24900,일반,일반
아이클리어,"아이클리어 정품 루테인지아잔틴 아스타잔틴, 30정, 1개",눈건강,60대이상,5.0,13023,10570,일반,일반
곰곰,"곰곰 단백질바 미니 48개입, 480g, 1개",종합케어,20대,5.0,11120,12900,일반,일반
락토핏,"락토핏 정품 골드 80포, 160g, 3개",장건강,20대,5.0,258710,48500,일반,일반
락피도,"락피도 비타민D 드롭스 400IU, 10ml, 1개",피로회복,20대,5.0,9989,10360,일반,일반
헬시오리진스,"헬시오리진스 내추럴 프로바이오틱 유산균 300억 CFU 브이캡, 150정, 1개",장건강,30대,5.0,18973,49510,일반,일반
프롬바이오,"프롬바이오 정품 위건강엔 매스틱X2, 56g, 1개",종합케어,20대,4.5,8175,25900,일반,일반
국내산,"국내산 100% 순수 사양벌꿀, 2kg, 1개",종합케어,50대,5.0,725,14850,일반,일반
락토핏,"락토핏 슬림 유산균, 120g, 1개",장건강,40대,5.0,25041,17200,일반,일반
종근당건강,"종근당건강 헬씨칸 로얄 밀크시슬, 30정, 3개",종합케어,20대,5.0,34829,17700,일반,일반
비에날씬,"비에날씬 BNR17 다이어트 유산균 슬림플러스, 28g, 1개",체지방감소·다이어트,20대,4.5,4077,25900,일반,일반
닥터유,"닥터유 한입쏙 단백질바, 380g, 1개",종합케어,20대,5.0,50840,10500,일반,일반
롯데칠성음료,"롯데칠성음료 솔의눈, 240ml, 30개",눈건강,30대,5.0,17863,17020,일반,일반
종근당,"종근당 칼슘 앤 마그네슘 비타민D 아연, 180정, 2개",피로회복,50대,5.0,185282,27600,일반,일반
뉴케어,"뉴케어 올프로틴 고소한맛, 245ml, 24개",종합케어,30대,5.0,8364,41320,일반,일반
셀렉스,"셀렉스 프로틴 오리지널, 190ml, 24개",종합케어,30대,5.0,49006,25970,일반,일반
익스트림,"익스트림 듀얼 아르기닌 플러스 120g, 120정, 1개",종합케어,20대,5.0,16757,14500,일반,일반
박카스,"박카스 동아제약 에프 액, 120ml, 50개",종합케어,30대,5.0,109002,36250,일반,일반
덴마크,"덴마크 구강 유산균 lgg 유산균 프로바이오틱스 365 식약청 HACCP 뉴트라업, 2개, 120정",장건강,60대이상,5.0,1188,38780,일반,일반
일동생활건강,"일동생활건강 하이브리드 에너지 파워젤 청포도, 44g, 10개",종합케어,30대,5.0,5196,15000,일반,일반
푸드올로지,"푸드올로지 마인드풀 지중해 오일만 클렌즈, 10회분, 1개",종합케어,40대,4.5,3223,24800,일반,일반
헬로바이오,"헬로바이오 올리브오일 엑스트라버진 식물성 캡슐 30g, 30정, 6개",종합케어,50대,5.0,327,20600,일반,일반
일양약품,"일양약품 장건강 듀오 프로바이오틱스 골드, 50정, 1개",종합케어,60대이상,4.5,6890,10500,일반,일반
닥터린,"닥터린 초임계 알티지 오메가3 알파 30.21g, 30정, 3개",혈관케어,20대,5.0,40288,26900,일반,일반
뉴트리디데이,"뉴트리디데이 프리미엄 멀티비타민 골드, 90정, 1개",피로회복,40대,5.0,35091,11900,일반,일반
해태htb,"해태htb 구론산 스파클링 오리지날액 선물세트, 150ml, 20개",종합케어,50대,5.0,15601,13220,일반,일반
뉴트리디데이,"뉴트리디데이 프리미엄 루테인 골드 350mg, 90정, 1개",눈건강,50대,5.0,45573,10900,일반,일반
웰핏,"웰핏 콘드로이친 1200 MBP, 60정, 5개",종합케어,30대,4.5,19909,24900,일반,일반
웰핏,"웰핏 고단백 초유 산양유 콜라겐 단백질, 500g, 3개",종합케어,30대,4.5,11377,29900,일반,일반
99바이탈,"99바이탈 건강한 간 밀크씨슬, 1개, 150정",종합케어,30대,5.0,3254,9900,일반,일반
익스트림,"익스트림 듀얼 아르기닌 플러스 1000mg, 120정, 2개",종합케어,60대이상,5.0,16757,27500,일반,일반
헬스헬퍼,"헬스헬퍼 맥스컷 프로, 120정, 1개",종합케어,60대이상,4.5,6905,33400,일반,일반
랩노쉬,"랩노쉬 프로틴 드링크 퍼펙트 바나나, 12개, 350ml",종합케어,50대,5.0,571,24600,일반,일반
[행복한농장]로얄,"[행복한농장]로얄 에버허니 야생화꿀 450g, 1개",종합케어,40대,5.0,213,8990,일반,일반
레모나,"레모나 드링크, 100ml, 20개",종합케어,30대,4.5,1150,8080,일반,일반
아임비타,"아임비타 멀티비타민 아르기닌샷 14회분, 434g, 1개",피로회복,30대,5.0,1019,19900,일반,일반
99바이탈,"99바이탈 편안한 눈 루테인 미니, 2개, 150정",눈건강,20대,5.0,3403,14990,일반,일반
헬스헬퍼,"헬스헬퍼 맥스컷 다이어트 핏 3.1 레몬맛, 140g, 1개",체지방감소·다이어트,40대,5.0,3035,30160,일반,일반
[무가당,"[무가당 0g 설탕] 빼바 리얼초콜릿 프로틴바 다크, 360g, 1개",종합케어,50대,4.5,2346,19050,일반,일반
센트룸,"센트룸 실버 우먼 멀티비타민 76.7g, 50정, 1개",피로회복,40대,5.0,21485,22950,일반,일반
솔가,"솔가 엽산 800, 100정, 1개",종합케어,40대,5.0,15699,19900,일반,일반
동원,"동원 비타C 자몽에이드, 500ml, 6개",종합케어,50대,5.0,668,4980,일반,일반
구트할로,"구트할로 멀티비타민 오렌지맛, 20정, 3개",피로회복,50대,4.5,7891,9900,일반,일반
정원삼,"정원삼 6년근 고려홍삼정 365 스틱 선물세트 + 쇼핑백, 300g, 1개",종합케어,30대,5.0,76483,27800,일반,일반
소백산청정농원,"소백산청정농원 아카시아꿀 100% 자연산, 천연 아카시아, 2.4kg, 1개",종합케어,30대,5.0,2625,47800,일반,일반
광동제약,"광동제약 위생천 오리지널, 75ml, 20개",종합케어,50대,5.0,36053,11150,일반,일반
종근당,"종근당 비타민D 1000I.U, 90정, 1개",피로회복,40대,4.5,6002,8300,일반,일반
로니콜맨시그니처시리즈,"로니콜맨시그니처시리즈 King Whey Premium Protein Chocolate Brownie, 1개, 2.3kg",종합케어,20대,5.0,109,82200,일반,일반
레모나,"레모나 톡톡 비타민C 100포, 200g, 1개",피로회복,60대이상,5.0,4654,14900,일반,일반
비타민마을,"비타민마을 요모 톡타임 클렌즈 48시간 ABC주스, 1개, 1kg",피로회복,40대,5.0,289,12900,일반,일반
종근당,"종근당 정품 관절연골엔 뮤코다당단백 콘드로이친 1200 플러스, 60정, 2개",종합케어,30대,5.0,12545,30330,일반,일반
솔티스,"솔티스 타마플렉스 관절 & 연골 프로텍션 5days, 10정, 1개",종합케어,50대,4.5,1569,17830,일반,일반
유기농마루,"유기농마루 정품 맛있는 진짜 국내산 CCA 주스, 2L, 1박스",종합케어,20대,5.0,5721,24800,일반,일반
퍼니트,"퍼니트 유기농 올레샷 올리브오일 앤 레몬즙 14p, 280g, 1개",종합케어,40대,5.0,145,10800,일반,일반
엘레나,"엘레나 유렉스 프로바이오틱스 유산균, 90정, 1개",장건강,20대,5.0,18328,57670,일반,일반
비타할로,"비타할로 온가족 생 유산균, 300g, 1개",장건강,60대이상,5.0,49332,18990,일반,일반
닥터라인,"닥터라인 헤모키즈 맛있는 딸기맛 유아철분제, 120ml, 1개",종합케어,60대이상,5.0,13967,28450,일반,일반
풀무원,"풀무원 리셋클렌즈 48시간 ABC 주스, 1개, 960ml",종합케어,50대,5.0,371,19900,일반,일반
뉴트리케이,"뉴트리케이 두뇌엔 포커스 PS 80 포스파티딜세린 식약청인증 순도 80% 이상, 2박스, 30g",종합케어,40대,5.0,6366,38000,일반,일반
뉴케어,"뉴케어 정품 구수한맛 순, 200ml, 24개",종합케어,40대,5.0,40198,44520,일반,일반
솔가,"솔가 면역 비타민 D3 2000 위드 아연, 60정, 1개",피로회복,40대,5.0,1034,22600,일반,일반
하이뮨,"하이뮨 프로틴 밸런스 저당 음료, 190ml, 24개",종합케어,60대이상,5.0,10663,30110,일반,일반
익스트림,"익스트림 멀티비타민 미네랄 42g, 60정, 1개",피로회복,20대,5.0,8521,14900,일반,일반
종근당건강,"종근당건강 정품 비타민D 2000IU, 90정, 3개",피로회복,30대,5.0,47824,30330,일반,일반
동화약품,"동화약품 블러드 써큐 올인원 맥스 혈압 혈당 혈행 콜레스테롤 케어 관리 조절, 60정, 1개",종합케어,30대,5.0,6846,19500,일반,일반
비타500,"비타500 제로 스파클링, 250ml, 24개",종합케어,20대,5.0,8956,15050,일반,일반
유한메디카,"유한메디카 두뇌 엔 탑 PS 포스파티딜세린 인지력 케어, 60정, 1개",종합케어,30대,4.5,220,17860,일반,일반
나우그린,"나우그린 정품 프리미엄 비피더스 100, 30정, 1개",종합케어,40대,5.0,4673,19900,일반,일반
정직한하루,"정직한하루 100% 착즙 유기농 레몬즙, 20g, 100개",종합케어,40대,5.0,411,21900,일반,일반
바이오가이아,"바이오가이아 프로텍티스 이지드롭 프로바이오틱스 + 비타민 D 영양제, 10ml, 1개",피로회복,50대,5.0,7466,53900,일반,일반
락토핏,"락토핏 당케어 유산균, 120g, 1개",장건강,40대,5.0,21404,13180,일반,일반
마미앤대디,"마미앤대디 비건 식물성 비타민D 2000IU 9g, 1개, 60정",피로회복,30대,5.0,1183,19900,일반,일반
락토핏,"락토핏 정품 골드 80포, 160g, 1개",장건강,30대,5.0,1420,18500,일반,일반
덴프스,"덴프스 정품 덴마크 유산균이야기 프로, 60정, 1개",장건강,60대이상,5.0,10126,29000,일반,일반
닥터파이토,"닥터파이토 덴티백+ 구강유산균 BLIS M18 30g, 30정, 1개",장건강,40대,4.5,171,22000,일반,일반
뉴트리케이,"뉴트리케이 식물성 멜라토닌 식약청 인증 HACCP 1정당 2mg, 1개, 60정",종합케어,40대,5.0,15584,19000,일반,일반
메가도스,"메가도스 비타민C 3000mg, 180g, 3개",피로회복,20대,5.0,64205,44620,일반,일반
해태htb,"해태htb 영진 구론산 탄산 스파클링 오리지날, 150ml, 20개",종합케어,30대,5.0,12637,13480,일반,일반
뉴트리정,"뉴트리정 알파CD 리얼핏 레몬컷 40포 고함량 대용량 알파씨디, 1박스, 160g",종합케어,40대,5.0,2419,16900,일반,일반
"태양의식후비법W차,","태양의식후비법W차, 500ml, 24개",종합케어,60대이상,5.0,16894,17300,일반,일반
테이크핏,"테이크핏 맥스 초코맛 프로틴, 250ml, 24개",종합케어,20대,5.0,4992,31770,일반,일반
메디터치,"메디터치 2 2mm, 3개입, 2개",종합케어,50대,5.0,482,10620,일반,일반
고려은단,"고려은단 비타민C 1000 + 쇼핑백, 180정, 2개",피로회복,60대이상,5.0,286054,33000,일반,일반
얼라이브,"얼라이브 원스데일리 포 우먼 멀티비타민, 30정, 1개",피로회복,20대,5.0,42923,12900,일반,일반
대상웰라이프,"대상웰라이프 정품 면역엔 클로렐라 30p, 81g, 1개",종합케어,20대,5.0,2623,19170,일반,일반
플라이밀,"플라이밀 단백질 쉐이크 초코, 45g, 7개",종합케어,20대,5.0,1493,23100,일반,일반
[본사],"[본사] 뼈엔 엠비피MBP (5개월분), 30정, 5개",종합케어,50대,5.0,33904,192690,일반,일반
테라퓨젠,"테라퓨젠 헬리코컷 부스터, 75g, 1박스",종합케어,30대,4.5,4652,30400,일반,일반
피트라인,"피트라인 리스토레이트, 201g, 1개",종합케어,20대,4.5,9332,11500,일반,일반
8APM,"8APM 딥 나잇 멜라시럽 (12ml x 20포), 1개, 240ml",종합케어,30대,4.5,2399,29800,일반,일반
뉴트리디데이,"뉴트리디데이 L 아르기닌, 120정, 1개",종합케어,60대이상,5.0,22345,12900,일반,일반
셀렉스,"셀렉스 프로핏 스포츠 초콜릿, 330ml, 24개",종합케어,40대,5.0,12934,48900,일반,일반
얼라이브,"얼라이브 원스데일리 포 맨 멀티비타민, 80정, 1개",피로회복,50대,5.0,60965,29860,일반,일반
락토핏,"락토핏 생유산균 코어맥스 60p, 120g, 3개",장건강,60대이상,5.0,5809,32190,일반,일반
박카스,"박카스 에프 액, 120ml, 100개",종합케어,20대,5.0,109002,70900,일반,일반
올리브오일,"올리브오일 캡슐 3 록담 지중해 올리브 90캡슐 하트픽, 1개, 30회분",종합케어,60대이상,5.0,2226,26900,일반,일반
락토핏,"락토핏 정품 코어 유산균 60p, 2g, 180개",장건강,30대,5.0,81477,33460,일반,일반
종근당건강,"종근당건강 알티지 오메가3 듀얼, 60정, 3개",혈관케어,60대이상,5.0,124772,25900,일반,일반
대웅생명과학,"대웅생명과학 헬리코박터 증식억제 위건강 앤 장건강 유산균 스페인감초추출물 위점막 보호, 1개, 30정",장건강,60대이상,4.5,3051,18600,일반,일반
뉴케어,"뉴케어 완전 균형영양식 검은깨맛, 200ml, 24개",종합케어,20대,5.0,43562,43900,일반,일반
락토핏,"락토핏 생유산균 베베 60포, 120g, 1개",장건강,30대,5.0,36788,14780,일반,일반
뉴트리정,"뉴트리정 가득채운 비오틴 검정콩 맥주효모 52200 대용량, 1개, 180정",종합케어,50대,5.0,3192,19900,일반,일반
프레벨롱,"프레벨롱 진한 배도라지즙, 80ml, 10개",종합케어,30대,5.0,3687,12900,일반,일반
테이크핏,"테이크핏 맥스 고소한맛 프로틴, 250ml, 24개",종합케어,60대이상,5.0,6789,32350,일반,일반
헬로바이오,"헬로바이오 유기농 착즙 NFC 100퍼센트 레몬즙, 280g, 3개",종합케어,60대이상,5.0,5413,12530,일반,일반
아텍스,"아텍스 핑크퐁 맛있는 비타C 1.1kg, 1000정, 1개",종합케어,20대,5.0,659,15900,일반,일반
에브리타임,"에브리타임 소프트 10ml X 30포 + 쇼핑백, 300ml, 1개",종합케어,20대,4.5,10212,64500,일반,일반
비타500,"비타500 칼슘 음료, 100ml, 40개",종합케어,60대이상,5.0,86106,21850,일반,일반
셀렉스,"셀렉스 프로핏 (모카초콜릿 3팩+밀크바닐라 3팩+바나나 3팩+딸기초코3팩), 12개, 250ml",종합케어,30대,4.5,236,24200,일반,일반
웨이크앤밸런스,"웨이크앤밸런스 엑스트라버진 올리브오일 캡슐 스페인 올리브 캡슐, 1개, 60캡슐",종합케어,20대,5.0,324,7500,일반,일반
퍼니트,"퍼니트 리얼 파인애플 효소 30p, 90g, 1개",종합케어,30대,4.5,12583,10900,일반,일반
테이크핏,"테이크핏 맥스 바나나맛 프로틴, 250ml, 24개",종합케어,50대,4.5,2999,30530,일반,일반
푸릇담,"푸릇담 젊은농부 양배추즙, 3L, 1개",종합케어,60대이상,5.0,41477,13500,일반,일반
뉴트리킷,"뉴트리킷 올리브오일+레몬즙샷 유기농100% 식약청 최적배합 고함량 엑스트라버진 올리브 오일 착즙 레몬즙 스틱 14포, 1박스, 280ml",종합케어,60대이상,5.0,811,12900,일반,일반
홀베리,"홀베리 유기농 레몬즙, 350g, 3개",종합케어,60대이상,4.5,20699,27900,일반,일반
락티브,"락티브 하트톡 철분, 30정, 1개",종합케어,50대,5.0,272,18000,일반,일반
베스트오브그린,"베스트오브그린 고함량 맥스 비타민C 3000, 270g, 2개",피로회복,40대,5.0,4716,17500,일반,일반
푸드올로지,"푸드올로지 마인드풀 지중해 오일만 클렌즈, 1개, 10회분",종합케어,60대이상,4.5,149,24800,일반,일반
카무트,"카무트 효소 식약청 HACCP 인증 캐나다 정품 30포, 2개, 90g",종합케어,20대,4.5,7070,24810,일반,일반
익스트림,"익스트림 비타민B 컴플렉스 700 42g, 60정, 1개",피로회복,30대,5.0,2625,11000,일반,일반
풀무원,"풀무원 아임리얼 100 고농축 타트체리, 120ml, 24개",종합케어,20대,4.5,1096,20360,일반,일반
뉴케어,"뉴케어 당플랜 미니 호두맛, 150ml, 24개",종합케어,30대,5.0,8287,39900,일반,일반
뉴트리정,"뉴트리정 식물성 멜라토닌 5mg 함유, 1개, 120정",종합케어,20대,5.0,3049,22900,일반,일반
올바른건강식품,"올바른건강식품 곡물효소 프로바이오틱스 블랙, 270g, 1개",종합케어,60대이상,5.0,14445,17900,일반,일반
[국내,"[국내 최고함량] 알파4500 알파CD 알파시디 알파씨디 알파시클로덱스트린, 1개, 85.4g",종합케어,40대,4.0,259,31200,일반,일반
레모나,"레모나 비타민C 70포, 140g, 1개",피로회복,20대,5.0,20567,10080,일반,일반
[세노비스],"[세노비스] 어린이 멀티비타민, 90정, 1개",피로회복,60대이상,5.0,21623,23060,일반,일반
뉴트리디데이,"뉴트리디데이 프리미엄 비오틴 10000, 90정, 1개",종합케어,30대,5.0,8886,12900,일반,일반
랩노쉬,"랩노쉬 프로틴 드링크 카카오 미니, 6개, 260ml",종합케어,50대,5.0,130,9450,일반,일반
마이밀,"마이밀 정품 뉴프로틴 고소한맛, 3.04L, 1개",종합케어,30대,5.0,11678,19950,일반,일반
센트룸,"센트룸 우먼 멀티비타민 미네랄, 50정, 1개",피로회복,50대,5.0,15157,26000,일반,일반
프로티원,"프로티원 단백질 쉐이크 곡물맛, 490g, 1개",종합케어,50대,5.0,1326,26200,일반,일반
풍년보감,"풍년보감 6년근 고려홍삼정 에브리데이100, 15g, 100개",종합케어,20대,5.0,18173,24680,일반,일반
삼성제약,"삼성제약 이너와이 프로바이오틱스 밸런스 질유래유산균, 1개, 30정",장건강,50대,5.0,2382,11900,일반,일반
일양약품,"일양약품 잇큐 영양제, 120정, 2개",종합케어,40대,4.5,15351,21000,일반,일반
박카스,"박카스 에프액, 120ml, 60개",종합케어,30대,5.0,109002,43250,일반,일반
종근당,"종근당 뼈건강 프로젝트 365 칼마디아K, 180정, 1개",종합케어,30대,5.0,2616,16730,일반,일반
동화약품,"동화약품 활성형 엽산 영양제 임산부 임신 여자 남자, 60정, 1개",종합케어,50대,5.0,1440,10400,일반,일반
익스트림,"익스트림 초임계 알티지 오메가3 1200, 60정, 1개",혈관케어,20대,5.0,3127,22500,일반,일반
동화약품,"동화약품 배러푸룬 주스, 120g, 10개",종합케어,30대,4.5,2104,13000,일반,일반
뉴케어,"뉴케어 캔서플랜 오리지널 환자영양식, 200ml, 24개",종합케어,20대,5.0,19103,46900,일반,일반
동서,"동서 아카시아 벌꿀, 600g, 1개",종합케어,50대,5.0,17884,17300,일반,일반
리얼메디온,"리얼메디온 루테인 지아잔틴 아스타잔틴 초임계 초소형 식물성캡슐 플러스 눈건강 헤마토코쿠스 3.96g, 3개, 30정",눈건강,30대,4.5,1797,18960,일반,일반
피트라인,"피트라인 파워칵테일 30p, 15g, 30개",종합케어,20대,4.5,7986,80700,일반,일반
닥터린,"닥터린 하이퍼셀 대마종자유 알파, 30정, 3개",종합케어,60대이상,4.5,3529,48040,일반,일반
하이뮨,"하이뮨 일동후디스 프로틴 밸런스 고소한맛, 304g, 1개",종합케어,20대,5.0,941,16580,일반,일반
포스트,"포스트 단백질바, 500g, 2개",종합케어,40대,5.0,3859,18580,일반,일반
이너랩,"이너랩 액티브 비타민B, 60정, 1개",피로회복,50대,5.0,12885,10700,일반,일반
뉴케어,"뉴케어 검은깨맛 미니 완전균형영양식, 150ml, 24개",종합케어,20대,5.0,5600,32900,일반,일반
퍼니트,"퍼니트 칼륨 포타슘 수분 밸런스 1500, 120정, 1박스",종합케어,60대이상,4.5,1424,10800,일반,일반
뉴케어,"뉴케어 정품 당플랜 한입영양 안심바, 480g, 1개",종합케어,60대이상,5.0,7465,28900,일반,일반
락토핏,"락토핏 플러스 듀얼바이오틱스 200p, 400g, 1개",장건강,40대,5.0,7340,31290,일반,일반
뉴케어,"뉴케어 완전 균형영양식 구수한맛, 200ml, 48개",종합케어,40대,5.0,169728,87800,일반,일반
99바이탈,"99바이탈 뼈튼튼 칼슘 마그네슘 비타민D 아연, 2개, 300정",피로회복,30대,5.0,2728,14990,일반,일반
에버콜라겐,"에버콜라겐 타임 비오틴, 150g, 1개",종합케어,40대,5.0,57418,40900,일반,일반
뉴트리제이,"뉴트리제이 파라다이스그레인 밸런스컷, 1개, 60정",종합케어,40대,0.0,0,13000,일반,일반
유기농마루,"유기농마루 정품 유기농 양배추환 100p, 200g, 1박스",종합케어,30대,5.0,9612,21530,일반,일반
신타6,"신타6 정품 프로틴 파우더 초코맛, 2.27kg, 1개",종합케어,60대이상,5.0,5015,104900,일반,일반
자미비타,"자미비타 식물성 멜라토닌 젤리 멜라베어, 1박스, 30정",종합케어,20대,5.0,1192,23400,일반,일반
종근당,"종근당 아연 플러스, 90정, 1개",종합케어,20대,4.5,3184,12920,일반,일반
퍼니트,"퍼니트 매일 비움 쾌변엔 차전자피환 식이섬유 30p, 150g, 1개",체지방감소·다이어트,30대,4.5,1750,12900,일반,일반
뉴트리킷,"뉴트리킷 콜린 이노시톨 4000 엽산 질유산균 40:1 고함량 배합 미오 D-카이로 이노시톨 포 우먼 ( 여성 케어 ), 1개, 153g",장건강,50대,5.0,747,15750,일반,일반
비타500,"비타500 치어팩, 250ml, 30개",종합케어,30대,5.0,6174,26900,일반,일반
"비타500,","비타500, 100ml, 40개",종합케어,30대,4.5,116,22320,일반,일반
자생앤,"자생앤 커큐민 바이오페린, 120정, 1개",종합케어,40대,5.0,9383,23700,일반,일반
뉴케어,"뉴케어 정품 당플랜 저당양갱 22p, 880g, 1개",종합케어,20대,4.5,1818,28410,일반,일반
차일드라이프,"차일드라이프 멀티비타민 앤 미네랄 망고 오렌지맛, 237ml, 1개",피로회복,20대,5.0,1566,28300,일반,일반
솔가,"솔가 엽산 400, 100정, 1개",종합케어,20대,5.0,25648,15600,일반,일반
락토프리,"락토프리 당제로 프로틴컴퍼니 머슬코어 아이솔레이트 프로틴 1kg 초코맛, 1개",장건강,20대,4.5,2539,23010,일반,일반
잠백이,"잠백이 저스트 크레아틴 모노 하이드레이트 헬스보조제, 1.2kg, 1개",종합케어,50대,5.0,2052,29900,일반,일반
센트룸,"센트룸 실버 맨 멀티비타민 미네랄, 50정, 1개",피로회복,20대,5.0,9677,22880,일반,일반
뉴트리디데이,"뉴트리디데이 알티지 오메가3 골드, 90정, 1개",혈관케어,50대,5.0,31968,17900,일반,일반
뉴케어당플랜,"뉴케어당플랜 영양식 검은깨맛, 200ml, 24개",종합케어,60대이상,5.0,2258,47900,일반,일반
뉴트리엘리트,"뉴트리엘리트 식물성 멜라토닌 10mg 식약청인증, 1개, 60정",종합케어,60대이상,4.5,191,11900,일반,일반
하이뮨,"하이뮨 프로틴 밸런스 액티브 식물성 단백질 음료, 250ml, 18개",종합케어,30대,4.5,3009,32800,일반,일반
솔가,"솔가 마그네슘 위드 비타민 B6, 100정, 1개",피로회복,60대이상,5.0,2860,19450,일반,일반
종근당,"종근당 활력비타민B 플러스, 60정, 2개",피로회복,60대이상,5.0,41617,26900,일반,일반
뉴트리정,"뉴트리정 가득채운 프리미엄 브로멜라인 43200 파파인 파인애플, 1개, 120정",종합케어,20대,5.0,4797,14900,일반,일반
보령,"보령 브레인 두뇌의 인지력엔 포스파티딜세린 PS 300 30g, 60정, 1개",종합케어,40대,5.0,7724,17900,일반,일반
지노마스터,"지노마스터 질유산균, 28정, 1개",장건강,20대,5.0,5861,25800,일반,일반
익스트림,"익스트림 밀크씨슬 플러스, 60정, 1개",종합케어,50대,5.0,6480,9900,일반,일반
비타500,"비타500 제로 스파클링 유자, 250ml, 24개",종합케어,20대,5.0,2055,15900,일반,일반
동화약품,"동화약품 부채표 까스활 소화제, 75ml, 30개",종합케어,20대,5.0,80671,22780,일반,일반
아침햇살,"아침햇살 음료, 500ml, 20개",종합케어,40대,5.0,20710,19190,일반,일반
JW중외제약,"JW중외제약 활성 엽산 800 영양제, 60정, 1개",종합케어,50대,5.0,2277,15400,일반,일반
푸드올로지,"푸드올로지 정품 콜레올로지컷 다이어트 유산균, 20정, 2개",체지방감소·다이어트,20대,4.5,9341,51000,일반,일반
바이탈프로그램,"바이탈프로그램 비타민C 플러스 1000mg, 120회분, 1개",피로회복,30대,5.0,2292,13850,일반,일반
지큐랩,"지큐랩 100억 생유산균 골드, 60정, 1개",장건강,40대,5.0,15852,23000,일반,일반
내츄럴플러스,"내츄럴플러스 프로폴리스 1000, 180정, 1개",종합케어,20대,5.0,23124,21920,일반,일반
고려은단,"고려은단 비타민C 1000 플러스, 100ml, 40개",피로회복,30대,5.0,49329,18900,일반,일반
에너씨슬,"에너씨슬 집중샷 PLUS, 10회분, 200g, 1개",종합케어,60대이상,5.0,348,25900,일반,일반
뉴케어,"뉴케어 구수한맛 미니 완전균형영양식, 150ml, 24개",종합케어,40대,5.0,12053,32920,일반,일반
순수식품,"순수식품 rTG 오메가3 비타민D 1000mg, 60정, 3개",피로회복,20대,4.5,11832,27770,일반,일반
뉴트리정,"뉴트리정 혈압 감소 항산화 코큐텐 플러스 대용량, 1개, 180캡슐",종합케어,50대,5.0,399,14900,일반,일반
정관장,"정관장 정품 에너지 활기력샷 + 쇼핑백, 20ml, 16개",종합케어,60대이상,4.5,1187,19800,일반,일반
종근당건강,"종근당건강 정품 비타민D 2000IU, 90정, 2개",피로회복,50대,5.0,856,20850,일반,일반
셀렉스,"셀렉스 프로틴 락토프리 플러스 근력단백질, 570g, 1개",장건강,50대,5.0,1736,38050,일반,일반
엔요,"엔요 유산균음료 플레인, 200ml, 48개",장건강,60대이상,5.0,21621,19700,일반,일반
"비타500,","비타500, 50개, 100ml",종합케어,50대,5.0,8766,23900,일반,일반
8APM,"8APM 딥 나잇 멜라시럽 (12ml x 20포), 2개, 240ml",종합케어,60대이상,4.5,2399,58800,일반,일반
닥터루템,"닥터루템 정품 이시형박사 두뇌엔 PS 포스파티딜세린 분말 스틱, 15회분, 30g, 6개",종합케어,60대이상,5.0,15511,99530,일반,일반
뉴트리디데이,"뉴트리디데이 프리미엄 루테인 골드, 90정, 2개",눈건강,30대,5.0,45573,20900,일반,일반
퍼스널벌크포뮬러,"퍼스널벌크포뮬러 게이너 3.2kg 식물성단백질 탄수화물 프로틴 보충제, 1개",종합케어,50대,4.5,2407,25400,일반,일반
신신제약,"신신제약 미야리산U 유산균 36g, 1개, 180정",장건강,20대,4.5,3617,22500,일반,일반
알유21,"알유21 비타민 C 4.5g, 6정, 3개",피로회복,40대,5.0,13709,8950,일반,일반
뉴케어,"뉴케어 정품 바나나맛 미니 완전균형영양식, 150ml, 24개",종합케어,60대이상,5.0,7065,29900,일반,일반
마이프로틴,"마이프로틴 임팩트 웨이 프로틴 초콜릿맛 WPC 포대유청 농축유청 단백질, 1kg, 1개",종합케어,40대,4.5,138,53900,일반,일반
컨디션,"컨디션 스틱 그린애플, 18g, 20개",종합케어,30대,5.0,4174,19500,일반,일반
종근당,"종근당 장건강 프로젝트365 비피더스 유산균 100억 10.5g, 30정, 2개",장건강,50대,5.0,861,32150,일반,일반
종근당,"종근당 철분 엽산 비타민D 플러스, 60정, 2개",피로회복,60대이상,5.0,22184,20480,일반,일반
WHOLELIFE,"WHOLELIFE 유기농 레몬즙 14p, 280g, 6개",종합케어,50대,4.5,19060,28390,일반,일반
드시모네,"드시모네 프로바이오틱스 캡슐 플러스 1000억 40.2g, 60정, 1개",종합케어,40대,5.0,1212,57150,일반,일반
닥터에디션,"닥터에디션 바이오D 드롭스, 8ml, 1개",종합케어,40대,5.0,2161,38600,일반,일반
정관장,"정관장 정품 갤러리 컬렉션에브리타임 샷 20ml x 10p + 활기력 20ml x 10p + 쇼핑백, 1세트",종합케어,30대,5.0,490,50000,일반,일반
락토핏,"락토핏 키즈 유산균, 60회분, 120g, 3개",장건강,50대,5.0,69588,33160,일반,일반
락토핏,"락토핏 다이어트 유산균 60p, 120g, 2개",체지방감소·다이어트,20대,5.0,14779,29200,일반,일반
99바이탈,"99바이탈 올인원 종합비타민, 2개, 300정",피로회복,20대,5.0,4516,14990,일반,일반
셀렉스,"셀렉스 프로틴 락토프리 파우더, 570g, 1개",장건강,30대,5.0,21504,35000,일반,일반
철갑상어,"철갑상어 콘드로이친 1200 6형 식약청 인증 HACCP c6s 연골 뮤코다당 단백 엠비피 배합 헬씨루틴, 3박스, 60정",종합케어,50대,5.0,2037,55900,일반,일반
소연골,"소연골 콘드로이친 1200 MBP 식약청 HACCP 인증, 3개, 60정",종합케어,40대,5.0,4722,26900,일반,일반
세브란스케어,"세브란스케어 구수한맛 미니 완전균형 영양식, 150ml, 24개",종합케어,40대,5.0,1074,32900,일반,일반
종근당건강,"종근당건강 락토핏 생유산균 맘스, 120g, 1개",장건강,60대이상,5.0,8565,24300,일반,일반
종근당건강,"종근당건강 프로메가 알티지 오메가3 듀얼, 60정, 2개",혈관케어,60대이상,5.0,1935,18260,일반,일반
삼대오백,"삼대오백 크레아틴 모노 하이드레이트 정제 144g, 120정, 1개",종합케어,50대,5.0,391,17900,일반,일반
바이오가이아,"바이오가이아 프로텍티스 베이비드롭 액상 프로바이오틱스, 5ml, 1개",종합케어,50대,5.0,7677,28800,일반,일반
바이오가이아,"바이오가이아 프로텍티스 베이비드롭 액상 프로바이오틱스, 5ml, 1개",종합케어,30대,5.0,7677,28800,일반,일반
얼라이브,"얼라이브 원스데일리 포 우먼 멀티비타민, 80정, 1개",피로회복,60대이상,5.0,42923,29900,일반,일반
99바이탈,"99바이탈 건강한 간 밀크씨슬, 2개, 150정",종합케어,60대이상,5.0,3254,14990,일반,일반
오로나민씨,"오로나민씨 탄산 드링크, 120ml, 50개",종합케어,60대이상,5.0,43788,29900,일반,일반
드시모네,"드시모네 프로바이오틱스 베이비스텝2 30p, 30g, 1개",종합케어,20대,5.0,2410,29500,일반,일반
뉴트리디데이,"뉴트리디데이 rTG 알티지 오메가3 골드, 90정, 2개",혈관케어,20대,5.0,31968,34900,일반,일반
테이크핏,"테이크핏 몬스터 초코바나나 근육이 마시는 완전 단백질, 350ml, 12개",종합케어,60대이상,5.0,1099,38000,일반,일반
종근당,"종근당 인지력 & 기억력건강 프로젝트 365 포스파티딜세린 앤 징코 48g, 60정, 2개",종합케어,40대,4.5,543,58900,일반,일반
해태htb,"해태htb 영진 구론산 탄산 스파클링 오리지날, 150ml, 40개",종합케어,50대,5.0,12637,24340,일반,일반
동서,"동서 아카시아 벌꿀, 900g, 1개",종합케어,30대,5.0,17884,25020,일반,일반
락피도,"락피도 정품 맘엔맘엔 오메가 3, 60정, 1개",혈관케어,60대이상,5.0,3572,23900,일반,일반
얼티브,"얼티브 cj제일제당 프로틴 햇반쌀밥맛, 250ml, 18개",종합케어,60대이상,5.0,1190,19900,일반,일반
덴프스,"덴프스 정품 덴마크 유산균이야기, 30정, 2개",장건강,30대,5.0,3840,27240,일반,일반
락토핏,"락토핏 코어 유산균 60p, 120g, 6개",장건강,30대,5.0,81477,59090,일반,일반
동화약품,"동화약품 식물성 멜라토닌 2.16mg 함유 배러레스트, 120g, 10개",종합케어,50대,5.0,1587,15000,일반,일반
에버콜라겐,"에버콜라겐 타임 비오틴, 150g, 2개",종합케어,20대,5.0,57418,78900,일반,일반
레모나,"레모나 비타민C 150포, 300g, 1개",피로회복,60대이상,5.0,20567,25900,일반,일반
얼라이브,"얼라이브 원스데일리 포 맨 멀티비타민, 60정, 1개",피로회복,60대이상,5.0,60965,22900,일반,일반
미야리산U,"미야리산U 420정 낙산균 UDCA, 1개",종합케어,20대,4.5,3617,45000,일반,일반
내츄럴플러스,"내츄럴플러스 알티지 오메가3 1200, 180정, 234g, 1개",혈관케어,50대,5.0,42553,48380,일반,일반
솔가,"솔가 철분 25, 90정, 1개",종합케어,20대,5.0,1557,23470,일반,일반
세노비스,"세노비스 정품 마그네슘, 90정, 2개",종합케어,50대,5.0,34302,28000,일반,일반
듀오락,"듀오락 데일리키즈 츄어블 어린이 유산균, 60정, 1개",장건강,30대,5.0,9264,29950,일반,일반
뉴트리코스트,"뉴트리코스트 크레아틴 분말, 1kg, 1개",종합케어,60대이상,5.0,14284,68900,일반,일반
락토핏,"락토핏 솔루션2 예민한 장 유산균, 30정, 2개",장건강,40대,5.0,4083,33600,일반,일반
광동진한헛개차,"광동진한헛개차 남, 180ml, 90개",종합케어,30대,5.0,15342,27350,일반,일반
비오비타,"비오비타 배배 골드 유산균, 45g, 1개",장건강,30대,5.0,3720,25900,일반,일반
뉴케어,"뉴케어 액티브 오리지널, 200ml, 24개",종합케어,30대,5.0,25006,51900,일반,일반
[유산균100억,"[유산균100억 마리 + 식물성 꾸미] 네추럴라이즈 유산균 키즈 꾸미 포도요거트맛, 60정, 2개",장건강,30대,5.0,3090,26200,일반,일반
푸드올로지,"푸드올로지 마인드풀 지중해 오일만 클렌즈, 10회분, 3개",종합케어,40대,4.5,3223,67460,일반,일반
뉴케어,"뉴케어 구수한맛 클래식 완전균형영양식, 200ml, 24개",종합케어,50대,5.0,674,43990,일반,일반
뉴트리하루,"뉴트리하루 실리마린 밀크 시슬 추출물 밀크씨슬 아르기닌 플러스 야관문 글루타치온, 2개, 60정",종합케어,50대,4.5,5139,28190,일반,일반
닥터린,"닥터린 초임계 알티지 오메가3 알파 30.21g, 30정, 6개",혈관케어,30대,5.0,40288,52900,일반,일반
옵티멈뉴트리션,"옵티멈뉴트리션 골드 스탠다드 웨이 단백질 쿠키앤크림 27회분, 907g, 1개",종합케어,20대,5.0,323,60900,일반,일반
고려은단,"고려은단 비타민C 골드 플러스, 180정, 1개",피로회복,30대,5.0,30419,28910,일반,일반
정관장,"정관장 정품 홍삼진고+쇼핑백, 250g, 2개",종합케어,50대,4.5,9016,65750,일반,일반
1+1,"1+1 홍삼정 6년근 하루한포 100회분 대용량+쇼핑백, 2개, 1L",종합케어,20대,4.5,7322,79800,일반,일반
정원삼,"정원삼 6년근 고려홍삼정 365스틱, 1kg, 1개",종합케어,30대,5.0,76483,79900,일반,일반
원데이뉴트리션,"원데이뉴트리션 머슬킹 80 프로틴 헬스 보충제, 2kg, 1개",종합케어,40대,4.5,18752,35500,일반,일반
뉴트리포유,"뉴트리포유 듀얼 이뮨 멀티 비타민 미네랄, 30회분, 1개",피로회복,30대,5.0,6194,51900,일반,일반
드시모네,"드시모네 곰돌이 츄어블 플러스 유아유산균, 60정, 2개",장건강,40대,5.0,2453,48000,일반,일반
오아시스,"오아시스 국내산 도라지배즙, 100개, 100ml",종합케어,60대이상,5.0,3699,29800,일반,일반
뉴트리정,"뉴트리정 프리미엄 관절연골 MSM 1500, 1개, 300정",종합케어,20대,5.0,546,14900,일반,일반
익스트림,"익스트림 트리플 아르기닌 6200, 600ml, 1개",종합케어,20대,5.0,20417,38590,일반,일반
홀베리,"홀베리 유기농 레몬즙, 350g, 6개",종합케어,40대,4.5,20699,50800,일반,일반
알유21,"알유21 비타민C, 6정, 12개",피로회복,60대이상,5.0,13709,26470,일반,일반
종근당,"종근당 정품 관절연골엔 뮤코다당단백 콘드로이친 1200 플러스, 60정, 3개",종합케어,40대,5.0,12545,45490,일반,일반
공식,"공식 숙취해소제 알디콤Plus 액상 스틱형 5포입, 105ml, 3개",종합케어,30대,5.0,863,33930,일반,일반
종근당건강,"종근당건강 헬씨칸 로얄 밀크시슬, 30정, 6개",종합케어,20대,5.0,34829,35400,일반,일반
밸러니티,"밸러니티 고함량 5mg 식물성 멜라토닌 식약처 인증 테아닌 트립토판 마그네슘, 3개, 30정",종합케어,40대,4.5,10738,35510,일반,일반
뉴케어,"뉴케어 액티브 오리지널, 200ml, 24개",종합케어,30대,5.0,25006,51900,일반,일반
잠백이,"잠백이 퓨어 크레아틴 모노 하이드레이트, 300g, 1개",종합케어,60대이상,5.0,574,28360,일반,일반
[유산균100억,"[유산균100억 마리 + 식물성 꾸미] 네추럴라이즈 유산균 키즈 꾸미 포도요거트맛, 60정, 2개",장건강,40대,5.0,3090,26200,일반,일반
네오메딕스,"네오메딕스 아쿠아젠 아쿠아포뮬러 히알루론산 아쿠아쉘TG 이노시톨, 1개, 30정",종합케어,30대,4.5,274,37900,일반,일반
푸드올로지,"푸드올로지 마인드풀 지중해 오일만 클렌즈, 10회분, 3개",종합케어,40대,4.5,3223,67460,일반,일반
뉴케어,"뉴케어 구수한맛 클래식 완전균형영양식, 200ml, 24개",종합케어,60대이상,5.0,674,43990,일반,일반
뉴트리하루,"뉴트리하루 실리마린 밀크 시슬 추출물 밀크씨슬 아르기닌 플러스 야관문 글루타치온, 2개, 60정",종합케어,40대,4.5,5139,28190,일반,일반
닥터린,"닥터린 초임계 알티지 오메가3 알파 30.21g, 30정, 6개",혈관케어,20대,5.0,40288,52900,일반,일반
옵티멈뉴트리션,"옵티멈뉴트리션 골드 스탠다드 웨이 단백질 쿠키앤크림 27회분, 907g, 1개",종합케어,60대이상,5.0,323,60900,일반,일반
고려은단,"고려은단 비타민C 골드 플러스, 180정, 1개",피로회복,40대,5.0,30419,28910,일반,일반
정관장,"정관장 정품 홍삼진고+쇼핑백, 250g, 2개",종합케어,30대,4.5,9016,65750,일반,일반
1+1,"1+1 홍삼정 6년근 하루한포 100회분 대용량+쇼핑백, 2개, 1L",종합케어,50대,4.5,7322,79800,일반,일반
정원삼,"정원삼 6년근 고려홍삼정 365스틱, 1kg, 1개",종합케어,30대,5.0,76483,79900,일반,일반
원데이뉴트리션,"원데이뉴트리션 머슬킹 80 프로틴 헬스 보충제, 2kg, 1개",종합케어,20대,4.5,18752,35500,일반,일반
뉴트리포유,"뉴트리포유 듀얼 이뮨 멀티 비타민 미네랄, 30회분, 1개",피로회복,30대,5.0,6194,51900,일반,일반
드시모네,"드시모네 곰돌이 츄어블 플러스 유아유산균, 60정, 2개",장건강,20대,5.0,2453,48000,일반,일반
오아시스,"오아시스 국내산 도라지배즙, 100개, 100ml",종합케어,20대,5.0,3699,29800,일반,일반
뉴트리정,"뉴트리정 프리미엄 관절연골 MSM 1500, 1개, 300정",종합케어,60대이상,5.0,546,14900,일반,일반
익스트림,"익스트림 트리플 아르기닌 6200, 600ml, 1개",종합케어,40대,5.0,20417,38590,일반,일반
홀베리,"홀베리 유기농 레몬즙, 350g, 6개",종합케어,30대,4.5,20699,50800,일반,일반
알유21,"알유21 비타민C, 6정, 12개",피로회복,60대이상,5.0,13709,26470,일반,일반
종근당,"종근당 정품 관절연골엔 뮤코다당단백 콘드로이친 1200 플러스, 60정, 3개",종합케어,40대,5.0,12545,45490,일반,일반
익스트림,"익스트림 모노크레아틴 플러스, 600g, 1개",종합케어,60대이상,5.0,1067,29900,일반,일반
공식,"공식 숙취해소제 알디콤Plus 액상 스틱형 5포입, 105ml, 3개",종합케어,60대이상,5.0,863,33930,일반,일반
종근당건강,"종근당건강 헬씨칸 로얄 밀크시슬, 30정, 6개",종합케어,40대,5.0,34829,35400,일반,일반
밸러니티,"밸러니티 고함량 5mg 식물성 멜라토닌 식약처 인증 테아닌 트립토판 마그네슘, 3개, 30정",종합케어,40대,4.5,10738,35510,일반,일반
락토핏,"락토핏 다이어트 유산균 60p, 120g, 3개",체지방감소·다이어트,20대,5.0,14779,41700,일반,일반
뉴트리원,"뉴트리원 루테인 지아잔틴 164, 50정, 3개",눈건강,30대,5.0,18076,65600,일반,일반
국내산,"국내산 100% 순수 사양벌꿀, 2kg, 2개",종합케어,40대,5.0,725,26690,일반,일반
"솔의눈,","솔의눈, 240ml, 60개",눈건강,40대,5.0,17863,30680,일반,일반
지비엠에스,"지비엠에스 제주산 당찬여주 발효효소 30p, 60g, 5개",종합케어,50대,4.5,252,95900,일반,일반
아침햇살,"아침햇살 음료, 1.5L, 12개",종합케어,30대,5.0,20710,23950,일반,일반
종근당,"종근당 침향환 골드, 225g, 1개",종합케어,30대,5.0,22185,60590,일반,일반
리노이드,"리노이드 EA-포뮬라, 30정, 30g, 2개",종합케어,40대,4.5,2288,76430,일반,일반
뉴트리정,"뉴트리정 프리미엄 항산화 프로폴리스 대용량, 1개, 300정",종합케어,40대,5.0,518,19900,일반,일반
뉴케어당플랜,"뉴케어당플랜 호두맛, 200ml, 48개",종합케어,20대,5.0,67665,91930,일반,일반
테이크핏,"테이크핏 몬스터 고소한맛, 350ml, 24개",종합케어,30대,5.0,712,63810,일반,일반
닥터루템,"닥터루템 정품 이시형박사 두뇌엔 PS 포스파티딜세린, 15회분, 30g, 12개",종합케어,30대,5.0,15511,176800,일반,일반
바이탈프로그램,"바이탈프로그램 정품 비타민C 1000mg, 600정, 2개",피로회복,40대,5.0,70608,55800,일반,일반
옵티멈뉴트리션,"옵티멈뉴트리션 플래티넘 하이드로웨이 프로틴파우더 초코, 1.64kg, 1개",종합케어,40대,4.5,1100,142900,일반,일반
드시모네,"드시모네 프로바이오틱스 베이비스텝2 30p, 30g, 3개",종합케어,40대,5.0,2410,70020,일반,일반
에버콜라겐,"에버콜라겐 정품 인앤업 플러스 6주분, 84정, 3개",종합케어,50대,5.0,22669,92650,일반,일반
뉴케어,"뉴케어 정품 구수한맛 순, 200ml, 48개",종합케어,30대,5.0,40198,89040,일반,일반
뉴케어,"뉴케어 완전 균형영양식 구수한맛, 200ml, 72개",종합케어,30대,5.0,169728,131700,일반,일반
뉴케어,"뉴케어 구수한맛 클래식 완전균형영양식, 200ml, 24개",종합케어,40대,5.0,674,43990,일반,일반
뉴트리하루,"뉴트리하루 실리마린 밀크 시슬 추출물 밀크씨슬 아르기닌 플러스 야관문 글루타치온, 2개, 60정",종합케어,50대,4.5,5139,28190,일반,일반
유한메디카,"유한메디카 초임계 rTG 알티지 오메가3 엔 탑 식물성 캡슐 51g, 3개, 60정",혈관케어,60대이상,4.5,467,32310,일반,일반
닥터린,"닥터린 초임계 알티지 오메가3 알파 30.21g, 30정, 6개",혈관케어,50대,5.0,40288,52900,일반,일반
옵티멈뉴트리션,"옵티멈뉴트리션 골드 스탠다드 웨이 단백질 쿠키앤크림 27회분, 907g, 1개",종합케어,40대,5.0,323,60900,일반,일반
고려은단,"고려은단 비타민C 골드 플러스, 180정, 1개",피로회복,50대,5.0,30419,28910,일반,일반
정관장,"정관장 정품 홍삼진고+쇼핑백, 250g, 2개",종합케어,40대,4.5,9016,65750,일반,일반
1+1,"1+1 홍삼정 6년근 하루한포 100회분 대용량+쇼핑백, 2개, 1L",종합케어,50대,4.5,7322,79800,일반,일반
정원삼,"정원삼 6년근 고려홍삼정 365스틱, 1kg, 1개",종합케어,50대,5.0,76483,79900,일반,일반
원데이뉴트리션,"원데이뉴트리션 머슬킹 80 프로틴 헬스 보충제, 2kg, 1개",종합케어,60대이상,4.5,18752,35500,일반,일반
뉴트리포유,"뉴트리포유 듀얼 이뮨 멀티 비타민 미네랄, 30회분, 1개",피로회복,60대이상,5.0,6194,51900,일반,일반
드시모네,"드시모네 곰돌이 츄어블 플러스 유아유산균, 60정, 2개",장건강,30대,5.0,2453,48000,일반,일반
오아시스,"오아시스 국내산 도라지배즙, 100개, 100ml",종합케어,60대이상,5.0,3699,29800,일반,일반
뉴트리정,"뉴트리정 프리미엄 관절연골 MSM 1500, 1개, 300정",종합케어,30대,5.0,546,14900,일반,일반
익스트림,"익스트림 트리플 아르기닌 6200, 600ml, 1개",종합케어,60대이상,5.0,20417,38590,일반,일반
홀베리,"홀베리 유기농 레몬즙, 350g, 6개",종합케어,50대,4.5,20699,50800,일반,일반
알유21,"알유21 비타민C, 6정, 12개",피로회복,30대,5.0,13709,26470,일반,일반
종근당,"종근당 정품 관절연골엔 뮤코다당단백 콘드로이친 1200 플러스, 60정, 3개",종합케어,20대,5.0,12545,45490,일반,일반
익스트림,"익스트림 모노크레아틴 플러스, 600g, 1개",종합케어,60대이상,5.0,1067,29900,일반,일반
공식,"공식 숙취해소제 알디콤Plus 액상 스틱형 5포입, 105ml, 3개",종합케어,20대,5.0,863,33930,일반,일반
종근당건강,"종근당건강 헬씨칸 로얄 밀크시슬, 30정, 6개",종합케어,50대,5.0,34829,35400,일반,일반
밸러니티,"밸러니티 고함량 5mg 식물성 멜라토닌 식약처 인증 테아닌 트립토판 마그네슘, 3개, 30정",종합케어,30대,4.5,10738,35510,일반,일반
락토핏,"락토핏 다이어트 유산균 60p, 120g, 3개",체지방감소·다이어트,60대이상,5.0,14779,41700,일반,일반
뉴트리원,"뉴트리원 루테인 지아잔틴 164, 50정, 3개",눈건강,60대이상,5.0,18076,65600,일반,일반
국내산,"국내산 100% 순수 사양벌꿀, 2kg, 2개",종합케어,50대,5.0,725,26690,일반,일반
"솔의눈,","솔의눈, 240ml, 60개",눈건강,20대,5.0,17863,30680,일반,일반
지비엠에스,"지비엠에스 제주산 당찬여주 발효효소 30p, 60g, 5개",종합케어,20대,4.5,252,95900,일반,일반
아침햇살,"아침햇살 음료, 1.5L, 12개",종합케어,60대이상,5.0,20710,23950,일반,일반
아이클리어,"아이클리어 루테인 지아잔틴 오메가3, 60정, 3개",눈건강,30대,5.0,5775,37800,일반,일반
종근당,"종근당 침향환 골드, 225g, 1개",종합케어,20대,5.0,22185,60590,일반,일반
리노이드,"리노이드 EA-포뮬라, 30정, 30g, 2개",종합케어,40대,4.5,2288,76430,일반,일반
뉴트리정,"뉴트리정 프리미엄 항산화 프로폴리스 대용량, 1개, 300정",종합케어,60대이상,5.0,518,19900,일반,일반
뉴케어당플랜,"뉴케어당플랜 호두맛, 200ml, 48개",종합케어,50대,5.0,67665,91930,일반,일반
테이크핏,"테이크핏 몬스터 고소한맛, 350ml, 24개",종합케어,30대,5.0,712,63810,일반,일반
뉴트리정,"뉴트리정 시크릿 이너케어 편안해질 질 유래 특허 유산균 대용량, 1개, 180정",장건강,50대,5.0,71,16900,일반,일반
닥터루템,"닥터루템 정품 이시형박사 두뇌엔 PS 포스파티딜세린, 15회분, 30g, 12개",종합케어,50대,5.0,15511,176800,일반,일반
바이탈프로그램,"바이탈프로그램 정품 비타민C 1000mg, 600정, 2개",피로회복,50대,5.0,70608,55800,일반,일반
옵티멈뉴트리션,"옵티멈뉴트리션 플래티넘 하이드로웨이 프로틴파우더 초코, 1.64kg, 1개",종합케어,40대,4.5,1100,142900,일반,일반
옵티멈뉴트리션,"옵티멈뉴트리션 골드 스탠다드 웨이 초코맛 프로틴 파우더, 2.27kg, 1개",종합케어,60대이상,4.5,1719,136900,일반,일반
드시모네,"드시모네 프로바이오틱스 베이비스텝2 30p, 30g, 3개",종합케어,30대,5.0,2410,70020,일반,일반
에버콜라겐,"에버콜라겐 정품 인앤업 플러스 6주분, 84정, 3개",종합케어,30대,5.0,22669,92650,일반,일반
뉴케어,"뉴케어 정품 구수한맛 순, 200ml, 48개",종합케어,50대,5.0,40198,89040,일반,일반
뉴케어,"뉴케어 완전 균형영양식 구수한맛, 200ml, 72개",종합케어,60대이상,5.0,169728,131700,일반,일반
1+1,"1+1 홍삼정 6년근 하루한포 100회분 대용량+쇼핑백, 2개, 1L",종합케어,30대,4.5,7322,79800,일반,일반
정원삼,"정원삼 6년근 고려홍삼정 365스틱, 1kg, 1개",종합케어,30대,5.0,76483,79900,일반,일반
원데이뉴트리션,"원데이뉴트리션 머슬킹 80 프로틴 헬스 보충제, 2kg, 1개",종합케어,40대,4.5,18752,35500,일반,일반
뉴트리포유,"뉴트리포유 듀얼 이뮨 멀티 비타민 미네랄, 30회분, 1개",피로회복,60대이상,5.0,6194,51900,일반,일반
드시모네,"드시모네 곰돌이 츄어블 플러스 유아유산균, 60정, 2개",장건강,20대,5.0,2453,48000,일반,일반
오아시스,"오아시스 국내산 도라지배즙, 100개, 100ml",종합케어,30대,5.0,3699,29800,일반,일반
뉴트리디데이,"뉴트리디데이 슈퍼 바이탈 100억 유산균, 90정, 1개",장건강,30대,5.0,1517,24900,일반,일반
뉴트리정,"뉴트리정 프리미엄 관절연골 MSM 1500, 1개, 300정",종합케어,30대,5.0,546,14900,일반,일반
일양약품,"일양약품 프라임 종합비타민 미네랄 플러스, 180정, 2개",피로회복,60대이상,4.5,22157,23570,일반,일반
익스트림,"익스트림 트리플 아르기닌 6200, 600ml, 1개",종합케어,40대,5.0,20417,38590,일반,일반
홀베리,"홀베리 유기농 레몬즙, 350g, 6개",종합케어,40대,4.5,20699,50800,일반,일반
익스트림,"익스트림 트리플 아르기닌 5000, 300g, 2개",종합케어,30대,5.0,1328,29000,일반,일반
알유21,"알유21 비타민C, 6정, 12개",피로회복,50대,5.0,13709,26470,일반,일반
종근당,"종근당 정품 관절연골엔 뮤코다당단백 콘드로이친 1200 플러스, 60정, 3개",종합케어,40대,5.0,12545,45490,일반,일반
익스트림,"익스트림 모노크레아틴 플러스, 600g, 1개",종합케어,40대,5.0,1067,29900,일반,일반
공식,"공식 숙취해소제 알디콤Plus 액상 스틱형 5포입, 105ml, 3개",종합케어,60대이상,5.0,863,33930,일반,일반
종근당건강,"종근당건강 헬씨칸 로얄 밀크시슬, 30정, 6개",종합케어,50대,5.0,34829,35400,일반,일반
밸러니티,"밸러니티 고함량 5mg 식물성 멜라토닌 식약처 인증 테아닌 트립토판 마그네슘, 3개, 30정",종합케어,30대,4.5,10738,35510,일반,일반
락토핏,"락토핏 다이어트 유산균 60p, 120g, 3개",체지방감소·다이어트,60대이상,5.0,14779,41700,일반,일반
뉴트리원,"뉴트리원 루테인 지아잔틴 164, 50정, 3개",눈건강,40대,5.0,18076,65600,일반,일반
국내산,"국내산 100% 순수 사양벌꿀, 2kg, 2개",종합케어,30대,5.0,725,26690,일반,일반
"솔의눈,","솔의눈, 240ml, 60개",눈건강,60대이상,5.0,17863,30680,일반,일반
지비엠에스,"지비엠에스 제주산 당찬여주 발효효소 30p, 60g, 5개",종합케어,50대,4.5,252,95900,일반,일반
아침햇살,"아침햇살 음료, 1.5L, 12개",종합케어,20대,5.0,20710,23950,일반,일반
아이클리어,"아이클리어 루테인 지아잔틴 오메가3, 60정, 3개",눈건강,30대,5.0,5775,37800,일반,일반
종근당,"종근당 침향환 골드, 225g, 1개",종합케어,50대,5.0,22185,60590,일반,일반
나우그린,"나우그린 정품 프리미엄 비피더스 100, 30정, 3개",종합케어,60대이상,5.0,4673,54000,일반,일반
테이크핏,"테이크핏 몬스터 초코바나나 프로틴, 350ml, 24개",종합케어,50대,5.0,1099,65400,일반,일반
리노이드,"리노이드 EA-포뮬라, 30정, 30g, 2개",종합케어,50대,4.5,2288,76430,일반,일반
뉴트리정,"뉴트리정 프리미엄 항산화 프로폴리스 대용량, 1개, 300정",종합케어,30대,5.0,518,19900,일반,일반
산양삼,"산양삼 컷 골드 HACCP 인증, 1개, 120정",종합케어,40대,5.0,735,23800,일반,일반
뉴케어당플랜,"뉴케어당플랜 호두맛, 200ml, 48개",종합케어,50대,5.0,67665,91930,일반,일반
테이크핏,"테이크핏 몬스터 고소한맛, 350ml, 24개",종합케어,50대,5.0,712,63810,일반,일반
닥터프로그램,"닥터프로그램 마더스케어 올인원 플러스 1, 99.6g, 1개",종합케어,50대,5.0,1808,54900,일반,일반
뉴트리정,"뉴트리정 시크릿 이너케어 편안해질 질 유래 특허 유산균 대용량, 1개, 180정",장건강,60대이상,5.0,71,16900,일반,일반
닥터루템,"닥터루템 정품 이시형박사 두뇌엔 PS 포스파티딜세린, 15회분, 30g, 12개",종합케어,40대,5.0,15511,176800,일반,일반
바이탈프로그램,"바이탈프로그램 정품 비타민C 1000mg, 600정, 2개",피로회복,40대,5.0,70608,55800,일반,일반
옵티멈뉴트리션,"옵티멈뉴트리션 플래티넘 하이드로웨이 프로틴파우더 초코, 1.64kg, 1개",종합케어,20대,4.5,1100,142900,일반,일반
옵티멈뉴트리션,"옵티멈뉴트리션 골드 스탠다드 웨이 초코맛 프로틴 파우더, 2.27kg, 1개",종합케어,30대,4.5,1719,136900,일반,일반
드시모네,"드시모네 프로바이오틱스 베이비스텝2 30p, 30g, 3개",종합케어,50대,5.0,2410,70020,일반,일반
에버콜라겐,"에버콜라겐 정품 인앤업 플러스 6주분, 84정, 3개",종합케어,50대,5.0,22669,92650,일반,일반
뉴케어,"뉴케어 정품 구수한맛 순, 200ml, 48개",종합케어,40대,5.0,40198,89040,일반,일반
뉴케어,"뉴케어 완전 균형영양식 구수한맛, 200ml, 72개",종합케어,40대,5.0,169728,131700,일반,일반
뉴트리디데이,"뉴트리디데이 프리미엄 칼슘 마그네슘 아연 비타민D, 90정, 2개",피로회복,50대,5.0,67847,19900,일반,일반
홀베리,"홀베리 유기농 레몬즙, 350g, 6개",종합케어,60대이상,4.5,20699,50800,일반,일반
덴티오스,"덴티오스 덴티오클린 구강유산균, 30포, 2개",장건강,40대,4.5,2868,62900,일반,일반
익스트림,"익스트림 트리플 아르기닌 5000, 300g, 2개",종합케어,50대,5.0,1328,29000,일반,일반
알유21,"알유21 비타민C, 6정, 12개",피로회복,30대,5.0,13709,26470,일반,일반
종근당,"종근당 정품 관절연골엔 뮤코다당단백 콘드로이친 1200 플러스, 60정, 3개",종합케어,50대,5.0,12545,45490,일반,일반
익스트림,"익스트림 모노크레아틴 플러스, 600g, 1개",종합케어,60대이상,5.0,1067,29900,일반,일반
공식,"공식 숙취해소제 알디콤Plus 액상 스틱형 5포입, 105ml, 3개",종합케어,50대,5.0,863,33930,일반,일반
WHOLELIFE,"WHOLELIFE 유기농 레몬즙 14p, 280g, 4개",종합케어,40대,5.0,2084,18930,일반,일반
종근당건강,"종근당건강 헬씨칸 로얄 밀크시슬, 30정, 6개",종합케어,40대,5.0,34829,35400,일반,일반
"키움정,","키움정, 240정, 1개",종합케어,20대,4.5,18577,53000,일반,일반
밸러니티,"밸러니티 고함량 5mg 식물성 멜라토닌 식약처 인증 테아닌 트립토판 마그네슘, 3개, 30정",종합케어,40대,4.5,10738,35510,일반,일반
프로메가,"프로메가 오메가3 트리플, 60정, 3개",혈관케어,40대,5.0,2599,29990,일반,일반
락토핏,"락토핏 다이어트 유산균 60p, 120g, 3개",체지방감소·다이어트,40대,5.0,14779,41700,일반,일반
뉴트리원,"뉴트리원 루테인 지아잔틴 164, 50정, 3개",눈건강,60대이상,5.0,18076,65600,일반,일반
국내산,"국내산 100% 순수 사양벌꿀, 2kg, 2개",종합케어,30대,5.0,725,26690,일반,일반
"솔의눈,","솔의눈, 240ml, 60개",눈건강,20대,5.0,17863,30680,일반,일반
지비엠에스,"지비엠에스 제주산 당찬여주 발효효소 30p, 60g, 5개",종합케어,20대,4.5,252,95900,일반,일반
아침햇살,"아침햇살 음료, 1.5L, 12개",종합케어,40대,5.0,20710,23950,일반,일반
아이클리어,"아이클리어 루테인 지아잔틴 오메가3, 60정, 3개",눈건강,20대,5.0,5775,37800,일반,일반
종근당,"종근당 침향환 골드, 225g, 1개",종합케어,60대이상,5.0,22185,60590,일반,일반
테라퓨젠,"테라퓨젠 헬리코컷 부스터, 75g, 2박스",종합케어,20대,4.5,4652,59900,일반,일반
나우그린,"나우그린 정품 프리미엄 비피더스 100, 30정, 3개",종합케어,30대,5.0,4673,54000,일반,일반
테이크핏,"테이크핏 몬스터 초코바나나 프로틴, 350ml, 24개",종합케어,30대,5.0,1099,65400,일반,일반
리노이드,"리노이드 EA-포뮬라, 30정, 30g, 2개",종합케어,40대,4.5,2288,76430,일반,일반
뉴트리정,"뉴트리정 프리미엄 항산화 프로폴리스 대용량, 1개, 300정",종합케어,40대,5.0,518,19900,일반,일반
닥터린,"닥터린 하이퍼셀 대마종자유 알파, 30정, 6개",종합케어,30대,4.5,3529,89800,일반,일반
산양삼,"산양삼 컷 골드 HACCP 인증, 1개, 120정",종합케어,30대,5.0,735,23800,일반,일반
뉴케어당플랜,"뉴케어당플랜 호두맛, 200ml, 48개",종합케어,30대,5.0,67665,91930,일반,일반
테이크핏,"테이크핏 몬스터 고소한맛, 350ml, 24개",종합케어,40대,5.0,712,63810,일반,일반
닥터프로그램,"닥터프로그램 마더스케어 올인원 플러스 1, 99.6g, 1개",종합케어,40대,5.0,1808,54900,일반,일반
리포데이,"리포데이 올인원 맨즈팩 남성용 22종 종합비타민 1일1포 한포영양제, 69g, 1개",피로회복,30대,5.0,2874,81500,일반,일반
마이밀,"마이밀 정품 뉴프로틴 고소한맛, 190ml, 64개",종합케어,60대이상,5.0,80980,65550,일반,일반
뉴트리정,"뉴트리정 시크릿 이너케어 편안해질 질 유래 특허 유산균 대용량, 1개, 180정",장건강,60대이상,5.0,71,16900,일반,일반
뉴케어,"뉴케어 정품 구수한맛 미니 완전균형영양식, 150ml, 48개",종합케어,60대이상,5.0,12053,58720,일반,일반
뉴케어,"뉴케어 구수한맛 미니 완전균형영양식, 150ml, 72개",종합케어,60대이상,5.0,103877,88080,일반,일반
닥터루템,"닥터루템 정품 이시형박사 두뇌엔 PS 포스파티딜세린, 15회분, 30g, 12개",종합케어,20대,5.0,15511,176800,일반,일반
바이탈프로그램,"바이탈프로그램 정품 비타민C 1000mg, 600정, 2개",피로회복,40대,5.0,70608,55800,일반,일반
옵티멈뉴트리션,"옵티멈뉴트리션 플래티넘 하이드로웨이 프로틴파우더 초코, 1.64kg, 1개",종합케어,60대이상,4.5,1100,142900,일반,일반
옵티멈뉴트리션,"옵티멈뉴트리션 골드 스탠다드 웨이 초코맛 프로틴 파우더, 2.27kg, 1개",종합케어,40대,4.5,1719,136900,일반,일반
드시모네,"드시모네 프로바이오틱스 베이비스텝2 30p, 30g, 3개",종합케어,50대,5.0,2410,70020,일반,일반
에버콜라겐,"에버콜라겐 정품 인앤업 플러스 6주분, 84정, 3개",종합케어,30대,5.0,22669,92650,일반,일반
뉴케어,"뉴케어 정품 구수한맛 순, 200ml, 48개",종합케어,30대,5.0,40198,89040,일반,일반
뉴케어,"뉴케어 완전 균형영양식 구수한맛, 200ml, 72개",종합케어,20대,5.0,169728,131700,일반,일반
씨제이웰케어,[6월 올영픽/골라담기] CJ웰케어 건강루틴 가격혁명 10종 택 1,피로회복,20대,4.8,999,5900,일반,일반
오쏘몰,오쏘몰 이뮨 멀티비타민&미네랄 14입 단품/기획,피로회복,20대,4.9,999,55900,일반,일반
오쏘몰,오쏘몰 바이탈 M/F 멀티비타민&미네랄 7입 (남성/여성),피로회복,60대이상,4.9,999,29900,일반,일반
젠제네틱스,[설인아 PICK] 젠제네틱스 포타슘 칼륨 525mg 다이렉트 20포 (10일분),피로회복,30대,4.9,111,20900,일반,일반
센트룸,센트룸 멀티비타민 50정 4종 택1,피로회복,30대,4.9,999,24000,일반,일반
고려은단,고려은단 비타민C1000 120정 (4개월분),피로회복,40대,4.9,999,12900,일반,일반
오쏘몰,"오쏘몰 바이탈 M/F 멀티비타민&미네랄 30일분 (M:남성,F:여성)",피로회복,40대,4.9,999,105000,일반,일반
GNM자연의품격,GNM 올인원 솔루션 멀티팩 1박스(1개월분),피로회복,30대,4.9,55,41900,일반,일반
올더베러,올더베러 웰니스 구미 30일분 6종 택1,피로회복,50대,4.8,999,14900,일반,일반
아임비타,아임비타 멀티비타민 아르기닌샷 1포,피로회복,40대,4.9,999,3500,일반,일반
젠제네틱스,[6월 올영픽/설인아 PICK] 젠제네틱스 포타슘 칼륨525mg 다이렉트 2종 택 1 (6포/20포),피로회복,40대,5.0,84,12260,일반,일반
아임비타,아임비타 멀티비타민 이뮨샷 12입 (12일분),피로회복,60대이상,4.9,999,28800,일반,일반
오쏘몰,오쏘몰 이뮨 멀티비타민&미네랄 30입 (1개월분),피로회복,60대이상,4.9,999,115000,일반,일반
고려은단,고려은단 메가도스C 비타민C 3000mg 30포,피로회복,20대,4.9,999,9900,일반,일반
고려은단,고려은단 비타민C1000 이지+비타민D 120정 (60일분),피로회복,40대,4.9,999,10900,일반,일반
비타바움,비타바움 비타민B12 40000% 플러스 브이 컴플렉스 8 (30병입) (1개월분),피로회복,60대이상,5.0,1,94900,일반,일반
고려은단,고려은단 비타민C1000 600정 (20개월분),피로회복,30대,4.9,999,42900,일반,일반
바이오렉트라,바이오렉트라 비타민D 다이렉트 30포 (1개월분),피로회복,40대,5.0,26,39600,일반,일반
비타바움,비타바움 비타민B12 40000% 플러스 브이-컴플렉스 8 (7병입) (7일분) + 비타민C 1병 증정,피로회복,50대,5.0,178,25500,일반,일반
센트룸,센트룸 멀티비타민 우먼 더블업 50정 (50일분),피로회복,30대,4.9,999,24000,일반,일반
닥터프로그램,닥터프로그램 마더스케어 올인원 플러스 1 30개입+10개입 (40일분),피로회복,60대이상,5.0,11,74800,일반,일반
오쏘몰,오쏘몰 이뮨 멀티비타민&미네랄 7입 (1주일분),피로회복,20대,4.9,999,35900,일반,일반
고려은단,고려은단 멀티비타민 올인원 맨 30정 (1개월분),피로회복,60대이상,4.9,999,11900,일반,일반
닥터아돌,닥터아돌 B발라민 비오틴 120정 (2개월분),피로회복,40대,4.4,16,30600,일반,일반
오쏘몰,[포켓몬 에디션] 오쏘몰 이뮨 ODP 7입 기획 (+파이리 카메라 키링+ 랜덤 마그넷) (7일분),피로회복,50대,4.9,224,28900,일반,일반
엔젯오리진,엔젯오리진 비타프레쉬 귤젤리 비타민 C&D 3000 70구미 (24일분),피로회복,50대,4.9,999,11900,일반,일반
센트룸,센트룸 멀티비타민 맨 더블업 50정 (50일분),피로회복,60대이상,4.9,999,24000,일반,일반
고려은단,고려은단 메가도스D 비타민D 4000IU 60정 (2개월분),피로회복,50대,4.9,999,7900,일반,일반
바이오렉트라,바이오렉트라 아이젠 다이렉트 30포 (1개월분),피로회복,40대,5.0,39,45000,일반,일반
고려은단,고려은단 비타민C 골드플러스 120정 (120일분),피로회복,40대,4.9,999,19900,일반,일반
RU21,알유21 비타민C 6정 (1회분),피로회복,20대,4.8,999,5500,일반,일반
올더베러,올더베러 웰니스 구미 7일분 8종 택1,피로회복,60대이상,4.8,999,2900,일반,일반
엔젯오리진,비타프레쉬 비타민C&D 3000구미 (70구미) (24일분),피로회복,60대이상,4.9,999,11900,일반,일반
고려은단,고려은단 멀티비타민 올인원 우먼 30정 (1개월분),피로회복,50대,4.9,999,11900,일반,일반
올더베러,올더베러 이뮨 멀티비타민 워터믹스 1일분/7일분,피로회복,40대,4.9,232,1500,일반,일반
닥터브라이언,닥터브라이언 멀티비타민&철분츄어블 90정 (90일분),피로회복,40대,4.7,123,16900,일반,일반
레모나,레모나산 30포 (1개월분),피로회복,50대,4.9,999,6900,일반,일반
에스더포뮬러,[골라담기] 여에스더 국민영양 12종 택1,피로회복,30대,4.8,999,9700,일반,일반
닥터아돌,닥터아돌 멀티비타민 망고맛 곰젤리 패밀리 90개입 (45일분),피로회복,30대,4.7,9,30150,일반,일반
옵티젠,옵티젠 산리오 구미덕 멀티비타민&미네랄 40구미 3박스 (2개월분),피로회복,40대,0.0,0,30000,일반,일반
데일리,데일리X디즈니 구미 비타민C 제로슈가 60구미 (1개월분),피로회복,60대이상,5.0,31,13580,일반,일반
데일리,데일리X디즈니 구미 멀티비타민 제로슈가 60구미 (1개월분),피로회복,50대,5.0,33,13580,일반,일반
네이처메이드,네이처메이드 액티브 데일리 멀티 포 올 180정 (3개월분),피로회복,50대,4.8,999,28500,일반,일반
씨제이웰케어,CJ웰케어 뼈건강 비타민D 4000IU 60캡슐 (60일분) (OY단독),피로회복,50대,4.9,100,5900,일반,일반
닥터브라이언,[몰티즈앤리트리버 PICK] 복숭아맛구미 비타민C&D 더블기획 (100구미X2)(66일분),피로회복,40대,4.9,999,28400,일반,일반
네이처메이드,네이처메이드 액티브 데일리 멀티 포 우먼 120정 (2개월분),피로회복,60대이상,4.8,999,28000,일반,일반
GNC,GNC 리포좀C 위드 글루타치온 30포 (1개월분),피로회복,40대,5.0,102,27900,일반,일반
영롱,영롱 판토쉴드 비타민B 30캡슐 (1개월분),피로회복,30대,5.0,38,27500,일반,일반
메리루스,메리루스 액상 모닝 비타민/나이트타임 미네랄 7포 택1 (7일분),피로회복,50대,4.9,999,12600,일반,일반
길팁,[액상형 마그네슘] 길팁 미네랄 부스터 50ml(25일분),피로회복,60대이상,5.0,2,26800,일반,일반
뉴칸,뉴칸X위글위글 더블파워 밀크씨슬+멀티비타민 7개입/30개입 (7일분/30일분),피로회복,20대,4.9,999,25500,일반,일반
센트룸,센트룸 멀티비타민 실버 우먼 50정 (50일분),피로회복,30대,4.9,999,24000,일반,일반
센트룸,센트룸 멀티비타민 실버 맨 50정 (50일분),피로회복,30대,4.9,999,24000,일반,일반
얼라이브,얼라이브 원스데일리 포 맨 60정 (2개월분),피로회복,30대,4.9,999,23900,일반,일반
얼라이브,얼라이브 원스데일리 포 우먼 60정 (2개월분),피로회복,40대,4.8,999,23900,일반,일반
엘레뉴,"엘레뉴 56정 (28일분) (엘레뉴1 , 엘레뉴2 중 택 1)",피로회복,20대,5.0,130,23300,일반,일반
옵티젠,옵티젠 산리오 구미덕 멀티비타민&미네랄 40구미 2박스 (40일분),피로회복,40대,0.0,0,22000,일반,일반
고려은단,고려은단 메가도스B 비타민B군 30정,피로회복,20대,4.9,999,9900,일반,일반
고려은단,[올영단독] 고려은단 최고심 비타민C 쏠라C 젤리스틱 10포 (10일분),피로회복,50대,4.9,982,9900,일반,일반
네추럴라이즈,노티드 비타민D 꾸미 60개 (30일분),피로회복,30대,5.0,40,9810,일반,일반
씨제이웰케어,CJ웰케어 종합건강 멀티비타민&미네랄 30정 (30일분) (OY단독),피로회복,60대이상,4.8,284,5900,일반,일반
프롬바이오,[이준혁PICK] 프롬바이오 올인원 이뮨 멀티비타민&미네랄 8병 (8일분),피로회복,20대,4.9,28,20000,일반,일반
종근당,종근당 이뮨 듀오 멀티비타맥스 7입(1주분),피로회복,50대,5.0,999,19710,일반,일반
슬로우글로우,슬로우글로우 멀티비타민&미네랄 상큼 구미 30구미 (1개월분),피로회복,40대,5.0,6,17900,일반,일반
에스더포뮬러,[1+1더블기획] 여에스더 리포좀 비타민C 파워퍼프걸 에디션 (총 2개월분),피로회복,20대,4.8,610,17800,일반,일반
한삼인,한삼인 스트레스 앤 비타C 톡톡 30포(1개월분),피로회복,40대,5.0,20,15000,일반,일반
닥터브라이언,닥터브라이언 써니 업 비타민D 파인애플 플레이버(100구미) (100일분),피로회복,30대,4.9,999,13900,일반,일반
씨제이웰케어,CJ웰케어 항산화 비타민C 60정 (30일분) (OY단독),피로회복,40대,4.7,154,5900,일반,일반
엔젯오리진,엔젯오리진 듀얼팝 멀티비타민 구미 60구미 (1개월분),피로회복,50대,4.9,49,12900,일반,일반
안국건강,안국건강 안심 비타민D 1000IU 60정 (2개월분),피로회복,40대,4.9,75,12000,일반,일반
고려은단,고려은단 메가도스 이뮨샷 4개입 (4일분),피로회복,50대,4.9,999,9900,일반,일반
대웅제약,[대웅제약] 우루샷 2정 (1일분) / 비타민 피로회복제,피로회복,30대,4.8,999,2500,일반,일반
고려은단,고려은단 메가도스 이뮨샷 1개입,피로회복,40대,4.9,999,2500,일반,일반
비타하임,비타하임 비타민C 500 20정 (20일분),피로회복,50대,4.8,999,3700,일반,일반
세노비스,세노비스 여성용멀티비타민미네랄 60캡슐 (2개월분),피로회복,50대,4.8,677,26900,일반,일반
세노비스,세노비스 남성용멀티비타민미네랄 60캡슐 (2개월분),피로회복,30대,4.8,404,26900,일반,일반
꾸미,꾸미 바이트 비타민 70구미 (70일분),피로회복,30대,4.8,999,15000,일반,일반
솔가,솔가 비타민 B-콤플렉스 100 (50캡슐/50일분),피로회복,30대,4.8,278,59000,일반,일반
솔가,솔가 철분 25 (90캡슐/3개월분),피로회복,60대이상,4.8,999,46000,일반,일반
블랙모어스,블랙모어스 멀티액션큐텐 60정 (1개월분),피로회복,40대,4.8,326,22900,일반,일반
솔가,솔가 비타민 D3 1000IU 90정 (3개월분),피로회복,30대,4.9,999,46000,일반,일반
블랙모어스,블랙모어스 칼슘마그네슘플러스비타민D 60정 (1개월분),피로회복,50대,4.8,999,33000,일반,일반
비타하임,비타하임 칼슘+마그네슘+비타민D 15정(15일),피로회복,40대,4.5,999,5000,일반,일반
비타하임,비타하임 멀티비타민 20정 (20일분),피로회복,20대,4.8,999,5000,일반,일반
비타하임,비타하임 아연+비타민C 20정 (20일분),피로회복,50대,4.8,999,3700,일반,일반
고려은단,고려은단 비타민C 골드플러스 240정 (8개월분),피로회복,20대,4.9,999,49000,일반,일반
네이처메이드,네이처메이드 액티브 데일리 멀티 포 맨 120정 (2개월분),피로회복,60대이상,4.8,999,28000,일반,일반
세노비스,세노비스 여성용/남성용 멀티비타민미네랄 더블 기획 (60캡슐+60캡슐),피로회복,30대,4.8,677,63000,일반,일반
솔가,솔가 셀레늄 (100정/100일분),피로회복,60대이상,4.8,39,28700,일반,일반
솔가,솔가 네이처바이트 종합비타민 위드 미네랄 (30정/1개월분),피로회복,30대,4.9,30,24500,일반,일반
허벌랜드,허벌랜드 키즈 멀티비타민미네랄 식물성 구미젤리 60구미 (1개월분),피로회복,60대이상,4.8,56,22020,일반,일반
세노비스,세노비스 키즈 멀티비타민미네랄 구미젤리 60구미 (1개월분),피로회복,60대이상,4.7,73,29000,일반,일반
베로카,베로카 발포 멀티비타민 15정 (15일분),피로회복,40대,4.9,214,12400,일반,일반
세노비스,세노비스 멀티비타민미네랄 60구미 (2개월분),피로회복,40대,4.7,999,20900,일반,일반
얼라이브,얼라이브 원스데일리 60정 (2개월분),피로회복,40대,4.8,916,23900,일반,일반
센트룸,"센트룸 비타민B군 8종, 비타민C, E, 미네랄 에너지B 60정 (60일분)",피로회복,40대,4.8,215,24000,일반,일반
비타민하우스,비타민하우스 어린이 베타카로틴 60정 (2개월분),피로회복,60대이상,4.7,51,7500,일반,일반
비타민하우스,비타민하우스 어린이 종합비타민 앤 미네랄  60정 (1개월분),피로회복,30대,4.6,54,9000,일반,일반
허벌랜드,허벌랜드 이뮨 멀티비타민미네랄 식물성 구미젤리 (1개월분),피로회복,30대,4.8,115,27970,일반,일반
허벌랜드,허벌랜드 세포보호 비타민C 귤맛 구미젤리 (35일분),피로회복,60대이상,4.8,128,21500,일반,일반
뉴트리원라이프,뉴트리원라이프 어골칼슘&마그네슘 비타민D 60정 (1개월분),피로회복,60대이상,4.7,40,25400,일반,일반
얼라이브,얼라이브 원스데일리 50+ 60정 (2개월분),피로회복,30대,4.9,39,23900,일반,일반
꾸미,"꾸미 이뮨 아연+비타민 C,D 60구미 (1개월분)",피로회복,40대,4.8,999,20000,일반,일반
레모나,레모나산 70포 (70일분),피로회복,50대,4.9,999,19800,일반,일반
센트룸,센트룸 멀티 비타민 키즈 60정 (2개월분),피로회복,20대,4.9,169,27000,일반,일반
네이처메이드,네이처메이드 커플 멀티비타민 기획 (맨 120정+우먼 120정),피로회복,30대,4.9,80,59500,일반,일반
네이처메이드,네이처메이드 액티브 데일리 멀티 포 우먼 더블 기획 (120정+120정),피로회복,20대,4.8,999,52800,일반,일반
네이처메이드,네이처메이드 액티브 데일리 멀티 포 맨 더블 기획 (120정+120정),피로회복,20대,4.8,999,52800,일반,일반
블랙모어스,블랙모어스 B 콤플렉스 플러스 면역 60정+ 60정(4개월분),피로회복,20대,4.8,140,45890,일반,일반
네이처메이드,네이처메이드 액티브 데일리 멀티 세트 3종 택1,피로회복,30대,4.8,999,52800,일반,일반
블랙모어스,블랙모어스 B 콤플렉스 플러스 면역 60정 (2개월분),피로회복,60대이상,4.8,140,23890,일반,일반
네이처메이드,네이처메이드 슈퍼D 아연 면역 콤플렉스 더블 기획 (100캡슐+100캡슐),피로회복,30대,4.9,957,49600,일반,일반
차일드라이프,차일드라이프 비타민 C 118ml,피로회복,30대,4.9,116,10400,일반,일반
대웅제약,[대웅제약] 우루샷 20정 (10일분) / 비타민 의약외품,피로회복,20대,4.8,52,24500,일반,일반
이너랩,셀트리온 이너랩 듀얼액트 멀티비타민 알티지 오메가3 30캡슐 (1개월분),피로회복,40대,4.8,88,18800,일반,일반
고려은단,고려은단 메가도스D 비타민D 4000IU 120정 (4개월분),피로회복,20대,4.8,111,12900,일반,일반
네이처메이드,네이처메이드 여성 건강 기획 (멀티 포 우먼 120정+칼슘 180정),피로회복,50대,4.8,77,58400,일반,일반
아임비타,아임비타 면역비타민C 1000 (60포) (30일분),피로회복,60대이상,4.8,117,21900,일반,일반
아임비타,아임비타 비타민D 2000IU (2개월분),피로회복,30대,4.9,315,12900,일반,일반
비타바움,비타바움 멀티비타민 플러스 브이 컴플렉스 15 (30병입) (1개월분),피로회복,40대,4.8,81,94900,일반,일반
비타바움,[골라 담기] 비타바움 비타민 30병입 4종,피로회복,40대,4.8,999,94900,일반,일반
블랙모어스,블랙모어스 칼슘마그네슘플러스비타민D 60정 트윈팩 (2개월분),피로회복,30대,4.8,999,65000,일반,일반
엔젯오리진,"엔젯오리진 에너지 비타민B-컴플렉스 구미(청포도향) 3,000mg 60구미 (30일분)",피로회복,20대,4.7,209,10800,일반,일반
엔젯오리진,"엔젯오리진 엘더베리 플레이버 비타민 C&D, 아연 3,000mg 70구미 (35일분)",피로회복,20대,4.8,385,11900,일반,일반
비타그란,비타그란 비타민C 구미젤리 포도맛 15개입 (15일분),피로회복,20대,4.8,102,15000,일반,일반
비타그란,[동아제약] 비타그란 비타민C 구미젤리 오렌지맛 15개입 (15일분),피로회복,50대,4.9,83,15000,일반,일반
비타그란,[동아제약] 비타그란 비타민C 구미젤리 포도맛/오렌지맛 15개입 (15일분) 2종 중 택 1,피로회복,60대이상,5.0,463,15000,일반,일반
프레스샷,눌러먹는 프레스샷 올인원 토탈 영양앰플 10개입 (10일분),피로회복,60대이상,4.8,999,20810,일반,일반
프레스샷,눌러먹는 프레스샷 올인원 토탈 영양앰플 기획세트 (20일분),피로회복,60대이상,4.8,999,40870,일반,일반
비타그란,[동아제약] 비타그란 비타민C 120포 (2개월분),피로회복,20대,4.6,36,18000,일반,일반
비타그란,비타그란 비타민C 1000 300정 (10개월분),피로회복,30대,5.0,13,30000,일반,일반
비타그란,[동아제약] 비타그란 비타민C 1000 플러스 300정 (10개월분),피로회복,50대,4.8,5,31500,일반,일반
비타그란,"[동아제약] 비타그란 비타민C 츄어블 72정 (레몬맛,포도맛,사과맛,라즈베리맛 중 택1) (18일분)",피로회복,40대,4.9,47,15000,일반,일반
고려은단,고려은단 메가도스B7 활성비오틴 60정 (2개월분),피로회복,40대,4.8,293,12900,일반,일반
솔가,솔가 마그네슘 위드 비타민 B6 (100TB) (33일분),피로회복,20대,4.7,12,40000,일반,일반
허벌랜드,허벌랜드 비오틴 2500 mcg 이너플러스 식물성 구미젤리 30구미 (1개월분),피로회복,40대,4.7,65,18910,일반,일반
허벌랜드,허벌랜드 에너지 스타 멀티비타민 식물성 구미젤리 30구미 (1개월분),피로회복,30대,4.8,31,17010,일반,일반
허벌랜드,허벌랜드 울트라 비타민D3 2000 IU 식물성 구미젤리 30구미 (1개월분),피로회복,30대,4.9,42,17960,일반,일반
셀파렉스,셀파렉스 에센셜 포 맨 30포 (1개월분),피로회복,50대,4.9,66,24900,일반,일반
솔가,솔가 여성/남성용 멀티비타민&미네랄 (30TB) (1개월분),피로회복,40대,4.8,254,38000,일반,일반
닥터브라이언,닥터브라이언 밸런스핏 가르시니아&비타민B 120캡슐 (30일분),피로회복,40대,0.0,0,19900,일반,일반
닥터브라이언,닥터브라이언 에너지 플러스B 30포(30일분),피로회복,20대,4.8,28,11900,일반,일반
바이오가이아,바이오가이아 프로텍티스 이지 드롭 프로바이오틱스+비타민D 10ml (2개월분),피로회복,60대이상,4.9,145,64100,일반,일반
바이오가이아,바이오가이아 프로텍티스 프로바이오틱스 비타민 D 타블렛 30정 (30일분),피로회복,60대이상,4.3,24,39000,일반,일반
미니막스,[동아제약] 미니막스 정글 멀티비타민미네랄 복숭아맛 60구미 (30일분),피로회복,30대,4.9,64,38000,일반,일반
베러데이,베러데이 키즈데이 포도맛 츄어블(종합비타민) 90정 (1개월분),피로회복,50대,5.0,52,34900,일반,일반
베러데이,베러데이 키즈데이 칼마디 초코맛 120정 (1개월분),피로회복,20대,4.9,59,34900,일반,일반
아텍스,아텍스 산리오 캐릭터즈 맛있는 키즈비타민 C 40정 (8일분),피로회복,30대,5.0,304,3000,일반,일반
네추럴라이즈,네추럴라이즈 멀티비타민 꾸미 60개 (1개월분),피로회복,40대,4.8,64,13510,일반,일반
네추럴라이즈,네추럴라이즈 비타민C & 아연꾸미 60개 (1개월분),피로회복,40대,4.9,21,13510,일반,일반
태양생활건강,뽀로로 면역대장 비타민 D+아연 20gX15포(15일분),피로회복,50대,4.9,30,15900,일반,일반
닥터브라이언,닥터브라이언 복숭아맛 비타민C&D 3000 100구미 (33일분),피로회복,50대,4.9,999,15900,일반,일반
마그랩,[흡수율UP 액상마그네슘] 마그랩 포 에너지 25ml*10입 (10일분),피로회복,60대이상,4.9,999,23900,일반,일반
레모나,레모나 구미 60구미 (30일분) 3종 택 1 (멀티비타민+미네랄/비오틴+B/루테인+A),피로회복,20대,4.8,693,19800,일반,일반
레모나,레모나 루테인+비타민A 구미 60구미 (30일분),피로회복,20대,4.8,368,19800,일반,일반
레모나,레모나 비오틴+비타민B 구미 60구미 (30일분),피로회복,40대,4.9,156,19800,일반,일반
꾸미,릴크리터스 꾸미바이트 비타민 3종 택1 (비타민/칼슘/아연) (30일분),피로회복,60대이상,4.8,999,15000,일반,일반
네추럴라이즈,노티드 멀티비타민 꾸미 60개 (30일분),피로회복,40대,4.9,152,16910,일반,일반
네추럴라이즈,노티드 비타민C 꾸미 60개 (30일분),피로회복,30대,4.9,26,16910,일반,일반
엘레뉴,엘레뉴2 56캡슐 (28일분),피로회복,30대,4.7,93,45400,일반,일반
대웅제약,[올영단독기획] 대웅제약 에너씨슬 퍼펙트샷 이뮨+ 8개입 (8일분),피로회복,60대이상,4.8,999,36000,일반,일반
프레스샷,눌러먹는 프레스샷 마그코어 10개입 1박스 종합비타민 마그네슘 비타민B (10일분),피로회복,30대,4.7,430,26510,일반,일반
셀파렉스,셀파렉스 에센셜 포 우먼/맨 50+ 30포 (1개월분) (택1),피로회복,60대이상,4.9,14,38000,일반,일반
얼라이브,얼라이브 멀티 비타 구미 (60구미),피로회복,50대,4.8,921,21900,일반,일반
에치와이,하루야채 젤리스틱 (15포),피로회복,60대이상,4.9,28,13900,일반,일반
닥터프리오,닥터프리오 더다른 이뮨 비타민 멀티비타민 이뮨타민 올인원 멀티팩 30포 4주분,피로회복,40대,4.9,19,29000,일반,일반
메디트리,메디트리 이뮨 원샷 올인원 멀티비타민 7입 (1주분),피로회복,30대,5.0,999,16070,일반,일반
뉴트리코어,뉴트리코어 멀티비타민미네랄 180정 단품/기획 (1개월분/4개월분),피로회복,20대,5.0,9,74260,일반,일반
뉴트리코어,뉴트리코어 유기농 비타민D 1000IU 2종 중 택1 (2개월분/10개월분),피로회복,40대,4.8,13,45600,일반,일반
아임비타,아임비타 멀티비타민미네랄 구미젤리 60구미 (30일분),피로회복,40대,4.8,748,14900,일반,일반
네이처메이드,네이처메이드 비타민B12 구미(120일분),피로회복,20대,4.9,155,36000,일반,일반
네이처메이드,네이처메이드 비타민C 구미 (40일분),피로회복,60대이상,4.9,348,23600,일반,일반
로트벡쉔,로트벡쉔 이뮨샷 올인원 비타민 플러스 2병입 (2일분),피로회복,20대,4.9,339,9900,일반,일반
닥터브라이언,닥터브라이언 비타민C&D 3000 청포도맛(100구미/33일분),피로회복,40대,4.7,92,13900,일반,일반
익스트림,익스트림 멀티비타민&미네랄 700mg*60정 (2개월분),피로회복,40대,5.0,63,19200,일반,일반
익스트림,익스트림 멀티팩 올인원 포 맨*30포 (1개월분),피로회복,20대,5.0,57,39800,일반,일반
네이처메이드,네이처메이드 슈퍼 비타민 B 콤플렉스 60정 (1개월분),피로회복,50대,4.7,407,18000,일반,일반
엘레뉴,엘레뉴1 럭스 60정 (30일분),피로회복,40대,5.0,33,51500,일반,일반
닥터브라이언,닥터브라이언 피치레몬맛구미 멀티 비타민 100구미 (33일분),피로회복,20대,4.9,952,15900,일반,일반
닥터아돌,닥터아돌 판토스 멀티비타민+ 60정 (30일분),피로회복,50대,5.0,2,30510,일반,일반
뉴트리원라이프,뉴트리원라이프 올인원 종합비타민 이뮨샷 14병 (14일분),피로회복,50대,5.0,3,38000,일반,일반
GNC,GNC 멀티비타민&미네랄 60정 (2개월분),피로회복,20대,0.0,0,20800,일반,일반
아임비타,아임비타 멀티비타민 데일리 60정 (2개월분),피로회복,60대이상,4.8,592,12900,일반,일반
아임비타,아임비타 멀티비타민 데일리팩 30팩 (1개월분),피로회복,20대,4.9,34,34000,일반,일반
아임비타,아임비타 리포좀 비타민C 30정 (1개월분),피로회복,30대,4.3,19,24900,일반,일반
아임비타,아임비타 비타민B 콤플렉스 120정 (2개월분),피로회복,20대,4.9,19,29900,일반,일반
메리루스,메리루스 멀티비타민 14포 모닝/나이트 (14일분),피로회복,40대,4.9,999,24500,일반,일반
비타그란,비타그란 비타민C 팝핑스틱 샤인머스캣맛 30포 (30일분),피로회복,60대이상,4.9,19,15000,일반,일반
아임비타,아임비타 멀티비타민 글루타치온샷 1포,피로회복,60대이상,4.8,999,3500,일반,일반
비비랩,[1+1] 비비랩 멀티비타민 슈퍼샷 1개입,피로회복,40대,4.9,784,3900,일반,일반
네추럴라이즈,네추럴라이즈 비타민E & 셀레늄 90캡슐 (3개월분),피로회복,20대,4.7,14,18900,일반,일반
오로라,"오로라 리포좀 비타민C 3,000mg 액상 7포 (7일분)",피로회복,20대,5.0,8,18900,일반,일반
오로라,"오로라 리포좀 비타민C 3,000mg 분말 7포 (7일분)",피로회복,40대,4.7,15,18900,일반,일반
씨제이웰케어,CJ웰케어 멀티비타민 맥스 60정 (2개월분),피로회복,40대,5.0,3,28500,일반,일반
씨제이웰케어,CJ웰케어 비타민D 맥스 60캡슐 (2개월분),피로회복,60대이상,4.7,7,19900,일반,일반
고려은단,고려은단 멀티비타민 올인원 이지 120정 (2개월분),피로회복,50대,4.9,11,27900,일반,일반
고려은단,고려은단 메가도스 이뮨샷 15개입 (15일분),피로회복,20대,4.9,999,28900,일반,일반
이너랩,셀트리온 이너랩 상큼한 츄어블 비타민C 500 60정 (2개월분),피로회복,40대,5.0,1,10450,일반,일반
닥터린,닥터린 하이퍼셀 리포좀 비타민C 맥스 30포 (1개월분),피로회복,40대,5.0,46,21380,일반,일반
닥터린,닥터린 23종 영양성분 올인원 멀티비타민미네랄 맥스 60정 (2개월분),피로회복,50대,5.0,335,19710,일반,일반
닥터린,닥터린 비타민C1000+D1000 IU 멀티케어 90정 (3개월분),피로회복,60대이상,5.0,7,15010,일반,일반
닥터린,닥터린 초임계 비타민 K2&D3 프리미엄 30정 (1개월분),피로회복,20대,4.7,25,15900,일반,일반
닥터린,닥터린 메가 비타민D3 4000IU 120정 (4개월분),피로회복,20대,4.9,20,11300,일반,일반
닥터린,닥터린 메가 비타민B군 맥스 60정 (2개월분),피로회복,50대,4.9,50,16060,일반,일반
GNM자연의품격,GNM 올인원 뉴트리션 멀티비타민+ 30개입 (1개월분),피로회복,50대,4.9,441,33900,일반,일반
에스더포뮬러,[국민영양] 여에스더 멀티비타민 미네랄 30정 (1개월분),피로회복,20대,4.9,999,9700,일반,일반
잠백이,잠백이 리포아트 리포좀 비타민C 30포,피로회복,30대,5.0,2,52800,일반,일반
대웅제약,[활성형비타민/피로회복] 대웅제약 임팩타뮨 비타민 30정 (1개월분),피로회복,40대,4.9,16,24500,일반,일반
안국건강,안국건강 리포좀 비타민C 60정 (1개월분),피로회복,40대,5.0,3,18900,일반,일반
엘레뉴,메네비트 30정 (1개월분),피로회복,20대,5.0,28,33400,일반,일반
스파톤,스파톤 애플 4종 (7일/14일/28일/42일),피로회복,30대,4.8,223,21200,일반,일반
세노비스,세노비스 비타민D 2000IU 90정 (3개월분),피로회복,20대,4.9,86,44500,일반,일반
뉴트리코어,뉴트리코어 초임계 비타민 K2 + D3 단품/기획 (1개월분/5개월분),피로회복,50대,4.9,17,24000,일반,일반
뉴트리코어,뉴트리코어 유기농 비오틴 2종 택1 (1개월분/5개월분),피로회복,50대,4.7,49,31350,일반,일반
뉴트리코어,뉴트리코어 비타민B 컴플렉스 단품/기획 (2개월분/8개월분),피로회복,20대,4.7,47,46060,일반,일반
얼라이브,얼라이브  속편한 지속성비타민C 30정 (1개월분),피로회복,50대,2.8,4,13900,일반,일반
니아르,니아르 멀티 비타 팩 14개입 (14일분),피로회복,50대,0.0,0,19600,일반,일반
어반버스터즈,[포스파티딜세린] 반짝반짝 브레인 스틱 (14일분),피로회복,20대,4.8,760,9750,일반,일반
고려은단,고려은단 마루는 강쥐 멀티비타민 구미 60구미 (1개월분),피로회복,50대,4.9,8,12900,일반,일반
고려은단,고려은단 리포좀 비타민C 60캡슐 (2개월분),피로회복,60대이상,5.0,22,21900,일반,일반
뉴트리코어,뉴트리코어 유기농 비타민D 2000IU 2종 택 1 (2개월분/10개월분),피로회복,50대,0.0,0,64600,일반,일반
세노비스,세노비스 트리플러스 오메가3 이뮨 맨 80캡슐 트윈세트 (80일분),피로회복,30대,4.9,436,57800,일반,일반
세노비스,세노비스 트리플러스 오메가3 이뮨 우먼 80캡슐 트윈세트 (80일분),피로회복,40대,4.9,408,57800,일반,일반
세노비스,세노비스 멀티비타민미네랄 60구미 트윈세트 (4개월분),피로회복,50대,4.7,999,60000,일반,일반
메디트리,메디트리 비타민D 4000IU 아연 츄어블 90정 (3개월분),피로회복,40대,4.8,28,9700,일반,일반
뉴오리진,유한 올인원 종합비타민&이뮨 7병 (7일분),피로회복,50대,5.0,207,16900,일반,일반
로트벡쉔,로트벡쉔 이뮨샷 올인원 비타민 플러스 7개입 (7일분),피로회복,50대,4.0,6,49800,일반,일반
에스더포뮬러,[키링증정/1+1더블기획] 여에스더 멀티비타민 미네랄 파워퍼프걸 에디션 (총 2개월분),피로회복,50대,4.9,999,17800,일반,일반
에스더포뮬러,[손거울증정] 여에스더 올인원 이뮨 비타민 샷 20 파워퍼프걸 에디션 (6병입),피로회복,20대,4.9,55,17500,일반,일반
대원제약,대원제약 데일리 비타민C 1000 30정 (1개월분),피로회복,20대,5.0,8,11700,일반,일반
퍼니트,"퍼니트 칼륨 포타슘 수분 밸런스 1500 1,200mg 120정 (1개월분)",피로회복,50대,5.0,17,11900,일반,일반
센트룸,센트룸 원데이팩 우먼 2030 14팩 (14일분),피로회복,20대,4.9,621,24900,일반,일반
뉴트리코어,뉴트리코어 비타민C 60정 단품/기획 (2개월분/10개월분),피로회복,30대,5.0,2,39000,일반,일반
비타바움,비타바움 퓨어비타민C 500 (30병입) (1개월분),피로회복,30대,5.0,170,94900,일반,일반
순수식품,순수식품 종합비타민 미네랄23 90정 (3개월분),피로회복,20대,5.0,26,10500,일반,일반
순수식품,순수식품 비타민B 컴플렉스 11종기능성 90정 (3개월분),피로회복,50대,4.7,13,10500,일반,일반
바이너랩,바이너랩 부스티 아르기닌 7개입 (7일분),피로회복,50대,4.9,304,29900,일반,일반
키즈텐,키즈텐 어린이 종합비타민 미네랄 30포 (1개월분),피로회복,30대,5.0,6,20900,일반,일반
키즈텐,키즈텐 어린이 멀티비타민 미네랄 구미 60구미 (1개월분),피로회복,50대,5.0,14,25000,일반,일반
스포식스,뉴케어 스포식스 옵티멈 비타민B (900mgX30정),피로회복,30대,5.0,999,12900,일반,일반
헬퓨,헬퓨 비건 비타민D3 2000IU 60캡슐 (2개월분),피로회복,60대이상,4.9,36,17100,일반,일반
뉴칸,뉴칸 더블파워 밀크씨슬+멀티비타민 1개입 (1일분),피로회복,30대,4.9,999,3170,일반,일반
영롱,영롱 비건 베리 비타민C 30정 (1개월분),피로회복,20대,4.9,19,28000,일반,일반
영롱,영롱 멜라치온 미네랄 60정 (1개월분),피로회복,40대,5.0,16,28500,일반,일반
슬로우글로우,슬로우글로우 비타민 C&D 듀얼 구미 30구미 (1개월분),피로회복,40대,4.9,38,17900,일반,일반
하루틴,[올영단독] 하루틴 온 리포좀 비타민C 30정 (1개월분),피로회복,50대,5.0,999,12900,일반,일반
뉴트리가든,뉴트리가든 멜팅업 리포좀 비타민C 30포 (1개월분),피로회복,40대,5.0,2,14500,일반,일반
뉴트리가든,뉴트리가든 메가플러스 비오틴 10000 60정 (2개월분),피로회복,60대이상,4.9,9,13400,일반,일반
데일리,데일리X주토피아 젤리스틱 멀티비타민 & 에센셜 14포 (14일분),피로회복,40대,5.0,29,22900,일반,일반
비타바움,비타바움 퓨어비타민C 500 (7병입) (7일분) + 1병 추가 증정,피로회복,30대,5.0,170,25500,일반,일반
구트할로,구트할로 발포 비타민C 500 레몬맛 20정 1통,피로회복,40대,4.9,25,4060,일반,일반
구트할로,구트할로 발포 멀티비타민 오렌지맛 20정 1통,피로회복,50대,4.9,29,4060,일반,일반
니아르,니아르 지속성 비타민C 1000 14정 (14일분),피로회복,50대,5.0,4,29800,일반,일반
덴프스,[덴프스 X 카카오프렌즈] 멀티비타민 키즈 14포 (14일분),피로회복,60대이상,5.0,4,30000,일반,일반
콴첼,콴첼 초임계 비타민 K2+D3 30정 (1개월분),피로회복,50대,4.9,8,10900,일반,일반
데일리,(미키 키링 증정) 데일리X디즈니 구미 멀티비타민&비타민C 60구미*2박스,피로회복,20대,5.0,66,35910,일반,일반
데일리,(미니 키링 증정) 데일리X디즈니 구미 멀티비타민&비타민C 60구미*2박스,피로회복,60대이상,5.0,64,35910,일반,일반
베러유,베러유 비타민C 데일리 구강 스프레이 50ml (160회분),피로회복,30대,0.0,0,18260,일반,일반
베러유,베러유 비타민 K2 데일리 구강 스프레이 25ml (60일분),피로회복,30대,0.0,0,73900,일반,일반
베러유,베러유 비타민D3+K2 데일리 구강 스프레이 12ml (90회분),피로회복,30대,0.0,0,34200,일반,일반
베러유,베러유 비타민D+K2 키즈 데일리 구강 스프레이 15ml (100회분),피로회복,30대,5.0,2,34200,일반,일반
베러유,베러유 비타민D 인펀트 데일리 구강 스프레이 15ml (100일분),피로회복,30대,5.0,3,12940,일반,일반
베러유,베러유 비타민D 3000IU 데일리 구강 스프레이 15ml (100일분),피로회복,60대이상,5.0,1,34900,일반,일반
베러유,베러유 비타민D 주니어 데일리 구강 스프레이 15ml (100일분),피로회복,60대이상,5.0,4,26900,일반,일반
베러유,베러유 비타민D 1000IU 데일리 구강 스프레이 15ml (100일분),피로회복,20대,5.0,5,14630,일반,일반
그린스토어,그린스토어 피로컷 앤 멀티비타민 이뮨샷 7병입 (7일분),피로회복,30대,0.0,0,18900,일반,일반
도펠헤르츠,[독일1위] 도펠헤르츠 이뮨플러스 아연+셀렌+비타민C+D+K 20포 (20일분),피로회복,60대이상,5.0,161,60500,일반,일반
도펠헤르츠,[독일1위] 도펠헤르츠 멀티비타민 A-Z 30정 (1개월분),피로회복,60대이상,5.0,239,29000,일반,일반
모어네이처,모어네이처 콜레스테롤 케어 발효 홍국 60정 (2개월분),피로회복,50대,0.0,0,21300,일반,일반
닥터트루,닥터트루 프리미엄 유기농 비타민D 3000IU 60정 (2개월분),피로회복,20대,5.0,4,37100,일반,일반
닥터트루,닥터트루 프리미엄 유기농 비오틴 60정 (1개월분),피로회복,40대,5.0,4,33000,일반,일반
닥터트루,닥터트루 프리미엄 비타민B 컴플렉스 MAX 60정 (2개월분),피로회복,50대,5.0,3,37800,일반,일반
고려은단,고려은단 속편한 비타민C 1000 중성비타민C 120정 (4개월분),피로회복,40대,4.9,26,17900,일반,일반
고려은단,고려은단 메가도스B 비타민B군 60정 (2개월분),피로회복,60대이상,4.9,999,16900,일반,일반
젠제네틱스,[설인아 PICK] 젠제네틱스 비타민B 컴플렉스 다이렉트 20포 (20일분),피로회복,30대,5.0,3,32400,일반,일반
젠제네틱스,[설인아 PICK] 젠제네틱스 비타민B 컴플렉스 다이렉트 6포 데이팩 (6일분),피로회복,50대,0.0,0,13110,일반,일반
젠제네틱스,[설인아 PICK] 젠제네틱스 포타슘 칼륨525mg 다이렉트 6포 데이팩 (3일분),피로회복,30대,4.5,4,12260,일반,일반
캔틴나인,"캔틴나인 서퍼데이, 판토비90정 (1개월분/고함량 판토텐산)",피로회복,50대,4.9,113,31200,일반,일반
캔틴나인,"캔틴나인 서퍼데이, 에너지 60정 (1개월분/멀티비타민)",피로회복,40대,5.0,9,31200,일반,일반
닥터파이토,닥터파이토 비건 멀티비타민 미네랄 120정 (1개월분),피로회복,50대,5.0,45,31500,일반,일반
닥터파이토,닥터파이토 유기농 비타민 D3 60정 (2개월분),피로회복,20대,5.0,3,29700,일반,일반
안국건강,안국건강 안심 비타민C 60정 (2개월분),피로회복,50대,0.0,0,17900,일반,일반
설당프리,설당프리 데이리셋 포타슘 120정 (30일분),피로회복,20대,0.0,0,12900,일반,일반
네이처메이드,네이처메이드 비타민D3 구미 (70일분),피로회복,20대,5.0,27,28800,일반,일반
올더베러,올더베러 웰니스 루틴 1포 모음전 13종 택1,피로회복,40대,4.8,999,1500,일반,일반
비타바움,비타바움 멀티비타민 플러스 브이 컴플렉스 15 (7병입) (7일분),피로회복,40대,5.0,24,25500,일반,일반
닥터언,닥터언 비타민D 30캡슐 (1개월분) (온),피로회복,50대,5.0,18,4000,일반,일반
세비톨,세비톨 토탈케어 포뮬러 비오틴 850mg 60정 (2개월분),피로회복,50대,0.0,0,53500,일반,일반
위타민,위타민 빌베리 구미 60구미 (60일분),피로회복,30대,5.0,4,37800,일반,일반
마미앤대디,마미앤대디 비건 식물성 비타민D 2000IU 60캡슐 (2개월분),피로회복,40대,5.0,206,19900,일반,일반
마미앤대디,마미앤대디 비건 식물성 비타민D 4000IU 60캡슐 (2개월분),피로회복,30대,5.0,6,24900,일반,일반
마미앤대디,마미앤대디 키즈 비타민D 1000IU 츄어블 60캡슐,피로회복,50대,5.0,2,12900,일반,일반
세노비스,세노비스 키즈 체력튼튼 멀티비타민미네랄 90정(45일분) (온),피로회복,20대,5.0,4,40000,일반,일반
뉴트원,뉴트원 비타민D 유기농 1000IU 60정 (2개월분) (온),피로회복,60대이상,5.0,5,22800,일반,일반
젠제네틱스,[설인아 PICK] 젠제네틱스 비타민B 컴플렉스 다이렉트 2종 택 1 (6포/20포),피로회복,40대,5.0,1,13110,일반,일반
비타바움,비타바움 멀티비타민 키즈 플러스 브이-컴플렉스15 (7병입) (7일분),피로회복,50대,5.0,18,25500,일반,일반
닥터린,닥터린 WCS 맥스 비타민C 3000 100포 (100일분),피로회복,30대,5.0,3,22900,일반,일반
뉴트리코어,뉴트리코어 하이퍼셀 리포좀 비타민C 단품/기획 (1개월분/5개월분),피로회복,50대,4.0,1,42750,일반,일반
잠백이,잠백이 종합 멀티 비타민 & 미네랄 영양제 30정,피로회복,50대,4.8,5,9800,일반,일반
안국건강,안국건강 마시는 실크 알부민 프리미엄 골드 30포 (1개월분),피로회복,40대,0.0,0,21900,일반,일반
닥터슈퍼칸,닥터슈퍼칸 B다이나믹 메가 30정 (1개월분),피로회복,50대,0.0,0,18900,일반,일반
비타바움,비타바움 멀티비타민 틴즈 플러스 브이-컴플렉스15 (7병입) (7일분),피로회복,30대,5.0,6,25500,일반,일반
비타바움,비타바움 멀티비타민 50+ 여성 (7병입) (7일분),피로회복,30대,5.0,13,25500,일반,일반
비타바움,비타바움 멀티비타민 50+ 남성 (7병입) (7일분),피로회복,60대이상,5.0,22,25500,일반,일반
닥터언,닥터언 비오틴 30정 (1개월분),피로회복,30대,0.0,0,9500,일반,일반
비타 500,비타500 데일리스틱 30포 (1개월분),피로회복,50대,5.0,38,9900,일반,일반
비타 500,비타500 데일리스틱 70포(70일분),피로회복,50대,5.0,28,13900,일반,일반
솔티스,솔티스 멀티비타민 올인원 500mgX30정(1개월분),피로회복,50대,0.0,0,13510,일반,일반
세렌,[고함량] 세렌 리포좀 비타민C 30포 (1개월분),피로회복,60대이상,5.0,18,33480,일반,일반
광동생활건강,광동생활건강 멀티비타민 30정 (1개월분),피로회복,30대,5.0,38,7900,일반,일반
광동생활건강,광동생활건강 비타민D 30캡슐 (1개월분),피로회복,60대이상,5.0,24,7900,일반,일반
덴프스,덴프스 비타민C 바이탈 30포 (1개월분),피로회복,30대,5.0,1,29000,일반,일반
덴프스,덴프스 트루바이타민 액티브 30포 (1개월분),피로회복,60대이상,5.0,2,39600,일반,일반
덴프스,덴프스 트루바이타민 I 30포 (1개월분),피로회복,30대,4.9,96,44100,일반,일반
덴프스,덴프스 트루바이타민 부스터 업 4병 (4일분),피로회복,50대,0.0,0,12900,일반,일반
베러웨러,베러웨러 본질 비타민D3 60캡슐 (2개월분),피로회복,40대,5.0,13,21000,일반,일반
세노비스,세노비스 멀티 이뮨 에너지 샷 7입(7일분),피로회복,60대이상,5.0,1,18500,일반,일반
마미앤대디,마미앤대디 키즈 비타민D 1000IU 츄어블 30캡슐(1개월분),피로회복,30대,5.0,4,8460,일반,일반
비타 500,비타500 데일리 메가비타민C 3000 30포 (1개월분),피로회복,20대,5.0,109,6900,일반,일반
엔젯오리진,엔젯오리진 멀티비타민 식물성 구미 피치&레몬 60구미 (1개월분),피로회복,20대,5.0,3,10500,일반,일반
센트룸,[NEW] 센트룸 이뮨부스트 데일리 프로텍션 C 14포 (14일분),피로회복,60대이상,4.5,6,12900,일반,일반
닥터브라이언,[몰티즈와 리트리버 러기지택 증정] 닥터브라이언 복숭아맛구미 비타민C&D 3000 (100구미 33일분),피로회복,20대,4.9,999,15210,일반,일반
비타바움,[골라 담기] 비타바움 비타민 7병입 8종 + 비타민C 1병 증정,피로회복,40대,4.8,999,25500,일반,일반
덴프스,덴프스 트루바이타민 2박스/2개월분,피로회복,50대,4.9,157,68350,일반,일반
가든오브라이프,가든오브라이프 유기농 남성 멀티비타민 30정 (1개월분),피로회복,30대,5.0,9,58000,일반,일반
가든오브라이프,가든오브라이프 유기농 여성 멀티비타민 30정(1개월분),피로회복,60대이상,4.7,19,58000,일반,일반
가든오브라이프,가든오브라이프 유기농 비타민D 60정 (2개월분),피로회복,60대이상,5.0,3,46941,일반,일반
리즈랩,리즈랩 바이알 이뮨 플러스 7입 (7일분x1세트),피로회복,20대,4.8,229,20900,일반,일반
나우푸드,나우푸드 비오틴 5000mcg 60캡슐 (2개월분),피로회복,60대이상,4.7,236,13000,일반,일반
리즈랩,리즈랩 바이알 이뮨 플러스 14입 (7일분x2세트),피로회복,20대,4.8,229,34900,일반,일반
덴프스,덴프스 비타민D 츄어블 4000IU 1/2/3박스 (2/4/6개월분),피로회복,40대,4.9,150,12000,일반,일반
덴프스,덴프스 비타민D 츄어블 4000IU 2박스/4개월분,피로회복,40대,4.9,150,31000,일반,일반
리즈랩,리즈랩 바이알 이뮨 플러스 30입 (30일분x1세트),피로회복,60대이상,4.8,229,58900,일반,일반
니몸내몸,"[선물포장]니몸내몸 영양젤리 3종 세트 (비타민C,비타민D,루테인) (1개월분)",피로회복,60대이상,4.9,185,26910,일반,일반
니몸내몸,니몸내몸 한방충전 멀티비타민 구미 (30구미) (1개월분),피로회복,50대,4.6,12,11610,일반,일반
니몸내몸,"니몸내몸 영양젤리 멀티비타민 구미 모음(비타민C, 비타민D, 루테인, 멀티비타민)",피로회복,30대,4.8,76,11610,일반,일반
덴프스,덴프스 트루바이타민 1/2/3/4박스 (1/2/3/4개월분),피로회복,20대,4.9,61,38950,일반,일반
덴프스,덴프스 트루바이타민 부스터 업 1/2/3/4박스 (4/8/12/16병),피로회복,30대,4.8,18,12900,일반,일반
덴프스,덴프스 트루바이타민 부스터 업 3박스/12병,피로회복,60대이상,5.0,7,35500,일반,일반
함소아,함소아 비타민D가득 1000IU 60캡슐 (60일분),피로회복,20대,5.0,55,13400,일반,일반
함소아,함소아 비타민젤리 딸기맛 100정(100일분),피로회복,30대,4.8,21,22900,일반,일반
함소아,함소아 면역비타민 브이업 1000mg 90정(45일분),피로회복,30대,5.0,4,12900,일반,일반
함소아,함소아 면역비타민 옐로우 60정 (1개월분),피로회복,50대,4.8,37,22900,일반,일반
함소아,함소아 면역비타민 그린 60정 (1개월분),피로회복,30대,5.0,6,22900,일반,일반
함소아,함소아 면역비타민 블루 60정 (1개월분),피로회복,60대이상,0.0,0,22900,일반,일반
함소아,함소아 면역비타민 레드 60정 (2개월분),피로회복,60대이상,5.0,4,22900,일반,일반
덴프스,덴프스 트루바이타민 3/4박스 (3개월/4개월분) +12포 추가 증정,피로회복,40대,5.0,19,72000,일반,일반
옵티젠,"옵티젠 바이탈 밀크씨슬&비타민(B,C,D,E) 10입(10일분)",피로회복,60대이상,5.0,6,31900,일반,일반
GNM자연의품격,GNM 올인원 뉴트리션 멀티비타민 1박스(30일분),피로회복,20대,4.9,404,36900,일반,일반
GNM자연의품격,GNM 올인원 뉴트리션 멀티비타민 칼슘마그네슘 1박스(1개월분),피로회복,60대이상,5.0,27,33900,일반,일반
GNM자연의품격,GNM 올인원 뉴트리션 멀티비타민 코큐텐 1박스(1개월분),피로회복,40대,4.8,41,33900,일반,일반
GNM자연의품격,GNM 장용성 이뮨 종합비타민 미네랄 60정 1박스(2개월분),피로회복,60대이상,4.9,82,14900,일반,일반
GNM자연의품격,[이성경 PICK] GNM 프리미엄 리포좀 비타민C 30정 1박스(총 1개월분),피로회복,40대,4.8,179,12900,일반,일반
GNM자연의품격,GNM 행운충전 멀티비타민 미네랄 구미 60구미 2개입,피로회복,40대,4.5,22,21900,일반,일반
GNM자연의품격,GNM 프리미엄 비타민D 4000IU 90정 1병 (총 3개월분),피로회복,20대,5.0,49,14900,일반,일반
GNM자연의품격,[총 2개월분] GNM 맘편한 철분 비타민C 1박스 / 철분제,피로회복,50대,4.8,150,13900,일반,일반
GNM자연의품격,[비건인증/총 2개월분] GNM 활성 엽산 800 비타민B 1박스 / 비타민C,피로회복,20대,4.9,344,17900,일반,일반
GNM자연의품격,GNM 어린이 종합비타민 구미젤리 UP 1병 총 60구미,피로회복,50대,4.9,38,10900,일반,일반
GNM자연의품격,GNM 어린이 칼슘 아연 비타민D 말랑 츄잉정 60정 X 1박스,피로회복,60대이상,5.0,46,13900,일반,일반
나우푸드,나우푸드 비타민D3 3000IU 90캡슐 (3개월분),피로회복,40대,4.9,27,19500,일반,일반
GNM자연의품격,GNM 올인원 이뮨 액상 종합비타민 7입 2박스 (14일분),피로회복,50대,4.6,46,33900,일반,일반
GNM자연의품격,GNM 올인원 이뮨 액상 종합비타민 7입 3박스 (21일분),피로회복,60대이상,4.7,43,48900,일반,일반
GNM자연의품격,GNM 올인원 이뮨 액상 종합비타민 트리플샷 7입 2박스 (14일분),피로회복,20대,5.0,19,35900,일반,일반
GNM자연의품격,GNM 올인원 이뮨 액상 종합비타민 트리플샷 7입 3박스 (21일분),피로회복,40대,5.0,23,51900,일반,일반
한삼인,한삼인 나를위한 알티지 오메가3&비타민E 1세트 (30일분),피로회복,50대,5.0,7,25800,일반,일반
한삼인,한삼인 나를위한 멀티비타민&미네랄 1세트 (30일분),피로회복,50대,4.9,25,18800,일반,일반
GNM자연의품격,[이성경 PICK] GNM 프리미엄 리포좀 비타민C 30정 3박스(총 3개월분),피로회복,60대이상,4.8,179,30900,일반,일반
GNM자연의품격,GNM 비타민D 5000IU 미니캡슐 180캡슐 X 1병(6개월분),피로회복,20대,5.0,27,13900,일반,일반
GNM자연의품격,GNM 비타민D 5000IU 미니캡슐 180캡슐 X 2병(12개월분),피로회복,60대이상,5.0,27,26800,일반,일반
GNM자연의품격,GNM 장용성 이뮨 종합비타민 미네랄 60정 3박스 (총 6개월분),피로회복,20대,4.9,82,35900,일반,일반
옵티젠,옵티젠 이뮨 멀티비타민&미네랄 7개입 (7일분),피로회복,50대,5.0,2,24000,일반,일반
옵티젠,옵티젠 이뮨 멀티비타민&미네랄 30개입,피로회복,60대이상,5.0,2,84000,일반,일반
옵티젠,[이뮨30+리프레쉬7]옵티젠 이뮨 멀티비타민&미네랄 30입+옵티젠 리프레쉬 마그네슘&징코플러스 7입 +쇼핑백,피로회복,40대,5.0,2,108000,일반,일반
옵티젠,[이뮨60입]옵티젠 이뮨 멀티비타민&미네랄 60입,피로회복,30대,5.0,2,167000,일반,일반
옵티젠,[이뮨30+7] 옵티젠 이뮨 멀티비타민&미네랄 30개입+7개입 (총 37개입)+쇼핑백,피로회복,50대,5.0,2,108000,일반,일반
옵티젠,[이뮨7+리프레쉬14]옵티젠 이뮨 멀티비타민&미네랄 7개입+옵티젠 리프레쉬 마그네슘&징코플러스 14개입 *쇼핑백증정*,피로회복,60대이상,5.0,2,65000,일반,일반
옵티젠,[이뮨14+리프레쉬7] 옵티젠 이뮨 멀티비타민&미네랄 14개입+리프레쉬 마그네슘&징코플러스 7개입,피로회복,50대,5.0,2,65000,일반,일반
GNM자연의품격,GNM 올인원 이뮨 액상 종합비타민 트리플샷 7입 (7일분),피로회복,40대,5.0,32,20900,일반,일반
뉴트리디데이,뉴트리디데이 프리미엄 비타민B 컴플렉스 골드 90정 (3개월분),피로회복,20대,4.8,12,17900,일반,일반
뉴트리디데이,뉴트리디데이 프리미엄 멀티비타민 골드 90정 (3개월분),피로회복,40대,4.9,7,11900,일반,일반
에스더포뮬러,[국민영양] 여에스더 멀티비타민 미네랄 30정 3박스/5박스 (3개월분/5개월분),피로회복,60대이상,4.9,999,29100,일반,일반
GNM자연의품격,GNM자연의품격 올인원 이뮨 액상 종합비타민 7입 (7일분),피로회복,20대,4.7,56,18900,일반,일반
가든오브라이프,가든오브라이프 여성 멀티비타민 30정*2개 선물세트 (2개월분),피로회복,20대,4.7,19,114000,일반,일반
가든오브라이프,가든오브라이프 유기농 종합 멀티비타민 선물세트 (남성 + 여성),피로회복,30대,5.0,1,114000,일반,일반
가든오브라이프,가든오브라이프 남성 멀티비타민 30정*2개 선물세트 (2개월분),피로회복,20대,5.0,11,114000,일반,일반
내츄럴플러스,내츄럴플러스 멀티비타민 이뮨샷 7개입 3박스 (21일분),피로회복,60대이상,5.0,7,34900,일반,일반
내츄럴플러스,내츄럴플러스 멀티비타민 이뮨샷 7개입 2박스 (14일분),피로회복,20대,5.0,7,24500,일반,일반
내츄럴플러스,[옵션 선택] 내츄럴플러스 멀티비타민 이뮨샷 7개입 1/2/3박스 (7일/14일/21일분),피로회복,60대이상,5.0,7,14400,일반,일반
내츄럴플러스,잔티바 멀티비타민 구미 120구미 3통 + 유기농 화장솜 원형 100매 1개 증정 / 비타민 10종 독일 직수입,피로회복,30대,0.0,0,55500,일반,일반
내츄럴플러스,내츄럴플러스 잔티바 멀티비타민 구미 120구미 2통 (4개월분) / 비타민 10종 독일 직수입,피로회복,60대이상,0.0,0,37500,일반,일반
메리트C,메리트C 메리트C&B 60포 (2개월분) + 쇼핑백 증정,피로회복,30대,5.0,2,28000,일반,일반
메리트C,메리트C 리포좀 비타민C 트리플샷 30개입 (1개월분) + 전용쇼핑백 증정,피로회복,40대,0.0,0,62200,일반,일반
메리트C,"[고함량비타민] 메리트C 메리트C산 2,000mg 90포 (3개월분) + 쇼핑백 증정",피로회복,40대,4.8,10,27500,일반,일반
메리트C,"[고함량비타민] 메리트C 메리트C산 3,000mg 90포 (3개월분) + 쇼핑백 증정",피로회복,50대,5.0,9,37500,일반,일반
에스더포뮬러,[국민영양] 에스더포뮬러 국민영양(3박스) 11종 택1,피로회복,30대,4.8,999,28500,일반,일반
나우푸드,[선물박스] 나우푸드 비오틴 5000mcg 60캡슐 2병 (4개월분),피로회복,50대,4.7,236,21000,일반,일반
나우푸드,나우푸드 리포조말 비타민C 30정 (1개월분),피로회복,40대,0.0,0,25000,일반,일반
나우푸드,[선물박스] 나우푸드 리포조말 비타민C 30정 2박스 (2개월분),피로회복,40대,0.0,0,46000,일반,일반
나우푸드,나우푸드 비타민D3 & K2 90캡슐 메나퀴논 MK-7 (3개월분),피로회복,40대,5.0,6,23000,일반,일반
나우푸드,[선물박스] 나우푸드 비타민D3 & K2 90캡슐 2박스 메나퀴논 MK-7 (6개월분),피로회복,30대,5.0,6,39900,일반,일반
나우푸드,나우푸드 아담 맨스 멀티비타민 60정 (2개월분),피로회복,30대,5.0,3,27000,일반,일반
나우푸드,[선물박스] 나우푸드 아담 맨스 멀티비타민 60정 2박스 (4개월분),피로회복,30대,5.0,3,50000,일반,일반
닥터프로그램,닥터프로그램 마더스케어 올인원 플러스 1 30개입 (1개월분),피로회복,40대,5.0,11,55200,일반,일반
닥터프로그램,닥터프로그램 마더스케어 올인원 플러스 1 10개입 (10일분),피로회복,20대,5.0,11,18500,일반,일반
닥터프로그램,닥터프로그램 마더스케어 올인원 플러스 2 30개입 (1개월분),피로회복,30대,4.9,18,55200,일반,일반
닥터프로그램,닥터프로그램 비타민D 3000UI 플러스 60정 (2개월분),피로회복,40대,5.0,3,10000,일반,일반
닥터프로그램,닥터프로그램 비타민D 3000UI 플러스 60정 2박스 (4개월분),피로회복,50대,5.0,3,19500,일반,일반
나우푸드,나우푸드 이브 우먼스 멀티비타민 60정 (2개월분),피로회복,40대,4.0,2,27000,일반,일반
나우푸드,[선물박스] 나우푸드 이브 우먼스 멀티비타민 60정 2박스 (4개월분),피로회복,60대이상,4.0,2,50000,일반,일반
올키,올키X헬로카봇 비타젤리 청포도맛 15포 (15일분),피로회복,20대,5.0,4,12500,일반,일반
올키,올키X헬로카봇 비타젤리 사과맛 15포 (15일분),피로회복,20대,5.0,4,12500,일반,일반
올키,올키X헬로카봇 비타젤리 열대과일맛 15포 (15일분),피로회복,40대,5.0,4,12500,일반,일반
종근당,종근당 활력 비타민B 플러스 60정 1박스 (2개월분) + NP 비타민C1000 구미 1봉,피로회복,30대,4.8,57,14900,일반,일반
종근당,종근당 활력 비타민B 플러스 60정 2박스 (4개월분) + NP 비타민C1000 구미 2봉,피로회복,20대,4.8,57,28900,일반,일반
종근당,[2개월분] 종근당 헬시아민 초임계 메나퀴논 비타민K2&D3 망간 60정 1박스,피로회복,30대,0.0,0,17900,일반,일반
종근당,[4개월분] 종근당 헬시아민 초임계 메나퀴논 비타민K2&D3 망간 60정 2박스,피로회복,20대,0.0,0,33900,일반,일반
종근당,[6개월분] 종근당 헬시아민 초임계 메나퀴논 비타민K2&D3 망간 60정 3박스,피로회복,40대,0.0,0,48900,일반,일반
일양약품,[비타민C 구미 포도맛 1봉 증정] 일양약품 프라임 종합비타민미네랄 플러스 180정 1박스 (6개월분),피로회복,20대,4.9,17,13900,일반,일반
솔가,솔가 비타민 D3 2200IU 50캡슐 (50일분),피로회복,50대,5.0,42,25900,일반,일반
솔가,(임박특가) 솔가 남성용 멀티비타민&미네랄 60정 (2개월분),피로회복,60대이상,4.8,226,47600,일반,일반
옵티젠,"옵티젠 바이탈 밀크씨슬&비타민(B,C,D,E) 7개입 (7일분)",피로회복,40대,5.0,6,24000,일반,일반
솔가,(임박특가) 솔가 여성용 멀티비타민&미네랄 60정 (2개월분),피로회복,60대이상,4.9,12,47600,일반,일반
덴프스,[선물세트] 덴프스 트루바이타민 4박스 +증정: 트루바이타민 12포,피로회복,30대,4.9,161,92000,일반,일반
GNM자연의품격,GNM 올인원 뉴트리션 멀티비타민 유산균 30개입 (1개월분),피로회복,40대,0.0,0,41900,일반,일반
뉴네이처,뉴네이처 인생비타민D3 5000IU 180캡슐 (6개월분),피로회복,30대,5.0,6,15300,일반,일반
뉴네이처,뉴네이처 멀티비타민 앤 미네랄 180정 (6개월분),피로회복,20대,0.0,0,28700,일반,일반
올키,올키X헬로카봇 비타&칼슘젤리 5종 (15일분),피로회복,50대,5.0,25,12500,일반,일반
담백하루,담백하루 비타민D 2000IU 에센스 30캡슐 (1개월분),피로회복,30대,0.0,0,12200,일반,일반
담백하루,담백하루 스트레스&피로개선 홍경천 멀티비타민 맥스 60정 (1개월분),피로회복,60대이상,5.0,4,33400,일반,일반
담백하루,담백하루 퍼펙트 키즈 컴플리트 멀티비타민 60포 (1개월분),피로회복,20대,0.0,0,48400,일반,일반
덴프스,덴프스 비타민D 츄어블 4000IU 3박스/6개월분,피로회복,60대이상,4.9,165,34000,일반,일반
구트할로,구트할로 발포 비타민C 500 레몬맛 20정 3통,피로회복,60대이상,5.0,4,10800,일반,일반
구트할로,구트할로 발포 비타민C 500 레몬맛 20정 5통,피로회복,20대,5.0,5,16800,일반,일반
구트할로,구트할로 발포 멀티비타민 오렌지맛 20정 3통,피로회복,20대,5.0,7,10800,일반,일반
구트할로,구트할로 발포 멀티비타민 오렌지맛 20정 5통,피로회복,60대이상,5.0,5,16800,일반,일반
덴프스,덴프스 트루바이타민 부스터 업 2박스/8병,피로회복,20대,4.9,25,24300,일반,일반
덴프스,덴프스 트루바이타민 부스터 업 4박스/16병,피로회복,60대이상,4.9,25,46200,일반,일반
덴프스,덴프스 비오틴 밸런스 3박스/3개월분 +증정: 비타민C 3포,피로회복,50대,4.7,11,71000,일반,일반
덴프스,덴프스 비타민C 바이탈 1/2/3박스 (1/2/3개월분),피로회복,30대,0.0,0,29000,일반,일반
덴프스,덴프스 비타민C 바이탈 2박스/2개월분,피로회복,40대,0.0,0,57000,일반,일반
덴프스,덴프스 비타민C 바이탈 3박스/3개월분,피로회복,30대,0.0,0,81000,일반,일반
덴프스,[덴프스X카카오프렌즈] 멀티비타민 키즈 2/3박스,피로회복,60대이상,0.0,0,26400,일반,일반
닥터프로그램,닥터프로그램 마더스케어 올인원 솔루션 7개입 (7일분),피로회복,40대,0.0,0,15500,일반,일반
덴프스,덴프스 트루바이타민 12포 (12일분),피로회복,30대,4.9,125,11000,일반,일반
옵티젠,옵티젠 산리오 구미덕 멀티비타민&미네랄 40구미 (20일분),피로회복,20대,0.0,0,13000,일반,일반
꾸미,꾸미 칼슘+비타민D3 60구미 (1개월분),피로회복,50대,4.8,999,20000,일반,일반
세노비스,세노비스 키즈 트윈스 징크씨 60캡슐 (1개월분),피로회복,40대,4.8,24,35000,일반,일반
뉴트리원라이프,뉴트리원라이프 비타민D3 3000IU 60캡슐 (2개월분),피로회복,20대,5.0,18,19800,일반,일반
뉴트리원라이프,뉴트리원라이프 비오틴 블랙 5000 30정 (1개월분),피로회복,30대,4.7,68,18900,일반,일반
허벌랜드,허벌랜드 비타민D3 1000 IU 60구미 (2개월분),피로회복,50대,4.8,114,16590,일반,일반
안국건강,안국건강 안심 멀티비타민 미네랄 60정 (2개월분),피로회복,40대,4.8,39,18900,일반,일반
차일드라이프,차일드라이프 비타민 D3 30ml,피로회복,50대,4.8,98,12400,일반,일반
에치와이,에치와이 야쿠르트 젤리스틱 30포 (30일분),피로회복,50대,4.8,110,26640,일반,일반
블랙모어스,블랙모어스 멀티비타민 플러스 에너지 30정 트윈세트 (2개월분),피로회복,60대이상,4.9,97,21600,일반,일반
애드마일스,애드마일스 멀티비타민 에스피포뮬라 60정 (2개월분),피로회복,60대이상,4.8,50,22500,일반,일반
자로우 포뮬러스,자로우 판토텐산 B5 100캡슐 (100일분),피로회복,50대,4.7,363,22000,일반,일반
나트롤,"나트롤 비오틴 10,000 에프디 60정 (2개월분)",피로회복,50대,4.8,695,17000,일반,일반
애드마일스,애드마일스 오피스팩 22포 (22일분),피로회복,50대,5.0,95,45900,일반,일반
베러데이,베러데이 키즈데이 사과맛 츄어블(종합비타민) 90정 (1개월분),피로회복,20대,4.8,25,36000,일반,일반
아텍스,아텍스 카봇 키즈 비타민 C 40정 (8일분),피로회복,50대,4.9,313,2400,일반,일반
네추럴라이즈,네추럴라이즈 칼슘 & 비타민D 꾸미 60개 (1개월분),피로회복,60대이상,4.9,82,15900,일반,일반
얼라이브,얼라이브 비타B 에너지 구미 (90구미),피로회복,60대이상,4.6,131,33000,일반,일반
엔젯오리진,엔젯오리진 귤젤리 비타민 C&D70구미+15구미 증정기획(28일분),피로회복,60대이상,4.9,999,11900,일반,일반
셀파렉스,셀파렉스 에센셜 포 우먼 30포 (1개월분),피로회복,50대,4.6,85,24900,일반,일반
안국건강,안국건강 리포좀 비타민C 60정 (1개월분),피로회복,30대,5.0,3,36000,일반,일반
닥터프리오,닥터프리오 더다른 고함량 비오틴 판토텐산 60정 4주분,피로회복,60대이상,4.8,110,25500,일반,일반
덴프스,덴프스 트루바이타민 12포 (12일분),피로회복,40대,4.9,262,15000,일반,일반
센트룸,센트룸 멀티 구미 80정 (40일분),피로회복,20대,4.8,999,23000,일반,일반
세노비스,세노비스 키즈 면역튼튼 아연비타C 60정(60일분),피로회복,30대,5.0,10,41900,일반,일반
대웅제약,대웅제약 우루샷 이브 2정,피로회복,20대,4.9,257,3000,일반,일반
위아바임,[비타민&미네랄] 위아바임 이뮨 바이탈 솔루션 7개입 (7일분),피로회복,30대,4.9,999,24900,일반,일반
위아바임,위아바임 마그아연&킬 스트레스 7개입 (7일분),피로회복,50대,5.0,450,16900,일반,일반
네추럴라이즈,[1일 섭취량의 250%]네추럴라이즈 우주먼지 데일리 비타씨 플러스 (20일분),피로회복,40대,5.0,34,8410,일반,일반
라이필,[NEW] 라이필 멀티비타민 컴팩 포 우먼 30포 (30일분),피로회복,60대이상,5.0,267,48400,일반,일반
락피도,락피도 영양가득 비타젤리 15포 (15일분),피로회복,50대,5.0,3,18000,일반,일반
락피도,락피도 액상멀티비타민 키즈 30포 (1개월분),피로회복,20대,4.8,8,19600,일반,일반
락피도,락피도 비타민D 츄어블 1000IU 60캡슐 (2개월분),피로회복,30대,5.0,10,15000,일반,일반
락피도,락피도 면역튼튼 비타구미 90구미 (1개월분),피로회복,30대,5.0,7,18000,일반,일반
닥터아돌,닥터아돌 아이오딘 멀티비타민 우먼 60정 (30일분),피로회복,30대,5.0,4,33910,일반,일반
에치와이,에치와이 브이푸드 멀티비타 이뮨샷 7병 (7일분),피로회복,30대,0.0,0,23000,일반,일반
뉴트리코어,뉴트리코어 리포좀 비타민C 30포/150포 택 1,피로회복,20대,4.3,15,45000,일반,일반
GNC,GNC 데일리 이뮨 멀티비타민 구미 60구미 (1개월분),피로회복,30대,0.0,0,25700,일반,일반
핏타민,핏타민 이지팩 멀티비타민 15정 (15일분),피로회복,50대,5.0,245,5900,일반,일반
메리루스,메리루스 모닝 액상 멀티비타민 1병 (32일분),피로회복,40대,5.0,1,100000,일반,일반
메리루스,메리루스 나이트 멀티미네랄 14포 (14일분),피로회복,50대,4.9,222,24500,일반,일반
비타슈넬,비타슈넬 바이탈업 에너지부스터 30포 (1개월분),피로회복,40대,4.9,45,24900,일반,일반
닥터브라이언,[에스더버니PICK] 복숭아 맛 비타민C&D 100구미 (+에스더버니 굿즈 증정기획),피로회복,20대,4.9,999,15900,일반,일반
엔젯오리진,[15구미 증정기획] 엔젯오리진 귤젤리 비타민 C&D 70구미 X 벨리곰 패키지,피로회복,50대,4.9,999,11900,일반,일반
닥터브라이언,닥터브라이언 복숭아맛구미 비타민C&D 3000 15구미 (5일분),피로회복,40대,4.9,999,4900,일반,일반
엔젯오리진,엔젯오리진 비타프레쉬 귤젤리 비타민C&D 3000 15구미 (5일분),피로회복,20대,4.9,999,4900,일반,일반
세노비스,세노비스 키즈멀티비타민 120정 (2개월분),피로회복,50대,4.8,6,45000,일반,일반
네추럴라이즈,네추럴라이즈 선라이트 비타민D3 2000IU 180캡슐 (6개월분),피로회복,60대이상,5.0,20,14900,일반,일반
네추럴라이즈,네추럴라이즈 프리미엄 비타민B12 90정 (3개월분),피로회복,20대,0.0,0,17900,일반,일반
네추럴라이즈,네추럴라이즈 활력비타민B-100 컴플렉스 90정 (3개월분),피로회복,20대,4.7,7,28900,일반,일반
오로라,오로라 리포좀 비타민B 콤플렉스 액상 7포 (7일분),피로회복,40대,0.0,0,20100,일반,일반
고려은단,고려은단 메가도스C 비타민C 3000mg 100포 (100일분),피로회복,20대,4.9,999,25900,일반,일반
뉴트리원라이프,뉴트리원라이프 리포좀 비타민C 골드 72정 선물세트 (72일분),피로회복,30대,4.9,9,39000,일반,일반
뉴트리원라이프,뉴트리원라이프 리포좀 비타민C 골드 30정 (1개월분),피로회복,40대,4.9,9,23900,일반,일반
마더네스트,마더네스트 비타민D 2000IU 90캡슐 (3개월분),피로회복,20대,5.0,2,16100,일반,일반
상트베른하르트,상트베른하르트 이뮨컴플렉스 14개입 (14일분),피로회복,30대,0.0,0,26900,일반,일반
세노비스,세노비스 트리플러스 오메가3 이뮨 맨 80캡슐 (40일분),피로회복,40대,4.9,428,28900,일반,일반
세노비스,세노비스 트리플러스 오메가3 이뮨 우먼/맨 80캡슐 (40일분),피로회복,40대,4.9,428,28900,일반,일반
뉴트리원라이프,뉴트리원라이프 올인원 멀티비타민 미네랄 21 30정 (1개월분),피로회복,60대이상,4.8,17,10900,일반,일반
뉴오리진,유한 올인원 종합비타민&이뮨 14병 (14일분),피로회복,40대,5.0,207,29900,일반,일반
로트벡쉔,로트벡쉔 아이젠샷 7개입 (7일분),피로회복,30대,3.9,8,49800,일반,일반
로트벡쉔,로트벡쉔 11 비타민 플러스 750ml  (7일분),피로회복,50대,5.0,6,19800,일반,일반
슬로우글로우,슬로우글로우 리포좀 레티놀C 워터믹스 14포 (2주분),피로회복,30대,5.0,20,18900,일반,일반
데일리,데일리 구미 멀티비타민 제로슈가 60구미 (1개월분),피로회복,50대,5.0,78,15900,일반,일반
데일리,데일리구미 멀티비타민 제로슈가 8구미*5개입 (20일분),피로회복,30대,5.0,78,12900,일반,일반
데일리,데일리 구미 비타민C 제로슈가 60구미 (1개월분),피로회복,40대,5.0,90,15900,일반,일반
데일리,데일리 구미 비타민C 제로슈가 8구미*5개입 (20일분),피로회복,40대,5.0,90,10320,일반,일반
센트룸,센트룸 원데이팩 맨 2030 14팩 (14일분),피로회복,60대이상,5.0,150,24900,일반,일반
락티브,락티브 우리아이 비타민D 드롭 10ml,피로회복,60대이상,5.0,58,17890,일반,일반
데일리,데일리X주토피아 젤리스틱 멀티비타민 & 에센셜 14포*2박스 (인형키링 증정) (4주분),피로회복,30대,4.9,38,37900,일반,일반
바이오렉트라,바이오렉트라 비타민B 컴플렉스 20포 (20일분),피로회복,60대이상,5.0,37,59400,일반,일반
바이오렉트라,바이오렉트라 비타민B12 다이렉트 30포 (1개월분),피로회복,60대이상,0.0,0,45000,일반,일반
광동생활건강,광동생활건강 리프레C 메가비타민C3000 90포 (3개월분),피로회복,30대,5.0,4,13900,일반,일반
가든오브라이프,가든오브라이프 유기농 맘스(임산부) 멀티비타민 30정 (1개월분),피로회복,30대,4.8,51,48529,일반,일반
가든오브라이프,가든오브라이프 유기농 타블렛 비오틴 30정 (1개월분),피로회복,20대,4.9,21,42235,일반,일반
가든오브라이프,가든오브라이프 여성추천기획 (철분 30정 + 비타민D 60정 + 밀크씨슬 30정),피로회복,50대,0.0,0,134000,일반,일반
가든오브라이프,가든오브라이프 키즈 멀티비타민 미네랄 30정 (15일분),피로회복,20대,5.0,2,16125,일반,일반
가든오브라이프,가든오브라이프 유기농 비타민C 60정 (2개월분),피로회복,50대,4.0,2,65000,일반,일반
스키니랩,스키니랩 종합비타민 미네랄 3박스(3개월분),피로회복,60대이상,4.9,11,42900,일반,일반
가든오브라이프,가든오프라이프 유기농 비타민C 스프레이 58ml (1개월분),피로회복,60대이상,4.9,9,30000,일반,일반
덴프스,덴프스 트루바이타민 포커스 1/2/3/4박스 (1/2/3/4개월분),피로회복,50대,4.9,95,38000,일반,일반
덴프스,덴프스 트루바이타민 포커스 3/4박스 (3/4개월분) +증정: 트루바이타민 12포,피로회복,20대,4.9,95,79000,일반,일반
셀렉스,셀렉스 비타민C 60정 (1개월분),피로회복,40대,5.0,10,18900,일반,일반
한삼인,한삼인 멀티비타G 이뮨샷 10개입 (10일분),피로회복,30대,5.0,65,34000,일반,일반
덴프스,덴프스 트루바이타민 액티브 1/2/3/4박스 (1/2/3/4개월분),피로회복,30대,5.0,34,39600,일반,일반
메노락토,메노락토 프리미엄 올인원 케어 멀티팩 포 우먼 30개입 (1개월분) + 쇼핑백 증정,피로회복,40대,0.0,0,23200,일반,일반
메리트C,메리트C 비타민K2&D 30캡슐 (1개월분),피로회복,60대이상,5.0,4,10900,일반,일반
메리트C,메리트C 멀티비타민 미네랄 구미 60구미 (1개월분),피로회복,30대,5.0,6,12900,일반,일반
가든오브라이프,가든오브라이프 남성추천세트 (남성 멀티비타민 30정(1개월분) + 밀크씨슬 30정(1개월분)),피로회복,60대이상,5.0,18,91529,일반,일반
가든오브라이프,가든오브라이프 여성추천세트 (여성 멀티비타민 30정(1개월분) + 비오틴 30정(1개월분)),피로회복,30대,0.0,0,102588,일반,일반
덴프스,덴프스 트루바이타민 포커스 4박스 +증정: 트루바이타민 12포,피로회복,50대,4.9,98,105000,일반,일반
덴프스,덴프스 트루바이타민 액티브 4박스 +증정: 트루바이타민 12포,피로회복,30대,5.0,34,124200,일반,일반
덴프스,덴프스 트루바이타민 포커스 2박스/2개월분,피로회복,60대이상,4.9,99,79000,일반,일반
덴프스,덴프스 트루바이타민 액티브 2박스/2개월분,피로회복,30대,4.9,36,76000,일반,일반
덴프스,덴프스 트루바이타민 액티브 3/4박스 (3개월/4개월분) +증정: 트루바이타민 12포,피로회복,20대,5.0,40,86800,일반,일반
생활약속,[6월 올영픽/곽민경 PICK] 생활약속 기분전환 알파플러스 10포 (+1포 증정기획),체지방감소·다이어트,30대,4.8,999,13000,일반,일반
푸드올로지,[서현PICK] 콜레올로지 버닝올로지 디데이 3.8g*5포 (5일분),체지방감소·다이어트,50대,4.7,999,15680,일반,일반
헬스헬퍼,[추성훈PICK] 헬스헬퍼 맥스컷 프로 크롬 60캡슐 (10일분),체지방감소·다이어트,20대,4.7,656,17960,일반,일반
푸드올로지,[서현PICK] 콜레올로지 PRO 600mg*30/60정 단품,체지방감소·다이어트,30대,4.7,999,17400,일반,일반
푸드올로지,[헬로키티콜라보] 콜레올로지 컷팅 젤리 레몬/키위/석류 10+2포 기획,체지방감소·다이어트,50대,4.8,999,18400,일반,일반
푸드올로지,맨올로지 컷 PRO 800mg*40정/80정 택 1,체지방감소·다이어트,20대,4.7,999,18530,일반,일반
바이탈뷰티,[1일 1정] 바이탈뷰티 메타그린 슬림업 단품 30일분,체지방감소·다이어트,60대이상,4.8,999,27900,일반,일반
비비랩,[단독기획] 비비랩 저분자콜라겐S 30포 단품/더블기획 (1개월/2개월분),체지방감소·다이어트,20대,4.9,999,16900,일반,일반
푸드올로지,[서현PICK] 콜레올로지 PRO 600mg*60정 (1개월분),체지방감소·다이어트,60대이상,4.7,999,30400,일반,일반
푸드올로지,"[서현PICK] 콜레올로지 티 PRO 하비탈출 8,000mg X 7포/15포 (7일분/15일분)",체지방감소·다이어트,40대,4.6,999,13970,일반,일반
생활약속,[6월 올영픽/곽민경 PICK]생활약속 기분전환 (본품10포+1포 추가 증정),체지방감소·다이어트,60대이상,4.8,999,11200,일반,일반
이너랩,[올영단독][독하게 매드] 셀트리온 홀드잇 MAD 매드 10일/14일,체지방감소·다이어트,60대이상,5.0,999,19300,일반,일반
헬스헬퍼,[추성훈PICK] 헬스헬퍼 맥스컷 다이어트 핏3.1 (14포),체지방감소·다이어트,20대,4.9,198,27460,일반,일반
CJ이너비,[6월 올영픽/먹는 PDRN 젤리] CJ 이너비 PDRN 리즈 벨리곰기획 14포 (14일분),체지방감소·다이어트,50대,5.0,999,18900,일반,일반
닥터아돌,[품절대란] 닥터아돌 카테킨 아세로라 바베이도스 체리C D 60정 / 히카바이오틱스 위디어트 21포,체지방감소·다이어트,50대,4.7,999,32300,일반,일반
바이탈뷰티,[다이어트 부스터] 바이탈뷰티 메타그린 부스터샷 7개입,체지방감소·다이어트,50대,4.7,999,22610,일반,일반
메디슨벨,[올영단독] 메디슨벨 마시는 샐러드 트리플 7+1포/14포 (8/14일분),체지방감소·다이어트,20대,4.9,999,15400,일반,일반
바이탈뷰티,[6월 올영픽/컷팅젤리] 바이탈뷰티 메타그린 더블컷 젤리 10입,체지방감소·다이어트,30대,4.9,194,18500,일반,일반
멜라메이트,[포켓몬 에디션] 식물성 멜라토닌 함유 멜라메이트 구미/로우슈가 구미 20/40/50구미 (+잠만보 말랑볼),체지방감소·다이어트,50대,4.8,999,13000,일반,일반
올더베러,올더베러 웰니스 구미 30일분 6종 택1,체지방감소·다이어트,40대,4.8,999,14900,일반,일반
바이탈뷰티,[리뉴얼/대용량] 바이탈뷰티 메타그린 슬림업 60정 리필 (2개월분),체지방감소·다이어트,60대이상,4.7,999,49980,일반,일반
멜라메이트,식물성 멜라토닌 함유 멜라메이트 구미/로우슈가 구미 (20/50구미),체지방감소·다이어트,20대,4.8,999,13000,일반,일반
씨제이웰케어,CJ웰케어 다이어트&혈당케어 30정 (1개월분) (OY단독),체지방감소·다이어트,60대이상,4.7,480,5900,일반,일반
이너랩,[올영단독] 셀트리온 홀드잇 30정 기획 (+5정 증정),체지방감소·다이어트,20대,4.8,999,19500,일반,일반
탄탄,탄탄 슬리밍 트리플 부스터 샷 5일+2일,체지방감소·다이어트,50대,4.7,190,18900,일반,일반
푸드올로지,[서현PICK/NEW]콜레올로지 쾌변 젤리 10포 (+2포 증정) (12일분),체지방감소·다이어트,40대,4.7,924,18400,일반,일반
grn+,grn+ 분홍이(105정)+초록이(70정) 기획세트 (35일분),체지방감소·다이어트,50대,4.7,999,39900,일반,일반
푸드올로지,[먹는 앰플젤리] 푸드올로지 앰플젤리 7포 5종 택1(PDRN/글루타치온C/히알루론산/시카/NMN),체지방감소·다이어트,40대,5.0,999,14900,일반,일반
칼로(Kalo),[올영단독] 칼로 스탑 PLUS 15포 + 컨트롤 PLUS 15포 기획 (1개월분),체지방감소·다이어트,20대,4.8,969,20500,일반,일반
바이너랩,바이너랩 겟글로이 14병 (2주분),체지방감소·다이어트,60대이상,4.7,500,53000,일반,일반
푸드올로지,푸드올로지 톡스올로지 클렌즈 비움 PRO 50ml*6병 (6회분),체지방감소·다이어트,60대이상,4.7,999,19480,일반,일반
오니스트,오니스트 트리플콜라겐 오렌지 14일 루틴,체지방감소·다이어트,40대,4.8,999,33000,일반,일반
비비랩,[차주영 PICK] 비비랩 저분자콜라겐S 에코패키지 기획 (100일분),체지방감소·다이어트,20대,4.9,999,49800,일반,일반
지노마스터,지노마스터 이노시톨 30포 (1개월분),체지방감소·다이어트,20대,4.8,999,17500,일반,일반
CJ이너비,[6월 올영픽] CJ 이너비 슬리밍 쾌변 젤리 벨리곰 기획 12포 (12일분),체지방감소·다이어트,20대,5.0,999,17500,일반,일반
CJ이너비,CJ 이너비 슬리밍샷 6병/스타터 6병,체지방감소·다이어트,20대,4.8,999,9900,일반,일반
네츄럴굿띵스,네츄럴굿띵스 잇츠 그린 샐러드 14포 (14일분),체지방감소·다이어트,30대,5.0,999,19900,일반,일반
온리추얼,[6월 올영픽] 온리추얼 슬리밍컷 다이어트 7포 (+1포 증정) (8일분),체지방감소·다이어트,50대,4.9,999,14900,일반,일반
세리박스,세리박스 세리번 나이트 기획세트 14포+2포 증정 (16일분),체지방감소·다이어트,30대,4.7,999,25900,일반,일반
푸드올로지,푸드올로지 지중해 레몬버베나 500mg 30정/60정 택1,체지방감소·다이어트,20대,4.8,292,19300,일반,일반
비거너리바이달바,[단독기획/다이어트 보조제] 비거너리 다이어트 젤리 4200mg 7포(+2포) (슬리밍젤리/샤인머스캣맛) (9일분),체지방감소·다이어트,50대,4.8,174,11900,일반,일반
에버콜라겐,에버콜라겐 인앤업비오틴 셀 56정 (28일분),체지방감소·다이어트,60대이상,4.9,999,24500,일반,일반
에버콜라겐,[OY단독] 에버콜라겐 타임 비오틴 셀 30포 (+3포 증정기획) / 인앤업 비오틴 셀 56정 (33/56일분),체지방감소·다이어트,60대이상,4.9,506,24500,일반,일반
온리추얼,[6월 올영PICK]온리추얼 슬리밍컷 다이어트/리셋 브이라인/글로우업 콜라겐 7포(+1포)/14포 (8/14일분),체지방감소·다이어트,30대,4.9,999,14900,일반,일반
그린몬스터,[4일추가증정] 그린몬스터 다이어트 쾌변쑥/체지방쏙 기획세트,체지방감소·다이어트,30대,4.7,999,10900,일반,일반
온리추얼,[6월 올영픽/윤광UP]온리추얼 글로우업 글루타치온 콜라겐 7포 (+1포 증정),체지방감소·다이어트,60대이상,4.9,999,16900,일반,일반
오니스트,오니스트 트리플콜라겐 오렌지 14개입*2박스 (28일분),체지방감소·다이어트,30대,4.8,999,69700,일반,일반
푸드올로지,푸드올로지 지중해 아티초크 800mg  20정/40정 택1,체지방감소·다이어트,30대,4.8,184,15400,일반,일반
CJ이너비,[6월 올영픽/콜라겐] CJ 이너비 글로우앰플 6병 (6일분),체지방감소·다이어트,60대이상,5.0,999,9900,일반,일반
오니스트,오니스트 트리플샤인 포도 14개입*2박스 (28일분),체지방감소·다이어트,30대,4.8,999,66300,일반,일반
닥터블릿,닥터블릿 푸응 팻버닝 프로 30캡슐 (10일분),체지방감소·다이어트,30대,4.8,999,20900,일반,일반
바이탈뷰티,[포켓몬 에디션/먹는 레티놀/비타민] 바이탈뷰티 슈퍼레티놀 15/30포 (+포켓몬 손거울),체지방감소·다이어트,50대,4.8,999,18900,일반,일반
빌드,빌드 프리미엄 테프 발효 효소 30포 (1개월분),체지방감소·다이어트,50대,5.0,999,18890,일반,일반
세노비스,세노비스 피부촉촉 히알루론산 10개입 (10일분),체지방감소·다이어트,60대이상,4.8,999,28500,일반,일반
헬시플레이스,[6월 한달 1+1]헬시플레이스 더블 토닝 화이트 글루타치온 콜라겐 스틱 14포 (14일분),체지방감소·다이어트,40대,5.0,999,28000,일반,일반
이너랩,[커피 맛] 셀트리온 작은 다이어트 카페 슬림 한 잔 60포 (1개월분),체지방감소·다이어트,30대,4.9,260,17900,일반,일반
프로뉴트리션,프로뉴트리션 클로라인 700mg*9정+9정,체지방감소·다이어트,50대,4.7,772,17100,일반,일반
grn+,grn+ 갈색이 효소 14포 (14일분),체지방감소·다이어트,60대이상,4.8,999,8900,일반,일반
온리추얼,[6월 올영픽] 온리추얼 리셋 브이라인 7포 (+1포 증정) (8일분),체지방감소·다이어트,30대,5.0,999,15900,일반,일반
판도라,판도라 브이트리티 7/14포 (7/14일분),체지방감소·다이어트,50대,5.0,999,13500,일반,일반
탄탄,[포켓몬 에디션] 탄탄젤리 더블컷 다이어트 14포 애플유자맛/자두맛 (+포켓몬 운동밴드) 택1,체지방감소·다이어트,50대,4.8,999,16900,일반,일반
바이탈헬스,바이탈헬스 바이탈슬림 다이어트 올인원 데이 20포 (10일분),체지방감소·다이어트,40대,4.6,999,23890,일반,일반
푸드올로지,[서현PICK] 콜레올로지 컷팅 젤리 30포 (1개월분),체지방감소·다이어트,30대,4.8,999,45900,일반,일반
푸드올로지,콜레올로지 컷팅 젤리 10포 어워즈 한정기획 (+컷팅 젤리 2포+콜라겐 젤리 2포),체지방감소·다이어트,20대,4.8,999,18400,일반,일반
칼로(Kalo),[올영단독] 칼로 컨트롤 PLUS 15포+15포 더블기획 (1개월분),체지방감소·다이어트,60대이상,4.7,999,20500,일반,일반
비비랩,[이시안 PICK] 비비랩 화이트 콜라겐 18+2/30포 (20일/30일분),체지방감소·다이어트,50대,4.9,999,24900,일반,일반
grn+,grn+ 초록이/분홍이 슬림밸런스 35일분,체지방감소·다이어트,30대,4.7,999,39900,일반,일반
니아르,니아르 액티포닌 돌외잎 14포 (14일분),체지방감소·다이어트,50대,4.3,20,39800,일반,일반
에스더포뮬러,여에스더 리포좀 글루타치온 필름 울트라 X 파워퍼프걸 에디션 21매 +파우치증정,체지방감소·다이어트,20대,4.8,999,18900,일반,일반
닥터아돌,닥터아돌 위디어트 히카바이오틱스 하이드록시 시트르산 21포 (21일분),체지방감소·다이어트,20대,4.7,999,38800,일반,일반
이너랩,셀트리온 이너랩 황금 쾌변엔 비건 울트라 차전자피 8500 30포 (15일분),체지방감소·다이어트,40대,4.7,98,17960,일반,일반
미궁365,미궁365 대장사랑 오리지널 14포 (7일분),체지방감소·다이어트,20대,4.7,999,17900,일반,일반
미에로화이바,[TWS PICK] 미에로화이바 데이톡 14포 (14일분),체지방감소·다이어트,20대,5.0,999,17900,일반,일반
락티브,[올영단독/+알부민] 락티브 이노시톨 콜린&알파락트알부민 부스터 30포 (1개월분),체지방감소·다이어트,60대이상,4.9,112,34890,일반,일반
탄탄,탄탄 슬리밍 2종 택1 (더블컷 다이어트젤리/부스터샷),체지방감소·다이어트,30대,4.8,999,16900,일반,일반
세리박스,세리박스 세리컷 스타터 블루밍 56정 (4주분),체지방감소·다이어트,30대,4.7,999,32900,일반,일반
바이탈뷰티,[리뉴얼/소용량] 바이탈뷰티 메타그린 슬림업 14일 (2주분),체지방감소·다이어트,30대,4.7,999,15300,일반,일반
오니스트,오니스트 케라그로우 망고 14일 루틴 단품/기획(+2포),체지방감소·다이어트,20대,4.8,351,31400,일반,일반
길팁,길팁 사과맛 샐러드캔디 30정(1개월분),체지방감소·다이어트,40대,4.8,183,31000,일반,일반
푸드올로지,"[서현PICK]콜레올로지 버닝올로지 티 7,000mg*15포 (15일분)",체지방감소·다이어트,40대,4.7,644,27460,일반,일반
탄탄,탄탄 더블컷 다이어트 젤리 3종 택1 (믹스베리맛/자두맛/애플유자맛),체지방감소·다이어트,60대이상,4.8,999,12900,일반,일반
이너시아,[국내최초 액상형] 이너시아 더 케어 업-솔션 이너시톨 2.0 (28일분/14일분 택 1),체지방감소·다이어트,40대,4.9,405,26800,일반,일반
글루어트,[식전 포켓샐러드] 글루어트 베지 스타터 14포 (자몽맛/요구르트맛),체지방감소·다이어트,60대이상,4.9,999,12500,일반,일반
잘록,[1세대 차전자피] 잘록 비우다 매실맛 20포 (20일분),체지방감소·다이어트,40대,4.8,53,25900,일반,일반
아일로,아일로 슬림컷 젤리 14포 (14일분),체지방감소·다이어트,20대,5.0,37,25900,일반,일반
딥트3일,[권은비Pick.딥트3일] 탄수화물 분해효소 리셋 8포,체지방감소·다이어트,40대,4.6,622,12000,일반,일반
닥터블릿,닥터블릿 푸응 파비플로라 14캡슐 (2주분),체지방감소·다이어트,30대,4.8,563,23900,일반,일반
헬스헬퍼,[추성훈PICK] 헬스헬퍼 맥스컷 컷팅 젤리 10포 / 14포  (10일분/14일분),체지방감소·다이어트,30대,4.0,2,20900,일반,일반
grn+,grn+ 체지방 컷 초록이 포켓 10포+4포증정 (14일분),체지방감소·다이어트,60대이상,4.7,909,9900,일반,일반
grn+,grn+ 탄수화물 컷 분홍이/초록이 포켓 10포+4포증정 (14일분) 2종 택1,체지방감소·다이어트,40대,4.7,999,9900,일반,일반
에스더포뮬러,[국민영양] 여에스더 어린콜라겐 레티놀 A 42정 (14일분),체지방감소·다이어트,60대이상,4.8,708,9700,일반,일반
헬시플레이스,헬시플레이스 더블 토닝 화이트 리포좀 글루타치온 30포 (1개월분),체지방감소·다이어트,40대,4.8,999,21000,일반,일반
칼로(Kalo),[급찐급빠] 칼로 스탑/컨트롤 PLUS 15포+15포 더블기획 3종 (1개월분) (OY단독),체지방감소·다이어트,60대이상,4.7,999,20500,일반,일반
닥터린,닥터린 리얼 브로멜라인 파인애플 효소 30포 (1개월분),체지방감소·다이어트,50대,4.9,179,9400,일반,일반
grn+,grn+ 리얼퀸 60정 (30일분),체지방감소·다이어트,40대,4.5,85,19900,일반,일반
grn+,grn+ 스트레스 케어 편안한 밤 하늘이 63정 (21일분),체지방감소·다이어트,50대,4.7,87,19900,일반,일반
생활약속,[곽민경 PICK/단독기획]생활약속 기분전환 에스 (본품10포+1포 추가 증정),체지방감소·다이어트,40대,4.8,865,19000,일반,일반
비비랩,[차주영 PICK]비비랩 글루타치온 콜라겐 W 30포 (30일분),체지방감소·다이어트,60대이상,4.9,214,18900,일반,일반
비비랩,[차주영 PICK] 비비랩 비오틴 콜라겐 V 30포 (30일분),체지방감소·다이어트,40대,4.7,467,18900,일반,일반
닥터블릿,[NEW] 닥터블릿 푸응 나이트버닝 프로 10캡슐 (10일분),체지방감소·다이어트,40대,4.9,999,18900,일반,일반
디어퀸,[이준혁PICK] 디어퀸 리포좀 글루타치온 필름 30매 (1개월분),체지방감소·다이어트,40대,4.9,999,17910,일반,일반
칼로(Kalo),칼로 스탑 PLUS 15포 (15일분),체지방감소·다이어트,20대,4.7,999,17500,일반,일반
그레인온,[단독기획]그레인온 골드카무트효소 30포+5포 증정 기획 (35일분),체지방감소·다이어트,50대,4.9,999,17500,일반,일반
네츄럴굿띵스,네츄럴굿띵스 속편한 생생효소 7포 (7일분),체지방감소·다이어트,50대,5.0,907,7900,일반,일반
이영애의 건강미식,이영애의 건강미식 생생효소 플러스 (30포),체지방감소·다이어트,50대,4.9,999,16900,일반,일반
이영애의 건강미식,이영애의 건강미식 효소 플러스 30포 3종 중 택1 (생생/새싹/초코),체지방감소·다이어트,40대,4.9,999,16900,일반,일반
그린몬스터,[멜라토닌 2mg]그린몬스터 식물성 멜라토닌 함유 멜라데이 28정(28일분),체지방감소·다이어트,60대이상,4.8,470,16900,일반,일반
바이탈뷰티,[포켓몬 에디션] 바이탈뷰티 슈퍼콜라겐 케라핏 30포 (+포켓몬 손거울 증정),체지방감소·다이어트,40대,4.7,999,16250,일반,일반
딥트3일,[권은비Pick] 딥트3일 스트롱플러스/리셋 외 2종(각 8포) 중 택1,체지방감소·다이어트,20대,4.5,999,15750,일반,일반
이너랩,[올영단독][키위맛 곤약쌀 젤리] 셀트리온 홀드잇 Jelly 그린 포켓젤리 10일분,체지방감소·다이어트,40대,5.0,513,15700,일반,일반
프롬바이오,[이준혁PICK] 프롬바이오 식물성 멜라토닌 함유 멜라마인 5.0 30정 (1개월분),체지방감소·다이어트,30대,4.9,336,15220,일반,일반
프롬바이오,프롬바이오 FARRO 발효 파로효소 알파 낙산균 플러스 30포 (1개월분),체지방감소·다이어트,30대,4.9,38,15210,일반,일반
CJ이너비,CJ 이너비  슬리밍 스타터 6병 / 슬리밍샷 5+1병 (6일분),체지방감소·다이어트,30대,4.8,999,14900,일반,일반
푸드올로지,푸드올로지 젤티풀 글루타치온C 앰플젤리 7포 (7일분),체지방감소·다이어트,60대이상,5.0,999,14900,일반,일반
닥터브라이언,[몰티즈와 리트리버 러기지택 증정] 닥터브라이언 비오틴 구미 5000 복숭아맛 (100구미 50일분),체지방감소·다이어트,50대,4.9,999,14900,일반,일반
푸드올로지,푸드올로지 젤티풀 PDRN 앰플젤리 7포 (7일분),체지방감소·다이어트,40대,5.0,999,14900,일반,일반
이너랩,셀트리온 이너랩 차전자피 가르시니아 슬리밍 환 20포 (10일분),체지방감소·다이어트,20대,4.9,314,13700,일반,일반
grn+,grn+ 초록이/분홍이 쓰리데이즈 시즌2 3개입(3일분) 2종 택 1,체지방감소·다이어트,20대,4.6,999,12000,일반,일반
그린몬스터,[4일 추가증정] 그린몬스터 다이어트 체지방쏙/쾌변쑥 기획세트,체지방감소·다이어트,40대,4.6,999,10900,일반,일반
비타민하우스,비타민하우스 라이신 맥스 28포 (28일분),체지방감소·다이어트,50대,4.7,20,10730,일반,일반
에스더포뮬러,[국민영양] 식물성 멜라토닌 함유 여에스더 멜라나인 플러스 30정 (1개월분),체지방감소·다이어트,30대,4.8,162,9700,일반,일반
닥터린,닥터린 알파CD 원데이 핏 14포&30포 (2/4주분),체지방감소·다이어트,30대,5.0,999,8460,일반,일반
CJ이너비,[히알루론산 240mg] CJ 이너비 아쿠아리치 56캡슐 (28일분),체지방감소·다이어트,50대,4.8,528,44000,일반,일반
그린몬스터,[체지방 감소] 그린몬스터 다이어트 스페셜2 가르시니아 900 112정 (2개월분),체지방감소·다이어트,60대이상,4.7,794,18000,일반,일반
그린몬스터,[체지방 감소] 그린몬스터 다이어트 녹차카테킨+ 28정 (2주분),체지방감소·다이어트,50대,4.7,331,18000,일반,일반
그린몬스터,[체지방 감소] 그린몬스터 안티스트레스 다이어트 칼로버닝 28포 (2주분),체지방감소·다이어트,50대,4.7,79,13900,일반,일반
그린몬스터,[1+1/체지방 감소/7중기능성] 그린몬스터 다이어트 콜레우스포스콜리 800mg*28정,체지방감소·다이어트,60대이상,4.7,192,18000,일반,일반
그린몬스터,[체지방 감소] 그린몬스터 다이어트 스페셜3 키토산 3200 84정 (2주분),체지방감소·다이어트,30대,4.6,80,18000,일반,일반
그린몬스터,[하루 한알 다이어트] 그린몬스터 지방타파 칼로아웃 잔티젠+ 14캡슐 (2주분),체지방감소·다이어트,60대이상,4.6,223,13900,일반,일반
grn+,grn+ 연홍이 콜레우스컷 (42정) (21일분),체지방감소·다이어트,20대,4.5,67,18900,일반,일반
그린몬스터,[체지방감소/혈행개선] 그린몬스터 다이어트 스페셜4 하비탈출 14포 (2주분),체지방감소·다이어트,50대,4.7,153,24000,일반,일반
비비랩,비비랩 히알루론산 30캡슐 (1개월분),체지방감소·다이어트,30대,4.8,206,15900,일반,일반
솔가,솔가 비오틴 5000 (100캡슐/100일분),체지방감소·다이어트,30대,4.8,304,50000,일반,일반
CJ이너비,[자기전 한알] CJ 이너비 팻다운 나이트번 잔티젠 30캡슐 (1개월분),체지방감소·다이어트,50대,4.8,117,49500,일반,일반
그린몬스터,[고함량 콜라겐] 그린몬스터 프리미엄 콜라겐5000 15포 (15일분),체지방감소·다이어트,50대,4.6,82,32000,일반,일반
화이트턴온,더 화이트 턴 온 30정,체지방감소·다이어트,20대,4.7,167,24900,일반,일반
비비랩,비비랩 저분자콜라겐 유산균 50포 (25일분),체지방감소·다이어트,50대,4.8,361,13900,일반,일반
비비랩,[차학연 PICK/1+1] 비비랩 석류콜라겐S 14포 (2주분),체지방감소·다이어트,20대,4.8,999,25900,일반,일반
바이너랩,바이너랩 겟마이비오틴 60정 (1개월분),체지방감소·다이어트,40대,4.8,172,33120,일반,일반
세리박스,세리박스 세리번 세리컷 스타터 샤이닝 84정 (4주분),체지방감소·다이어트,20대,4.7,640,33600,일반,일반
니드인,니드인 비움효소 3g x 10포,체지방감소·다이어트,60대이상,4.8,999,25000,일반,일반
비비랩,비비랩 더 엘라스틴 30포 (1개월분),체지방감소·다이어트,60대이상,4.7,112,19900,일반,일반
니드인,니드인 비움효소 3gx20포,체지방감소·다이어트,50대,4.8,999,19900,일반,일반
니드인,니드인 구마효소 3gx20포,체지방감소·다이어트,50대,4.7,920,19900,일반,일반
바이탈헬스,바이탈헬스 바이탈슬림 다이어트 올인원 나이트 10포 (10일분),체지방감소·다이어트,20대,4.7,999,11800,일반,일반
니드인,니드인 비움효소/구마효소 20포 2종 택1,체지방감소·다이어트,50대,4.8,999,19900,일반,일반
뷰티푸드,비타민하우스 맛있는 피쉬콜라겐 100포(100일분),체지방감소·다이어트,40대,4.6,77,17500,일반,일반
미궁365,미궁365 대장사랑 프리미엄 14포 (7일분),체지방감소·다이어트,30대,4.7,274,18900,일반,일반
미궁365,"미궁365 대장사랑 14포 (7일분) (오리지널, 프리미엄, 다이어트 중 택1)",체지방감소·다이어트,60대이상,4.7,999,17900,일반,일반
세노비스,세노비스 피부촉촉 히알루론산 50ml*20병 (20일분),체지방감소·다이어트,30대,4.8,999,54700,일반,일반
푸드올로지,[서현 pick] 파인올로지 효소 14포 (2주분),체지방감소·다이어트,30대,4.7,999,15680,일반,일반
바이너랩,바이너랩 겟글로시 글루타치온 30포(리포솜)(15일분),체지방감소·다이어트,40대,4.6,338,51000,일반,일반
니드인,니드인 비움효소 40포 기획 (40일분),체지방감소·다이어트,30대,4.8,999,37900,일반,일반
비비랩,비비랩 글루타치온C 30포 (1개월분),체지방감소·다이어트,20대,4.7,999,23900,일반,일반
아일로,아일로 타입1 콜라겐 비오틴 앰플 14입 (14일분),체지방감소·다이어트,50대,4.9,999,35900,일반,일반
아일로,[이나연PICK]아일로 타입1 콜라겐 비오틴 앰플 8+2/28입 (10/28일분),체지방감소·다이어트,50대,4.9,999,23900,일반,일반
아일로,아일로 화이타치온 30포 (1개월분),체지방감소·다이어트,20대,4.8,135,35000,일반,일반
위클리랩,위클리랩 이너플리 15포입 (Re) (15일분),체지방감소·다이어트,20대,4.8,67,11900,일반,일반
결콜라겐,뷰티바이오틱스 결콜라겐 100포 (100일분),체지방감소·다이어트,20대,4.8,339,17940,일반,일반
헬스앤뷰티,헬스앤뷰티 장비움 프로젝트 6.5g 10포 (5일분),체지방감소·다이어트,50대,4.6,194,19900,일반,일반
grn+,grn+ 탄수화물 컷 분홍이 포켓 10포+4포증정 (14일분),체지방감소·다이어트,50대,4.7,395,9900,일반,일반
세리박스,NEW 세리박스 세리번 나이트 14포 (2주분),체지방감소·다이어트,30대,4.7,999,22300,일반,일반
grn+,grn+ 다이어트 블랙맨 60정 (1개월분),체지방감소·다이어트,20대,4.9,99,44000,일반,일반
grn+,grn+ 분홍이 슬림밸런스&비오틴 90정+15정 (35일분),체지방감소·다이어트,20대,4.7,999,39900,일반,일반
스키니랩,[조아람 PICK] 스키니랩 모로실 다이어트 C3G 테이스티 16포 (8일분),체지방감소·다이어트,50대,4.8,999,20900,일반,일반
칼로(Kalo),[올영단독] 칼로 스탑/컨트롤 PLUS 15포 2종,체지방감소·다이어트,50대,4.7,999,17500,일반,일반
미궁365,미궁365 대장사랑 다이어트 14포 (7일분),체지방감소·다이어트,20대,4.9,68,19900,일반,일반
에버콜라겐,에버콜라겐 인앤업플러스 30정 (15일분),체지방감소·다이어트,20대,4.8,285,29000,일반,일반
허벌랜드,허벌랜드 비오틴 2500 mcg 이너플러스 식물성 구미젤리 30구미 (1개월분),체지방감소·다이어트,50대,4.7,65,18910,일반,일반
아일로,[이나연PICK]아일로 타입1 콜라겐 비오틴 앰플 8입 증정기획 (+2입 증정) (10일분),체지방감소·다이어트,60대이상,4.9,999,23900,일반,일반
센트,센트디 fast shot 10일 다이어트 리뉴얼 6병,체지방감소·다이어트,30대,4.7,999,11900,일반,일반
센트,센트디 fast shot 10일 다이어트 리뉴얼 10+2병 (10일분+2일분),체지방감소·다이어트,50대,4.7,999,22900,일반,일반
센트,센트디 패스트샷 10일 다이어트 리뉴얼 2종 중 택 1,체지방감소·다이어트,30대,4.7,999,22900,일반,일반
닥터브라이언,닥터브라이언 밸런스핏 가르시니아&비타민B 120캡슐 (30일분),체지방감소·다이어트,40대,0.0,0,19900,일반,일반
엔젯오리진,엔젯오리진 석류 콜라겐 부스터 72구미 (24일분),체지방감소·다이어트,40대,4.5,31,16900,일반,일반
센시안,센시안 마시는 센시안 14포 (14일분),체지방감소·다이어트,60대이상,4.8,999,21900,일반,일반
티젠,티젠 콤부차 콜라겐 젤리 피치 14포 (14일분),체지방감소·다이어트,50대,4.8,504,11900,일반,일반
센트,센트디 10일 다이어트 클렌즈 10포 (10일분),체지방감소·다이어트,50대,4.8,440,14900,일반,일반
비비랩,[차주영 PICK]비비랩 판토텐산 콜라겐 T 30포 (1개월분),체지방감소·다이어트,30대,4.7,54,18900,일반,일반
비비랩,[차주영 PICK] 비비랩 저분자콜라겐S 30포 (30일분),체지방감소·다이어트,60대이상,4.9,999,16900,일반,일반
비거너리바이달바,"[달바젤리/슬리밍젤리] 비거너리 다이어트 젤리 4200mg 7포 (샤인머스캣맛) (7일분/혈당관리, 탄수화물 CUT)",체지방감소·다이어트,60대이상,4.8,154,14000,일반,일반
CJ이너비,CJ 이너비 글루타치온골드 30매 (1개월분),체지방감소·다이어트,30대,4.9,317,41600,일반,일반
헬스앤뷰티,"코엘뮤신 20g*14포 달팽이추출분말(뮤신25%)800mg 엘라스틴 100mg 저분자피쉬콜라겐 3,000mg",체지방감소·다이어트,50대,4.9,141,37000,일반,일반
세리박스,세리박스 세리컷 듀오세트 (블루밍 56정 + 샤이닝 84정) (28일분),체지방감소·다이어트,60대이상,4.7,999,59000,일반,일반
이영애의 건강미식,이영애의 건강미식 새싹효소 플러스 (30포),체지방감소·다이어트,40대,5.0,655,19900,일반,일반
줄리스초이스,줄리스초이스 더마 뷰티 스킨부스터 60캡슐 (1개월분),체지방감소·다이어트,20대,4.4,28,47900,일반,일반
줄리스초이스,줄리스초이스 더마 뷰티 콜라겐 비오틴 앰플 12병 (12일분),체지방감소·다이어트,30대,4.9,27,37900,일반,일반
그린몬스터,[60만 역가수치] 그린몬스터 바나바 담은 현미효소 30포 (1개월분),체지방감소·다이어트,30대,4.8,150,24900,일반,일반
그린몬스터,[혈당DOWN/체지방CUT] 그린몬스터 혈당관리 다이어트 하루컷 28정 (28일분),체지방감소·다이어트,50대,4.8,263,23900,일반,일반
닥터프리오,닥터프리오 더다른 아르기닌 오르니틴 14포입 2주분,체지방감소·다이어트,60대이상,4.8,9,25000,일반,일반
닥터프리오,닥터프리오 더다른 맥주효모환 28포 4주분,체지방감소·다이어트,40대,4.9,42,29000,일반,일반
메디트리,메디트리 올나잇 액상 아르기닌 15포(15일분),체지방감소·다이어트,20대,4.9,28,12920,일반,일반
grn+,grn+ 빨강이 다이어트 젤리 14포 (14일분),체지방감소·다이어트,30대,4.7,63,23900,일반,일반
배러,[글루타치온함유] 동화약품 배러화이트 120g,체지방감소·다이어트,60대이상,4.8,355,3500,일반,일반
닥터랩노쉬,닥터랩노쉬 혈당관리 다이어트 혈당슬림컷 60정 (4주분),체지방감소·다이어트,50대,4.9,999,21900,일반,일반
뉴트리코어,뉴트리코어 콜라겐담다 2종 택1 (15포/75포),체지방감소·다이어트,40대,3.9,8,36900,일반,일반
뉴트리코어,뉴트리코어 순도 98% 맥스 글루타치온 필름 30매,체지방감소·다이어트,40대,5.0,6,36200,일반,일반
오니스트,오니스트 트리플샤인 포도 14일 루틴 단품/기획(+2포),체지방감소·다이어트,30대,4.8,999,31400,일반,일반
애드마일스,애드마일스 차전자피 식이섬유 30포 (15일분),체지방감소·다이어트,20대,4.9,145,22500,일반,일반
딥트3일,[권은비Pick] 딥트3일 스트롱플러스 3일케어 8포,체지방감소·다이어트,30대,4.3,70,15750,일반,일반
플랜트,플랜트 식물성 비건 콜라겐 비오틴(액상형) 15포 (15일분),체지방감소·다이어트,50대,5.0,357,25500,일반,일반
플랜트,플랜트 식물성 비건 콜라겐 비타민D(젤리형) 15포 (15일분),체지방감소·다이어트,30대,5.0,3,29500,일반,일반
바이오코어유산균,[화사 PICK]CJ BYOCORE 카무트곡물콤부효소 (30일분),체지방감소·다이어트,50대,4.8,342,28000,일반,일반
닥터린,닥터린 이노시톨 40:1 30포 (30일분),체지방감소·다이어트,30대,4.9,127,27500,일반,일반
이영애의 건강미식,[NEW] 이영애의 건강미식 초코효소 플러스 (30포),체지방감소·다이어트,50대,5.0,199,17900,일반,일반
그린몬스터,[체지방감소/지구력증진] 그린몬스터 맨 다이어트 피지컬 부스터 56정 (8주분),체지방감소·다이어트,50대,4.8,150,19900,일반,일반
메디트리,메디트리 포켓 콤부 파인애플 효소 30포 (1개월분),체지방감소·다이어트,40대,5.0,999,12150,일반,일반
멜라메이트,식물성 멜라토닌 함유 멜라메이트 정제 30정,체지방감소·다이어트,60대이상,4.8,814,19900,일반,일반
비비랩,비비랩 파인애플 효소 30포 (30일분),체지방감소·다이어트,40대,4.8,327,21500,일반,일반
익스트림,[김종국PICK]익스트림 블랙마카 1800mg*120정 (1개월분),체지방감소·다이어트,40대,5.0,241,27500,일반,일반
익스트림,[김종국PICK]익스트림 트리플 아르기닌 6200mg*15포(15일분),체지방감소·다이어트,60대이상,5.0,748,23400,일반,일반
익스트림,[김종국PICK]익스트림 듀얼 아르기닌 플러스 1000mg*120정 (2개월분),체지방감소·다이어트,20대,4.9,215,16300,일반,일반
익스트림,익스트림 아르기닌 젤리스틱 5000mg*14포(2주분),체지방감소·다이어트,50대,5.0,277,19300,일반,일반
세노비스,세노비스 콜라겐 비타민 젤리 단품/기획 7포(+2포) (7일분/9일분),체지방감소·다이어트,40대,4.9,999,19000,일반,일반
이영애의 건강미식,이영애의 건강미식 골드 카무트 효소 (30포),체지방감소·다이어트,50대,4.9,490,25300,일반,일반
라이필,"[10일콜라겐/모공,목주름] 라이필 더마콜라겐 비오틴맥스 12+2포 최저분자 173달톤 콜라겐",체지방감소·다이어트,60대이상,4.9,999,17900,일반,일반
익스트림,익스트림 트리플 아르기닌 5000 20mlx10포 (+2포 추가증정),체지방감소·다이어트,30대,4.9,999,12900,일반,일반
익스트림,익스트림 아르기닌 젤리스틱 20gx8포 (+2포 추가증정),체지방감소·다이어트,30대,4.9,999,10900,일반,일반
세리박스,세리박스 가벼운 효소 14포+3포 증정 기획상품,체지방감소·다이어트,30대,4.8,999,14400,일반,일반
닥터브라이언,닥터브라이언 퍼펙트핏 콜레우스 포스콜리 (30정) (30일분),체지방감소·다이어트,40대,4.8,18,19900,일반,일반
grn+,grn+ 노랑이 파인애플 효소 30포 (30일분),체지방감소·다이어트,60대이상,4.8,182,11900,일반,일반
탄탄,[포켓몬 에디션] 탄탄젤리 더블컷 다이어트 14포 애플유자맛/자두맛 (+포켓몬 운동밴드),체지방감소·다이어트,30대,4.8,999,16900,일반,일반
베지핏,베지핏 튜메릭 강황 36g (60정) (2개월분),체지방감소·다이어트,50대,5.0,28,15110,일반,일반
베지핏,베지핏 석류 크랜베리 36g (60정) (2개월분),체지방감소·다이어트,50대,4.8,28,15110,일반,일반
메디트리,메디트리 식물성 멜라토닌 함유 멜라테닌 트리플 30정 (1개월분),체지방감소·다이어트,50대,4.9,41,10030,일반,일반
메디트리,메디트리 비움 차전자피 다이어트 28포 1박스 (14일분),체지방감소·다이어트,60대이상,4.6,31,14580,일반,일반
베지핏,베지핏 레드비트 당근 36g (60정) (2개월분),체지방감소·다이어트,60대이상,4.9,21,15110,일반,일반
티젠,티젠 현미누룽지효소 30포 (30일분),체지방감소·다이어트,30대,5.0,46,9950,일반,일반
스키니랩,스키니랩 먹는 레티놀C 부스터 30포 (30일분),체지방감소·다이어트,60대이상,5.0,548,21900,일반,일반
비비랩,비비랩 먹는 레티놀C 1000 30포(15일분),체지방감소·다이어트,50대,5.0,102,21500,일반,일반
라이필,"[10일콜라겐/모공,목주름] 라이필 더마콜라겐 탱탱 젤리 스틱 12포 (12일분)",체지방감소·다이어트,50대,5.0,261,22700,일반,일반
삼대오백,삼대오백 블랙마카 액상스틱 2200 300g (20g*15포),체지방감소·다이어트,40대,4.5,6,17900,일반,일반
삼대오백,삼대오백 아르기닌 6300 330g (22g*15포),체지방감소·다이어트,30대,4.6,62,15210,일반,일반
삼대오백,삼대오백 히말라야 통흑마늘 500g,체지방감소·다이어트,40대,5.0,2,18900,일반,일반
삼대오백,삼대오백 프리미엄 블랙마카 정제 120정 (30일분),체지방감소·다이어트,20대,4.8,27,16110,일반,일반
탄탄,탄탄 슬리밍 모음전 (다이어트젤리/부스터샷/C3G),체지방감소·다이어트,50대,4.8,999,16900,일반,일반
닥터린,닥터린 식물성 멜라토닌 함유 멜라바인 1mg*30정,체지방감소·다이어트,30대,4.9,91,11900,일반,일반
한뿌리,한뿌리 블랙99 흑삼 아르기닌 50ml*7입 (7일분),체지방감소·다이어트,50대,5.0,14,25000,일반,일반
grn+,grn+ 식물성 멜라토닌 함유 굿나잇 멜라토마토 30정 (30일분),체지방감소·다이어트,50대,4.8,66,14500,일반,일반
트루알엑스,트루알엑스 리치 콜라겐 14포 (14일분),체지방감소·다이어트,30대,4.8,400,29800,일반,일반
락티브,락티브 미오이노시톨 앤 콜린 4000 30포 (1개월분),체지방감소·다이어트,20대,4.9,432,39000,일반,일반
락티브,락티브 슬림 브이컷 브로멜라인 14포 (14일분),체지방감소·다이어트,30대,4.8,93,16900,일반,일반
라엘,라엘 밸런스 미오 이노시톨 앤 콜린 30포 (30일분),체지방감소·다이어트,50대,4.7,7,38900,일반,일반
이너랩,셀트리온 이너랩 다이어트엔 체지방 슬림 오일 CLA 30캡슐 (10일분),체지방감소·다이어트,40대,4.9,195,11820,일반,일반
디어퀸,디어퀸 파인애플 효소 30포 (1개월분),체지방감소·다이어트,30대,4.9,579,10120,일반,일반
디어퀸,디어퀸 이너뷰티&콜라겐 샷 7병 (7일분),체지방감소·다이어트,60대이상,0.0,0,32900,일반,일반
뉴트리코어,뉴트리코어 히알루론산 담다 60캡슐 (1개월분),체지방감소·다이어트,60대이상,4.0,2,45000,일반,일반
뉴트리원라이프,뉴트리원라이프 식물성 멜라토닌 함유 멜라렉스 30정 (30일분),체지방감소·다이어트,50대,4.8,33,16900,일반,일반
비비랩,비비랩 카무트 브랜드 밀 효소 골드 20포 (20일분),체지방감소·다이어트,20대,4.8,122,10900,일반,일반
뉴트리코어,뉴트리코어 헤어그릭스 아누카사과 맥주효모 비오틴 60정 (1개월분),체지방감소·다이어트,30대,4.8,5,29000,일반,일반
마이시톨,나의 이노시톨 마이시톨 30포 (15일분),체지방감소·다이어트,20대,4.9,542,20900,일반,일반
닥터블릿,[여성맞춤]닥터블릿 콜린 미오이노시톨 4000 30포 (1개월분),체지방감소·다이어트,30대,4.9,568,20900,일반,일반
닥터블릿,[NEW] 닥터블릿 혈당필름 30매 (1개월분),체지방감소·다이어트,40대,4.9,27,39000,일반,일반
락티브,락티브 식물성 멜라토닌 함유 멜라드림 60정 (2개월분),체지방감소·다이어트,50대,4.9,186,22000,일반,일반
아일로,아일로 카무트 브랜드 밀 함유 효소 30포 (30일분),체지방감소·다이어트,40대,5.0,17,25900,일반,일반
비타슈넬,비타슈넬 이노시톨콜린&엽산 30포 (1개월분),체지방감소·다이어트,50대,4.9,121,27900,일반,일반
닥터브라이언,닥터브라이언 퍼펙트 곤약 세라마이드C 30정 (1개월분),체지방감소·다이어트,60대이상,5.0,3,13900,일반,일반
레놉티,레놉티 시너업글로우 14포 (14일분),체지방감소·다이어트,20대,4.9,223,32200,일반,일반
GNC,GNC 콜라겐 퍼펙션 21정 (7일분),체지방감소·다이어트,20대,5.0,41,10500,일반,일반
CJ이너비,[운동전 한병] CJ이너비 팻다운 파워번 가르시니아 100ML*10개입 (10일분),체지방감소·다이어트,60대이상,4.8,999,22000,일반,일반
비피움,비피움 혈당&다이어트 커피맛 28포 (2주분),체지방감소·다이어트,60대이상,4.9,238,30400,일반,일반
비피움,비피움 레티놀 콜라겐 28포 (4주분),체지방감소·다이어트,50대,4.9,999,13890,일반,일반
요헤미티,요헤미티 에너지 젤 10포,체지방감소·다이어트,20대,4.9,118,21000,일반,일반
비비랩,[차주영 PICK] 비비랩 파로 효소 밸런스 20포 (20일분),체지방감소·다이어트,40대,4.9,117,11900,일반,일반
아일로,"아일로 듀얼 슬림컷 60정 (1개월분 / 체지방감소, 식후 혈당 상승 억제)",체지방감소·다이어트,30대,4.9,999,25900,일반,일반
세노비스,세노비스 콜라겐 히알루론산 앰플샷 7병/7+1병 (7일/8일분),체지방감소·다이어트,50대,4.9,999,35000,일반,일반
오로라,오로라 리포좀 글루타치온 분말 7포 (7일분),체지방감소·다이어트,60대이상,4.7,29,21600,일반,일반
스포식스,뉴케어 스포식스 클리어 샷  1포 (20mlx1ea),체지방감소·다이어트,30대,5.0,30,1400,일반,일반
이너랩,셀트리온 이너랩 화이트 저분자 콜라겐 글루타치온 30포 (1개월분),체지방감소·다이어트,40대,4.6,47,12700,일반,일반
유이크,유이크 리포좀 콜라겐 토닝 글루타치온 30포 (1개월분),체지방감소·다이어트,60대이상,4.5,44,24480,일반,일반
이너랩,셀트리온 이너랩 로얄 뷰티 플라센타 30정 (1개월분),체지방감소·다이어트,60대이상,4.8,4,18620,일반,일반
이너랩,셀트리온 이너랩 S라인 다이어트&유산균 30포 (1개월분),체지방감소·다이어트,60대이상,4.6,5,14160,일반,일반
닥터린,닥터린 하이퍼셀 리포좀 글루타치온 맥스 필름 30매 (1개월분),체지방감소·다이어트,40대,4.7,6,21000,일반,일반
엔젯오리진,[히알루론산 240mg] 엔젯오리진 데일리 모이스처 히알루론산 60캡슐 (1개월분),체지방감소·다이어트,40대,4.8,73,17900,일반,일반
비비랩,비비랩 저분자콜라겐S&글루타치온 콜라겐W 선물세트 (2개월분),체지방감소·다이어트,60대이상,5.0,1,45300,일반,일반
스포식스,[체지방 DOWN] 뉴케어 스포식스 팻버닝 다이어트 워터 (7g*20포) /10일분,체지방감소·다이어트,20대,4.9,686,24900,일반,일반
영라뉴,영라뉴 장용성 파비플로라 PRO 14캡슐,체지방감소·다이어트,40대,4.6,712,23500,일반,일반
라이킷,라이킷 파인셔스 브이샷 14포 (14일분),체지방감소·다이어트,50대,4.9,184,37800,일반,일반
메디트리,메디트리 미오 이노시톨 콜린 30포 (1개월분),체지방감소·다이어트,20대,4.9,37,12720,일반,일반
메디트리,메디트리 파로효소 골드라벨 30포 (1개월분),체지방감소·다이어트,30대,4.9,31,9730,일반,일반
삼대오백,삼대오백 리바이탈엑스 (20g*15포),체지방감소·다이어트,20대,5.0,3,17900,일반,일반
잠백이,잠백이 팻커팅 엘 카르니틴 30개입,체지방감소·다이어트,50대,0.0,0,42900,일반,일반
익스트림,익스트림 류신 단백질 플러스 800mgX60정 (2개월분),체지방감소·다이어트,40대,5.0,14,21900,일반,일반
잠백이,잠백이 멜라토닌 60정,체지방감소·다이어트,40대,4.3,11,25500,일반,일반
데이즈온,데이즈온 원데이 알파시클로덱스트린 알파cd 14포 (14일분),체지방감소·다이어트,40대,4.9,53,12850,일반,일반
프롬바이오,프롬바이오 아미노맥스 에너지젤 2520 10포 (10일분),체지방감소·다이어트,40대,4.3,9,16920,일반,일반
프롬바이오,프롬바이오 아르기닌 6000 맥스 14포 (2주분),체지방감소·다이어트,20대,4.1,15,11820,일반,일반
얼라이브,얼라이브 지오 베르베린 바나바 레스큐 30정 (1개월분),체지방감소·다이어트,50대,4.7,11,14900,일반,일반
이너랩,[다영PICK / 먹는 PDRN] 셀트리온 리쥬글로우 PDRN 글루타치온 30포,체지방감소·다이어트,60대이상,5.0,603,16920,일반,일반
이너랩,셀트리온 이너랩 브이터치 알파CD 브로멜라인&칼륨 60정 (2개월분),체지방감소·다이어트,30대,4.6,119,10120,일반,일반
엔젯오리진,엔젯오리진 글로우업 쿨멜팅 먹는 레티놀C 30포 (1개월분),체지방감소·다이어트,30대,5.0,3,17900,일반,일반
익스트림,"익스트림 팻 버닝 1,000mgX40정(20일분)",체지방감소·다이어트,40대,4.6,17,19800,일반,일반
익스트림,익스트림 밀크씨슬 800mg 90정 (1개월분),체지방감소·다이어트,50대,5.0,5,24900,일반,일반
비비랩,비비랩 제로루틴 알파CD 3200 14포 (14일분),체지방감소·다이어트,40대,4.5,148,11700,일반,일반
비비랩,비비랩 더 콜라겐 더블케어 30포 (1개월분),체지방감소·다이어트,50대,4.6,8,32000,일반,일반
닥터브라이언,닥터브라이언 파이토 멜라토닌 츄어블 딸기맛 90정 (3개월분),체지방감소·다이어트,30대,4.6,33,28900,일반,일반
CJ이너비,CJ 이너비 밸런스 이노시톨 젤리 단품/기획 10/10+2/30포,체지방감소·다이어트,40대,4.9,711,8400,일반,일반
요헤미티,요헤미티 에너지 젤 1포,체지방감소·다이어트,30대,4.9,118,3500,일반,일반
푸드올로지,푸드올로지 콜라겐 센텔라 젤리 7포 (7일분),체지방감소·다이어트,40대,5.0,75,13400,일반,일반
뉴트리코어,뉴트리코어 발아 카무트 브랜드밀 함유 효소 30포 (1개월분),체지방감소·다이어트,50대,4.3,22,27260,일반,일반
뉴트리코어,뉴트리코어 맥스 리포좀 글루타치온 필름형 30매/120매,체지방감소·다이어트,60대이상,5.0,1,45570,일반,일반
뉴트리코어,"뉴트리코어 햄프 대마종자유 1,100mg X 30캡슐 (1개월분)",체지방감소·다이어트,60대이상,5.0,2,18050,일반,일반
뉴트리코어,[리뉴얼] 뉴트리코어 맥스 알부민 골드 30ml 10병 (10일분),체지방감소·다이어트,50대,4.1,28,34200,일반,일반
줄리스초이스,줄리스초이스 비타글로우 슈퍼토닝 30포 (1개월분),체지방감소·다이어트,30대,4.9,109,29900,일반,일반
탄탄,탄탄 뷰티 콜라겐 샷 14포 2종 택1 (PDRN/멜라토닌),체지방감소·다이어트,40대,4.8,181,9900,일반,일반
탄탄,[흡수빠른 액상형] 탄탄 뷰티 멜라토닌 함유 콜라겐 샷 (14일분),체지방감소·다이어트,60대이상,4.8,96,9900,일반,일반
아일로,아일로 뮤신 콜라겐 젤리 10포 (10일분),체지방감소·다이어트,40대,4.9,999,20000,일반,일반
니아르,니아르 베르베린 14개입 (14일분),체지방감소·다이어트,20대,5.0,3,39900,일반,일반
뉴트리킷,뉴트리킷 인사이드아웃 이노시톨 30포 (1개월분),체지방감소·다이어트,20대,4.8,63,19330,일반,일반
뉴트리킷,뉴트리킷 타임리스 NMN250 30포 (1개월분),체지방감소·다이어트,50대,0.0,0,33900,일반,일반
뉴트리킷,뉴트리킷 익스트리밍 가르시니아 젤리 14포 (7일분),체지방감소·다이어트,30대,5.0,2,22900,일반,일반
세노비스,세노비스 콜라겐 히알루론산 앰플샷 7병 트윈세트 (14일분),체지방감소·다이어트,30대,4.9,999,40900,일반,일반
프롬바이오,[이준혁PICK] 프롬바이오 알파CD 알파사이클로 제로파우더 14포 (2주분),체지방감소·다이어트,50대,4.8,115,9520,일반,일반
헬스헬퍼,헬스헬퍼 다이어트 포켓젤리 포포젤리 14포 (14일분),체지방감소·다이어트,60대이상,0.0,0,31350,일반,일반
델시,[OY단독] 델시 파이토 샐러드 앰플 4병 기획 (+1병 증정) (5일분),체지방감소·다이어트,40대,5.0,999,8180,일반,일반
메디트리,메디트리 비움 차전자피 28포 (14일분),체지방감소·다이어트,20대,5.0,13,12420,일반,일반
헤밀레,헤밀레 김소형원방 혈당+다이어트 공비단 30포,체지방감소·다이어트,50대,4.9,48,22800,일반,일반
가꾸기,가꾸기 피부케어 & 비피더스 유산균 15포 (15일분),체지방감소·다이어트,20대,4.9,10,24900,일반,일반
가꾸기,가꾸기 피부케어 & 비피더스 유산균 30포 (1개월분),체지방감소·다이어트,50대,4.9,10,45900,일반,일반
가꾸기,가꾸기 리포좀 글루타치온 퓨어 맥스 14포 (14일분),체지방감소·다이어트,20대,4.9,10,25000,일반,일반
익스트림,익스트림 글루타치온 콜라겐 아르기닌 화이트 3X 15포 (15일분),체지방감소·다이어트,40대,4.9,195,19900,일반,일반
네츄럴굿띵스,네츄럴굿띵스 잇츠 시톨 30포 (1개월분),체지방감소·다이어트,60대이상,5.0,367,35900,일반,일반
슬로우글로우,슬로우글로우 브로메리로트 S7 30포 (1개월분),체지방감소·다이어트,50대,5.0,28,19400,일반,일반
닥터프리오,닥터프리오 더다른 뮤신 콜라겐 엘라스틴 14포 (2주분),체지방감소·다이어트,30대,4.5,4,39900,일반,일반
슬로우글로우,슬로우글로우 미오이노시톨 엽산 철분 30포 (1개월분),체지방감소·다이어트,20대,5.0,18,38600,일반,일반
트루알엑스,트루알엑스 리치 화이트 리포좀 글루타치온 샷 7개입 (7일분),체지방감소·다이어트,40대,5.0,45,23900,일반,일반
트루알엑스,트루알엑스 슈퍼다이어트 혈당컷 14개입 (14일분),체지방감소·다이어트,50대,0.0,0,25500,일반,일반
트루알엑스,트루알엑스 리치 효소 딥클린 20포 (20일분),체지방감소·다이어트,60대이상,0.0,0,23500,일반,일반
대원제약,대원제약 장대원 오늘도 효소 먹고 멜론 30포 (1개월분),체지방감소·다이어트,60대이상,5.0,2,19700,일반,일반
대원제약,대원제약 잔티젠 다이어트 30캡슐 (1개월분),체지방감소·다이어트,30대,0.0,0,16400,일반,일반
퍼니트,퍼니트 리얼 카테킨 800mg 60정 (2개월분),체지방감소·다이어트,20대,4.9,30,12900,일반,일반
퍼니트,"퍼니트 차전자피환 5,000mg 30포 (15일분)",체지방감소·다이어트,60대이상,5.0,12,13500,일반,일반
퍼니트,퍼니트 새빨간 콜레우스포스콜리 다이어트 800mg 56정 (28일분),체지방감소·다이어트,60대이상,4.0,2,17800,일반,일반
퍼니트,퍼니트 리얼 파인애플 효소 3g 30포 (1개월분),체지방감소·다이어트,60대이상,4.9,34,11000,일반,일반
퍼니트,퍼니트 매일 비움 쾌변엔 차전자피 식이섬유 30포 (1개월분),체지방감소·다이어트,40대,4.3,10,13100,일반,일반
레놉티,[올영단독] 레놉티 시너업콜라겐 7포 (7일분),체지방감소·다이어트,40대,5.0,419,18900,일반,일반
정관장,정관장 GLPro 더블컷 7개입 (7일분),체지방감소·다이어트,30대,5.0,1,50000,일반,일반
닥터린,닥터린 알부민 골드 프리미엄 60정 (2개월분),체지방감소·다이어트,50대,4.9,123,15210,일반,일반
닥터린,[올영단독] 닥터린 알파CD 원데이 핏 30포 (1개월분),체지방감소·다이어트,60대이상,5.0,999,13410,일반,일반
퍼니트,퍼니트 콜린 이노시톨 엽산 포 우먼 2.56g 30포 (1개월분),체지방감소·다이어트,20대,4.5,4,8430,일반,일반
순수식품,순수식품 글루타치온 효모 1300mg 30포 (1개월분),체지방감소·다이어트,40대,0.0,0,14700,일반,일반
순수식품,순수식품 엘라스틴 콜라겐 히알루론산 밀크세라마이드 30포 (1개월분),체지방감소·다이어트,40대,4.3,7,11000,일반,일반
그린몬스터,[NEW] 그린몬스터 디톡 알파CD 레몬컷 14포 (14일분),체지방감소·다이어트,50대,4.8,63,12000,일반,일반
뉴트리메이드,[NEW]뉴트리메이드 유스포뮬라 10포 (10일분),체지방감소·다이어트,40대,4.9,310,24000,일반,일반
솔티스,솔티스 혈당 프로텍션 프로S2 20포 (10일분),체지방감소·다이어트,50대,5.0,17,14900,일반,일반
탄탄,탄탄 슬리밍&이너뷰티 모음전(다이어트젤리/부스터샷/C3G/콜라겐샷),체지방감소·다이어트,40대,4.8,999,9900,일반,일반
랩온랩,랩온랩 무궁알파핏 60정 (2개월분),체지방감소·다이어트,40대,5.0,3,21400,일반,일반
랩온랩,랩온랩 알파CD 레몬 제로컷 20포 (20일분),체지방감소·다이어트,60대이상,5.0,2,16000,일반,일반
아임오,[NEW]아임오 이노시톨 앤 슈퍼토닝 14포 (14일분),체지방감소·다이어트,20대,5.0,28,24900,일반,일반
올더뮤,올더뮤 뮤신 딥글로우 자두맛 10포 (10일분),체지방감소·다이어트,30대,4.9,999,26200,일반,일반
올더뮤,올더뮤 뮤신 바운스 복숭아맛 10포 (10일분),체지방감소·다이어트,60대이상,5.0,41,26800,일반,일반
올더뮤,올더뮤 뮤신 아쿠아 청포도맛 10포 (10일분),체지방감소·다이어트,60대이상,4.9,39,27200,일반,일반
데이즈온,데이즈온 원데이 알파시클로덱스트린 알파CD 14포 1+1 기획 (28일분),체지방감소·다이어트,20대,4.8,75,17010,일반,일반
빌드,빌드 프리미엄 테프 효소 /효소 유산균 30포 (1개월분),체지방감소·다이어트,60대이상,5.0,999,18890,일반,일반
바이탈뷰티,[5포 추가증정/단독] 바이탈뷰티 슈퍼레티놀 15포 (+5포 증정) (20일분),체지방감소·다이어트,20대,4.8,999,18900,일반,일반
아르포텐,아르포텐 핏 300g 15포 (20gx15ea),체지방감소·다이어트,60대이상,5.0,195,17900,일반,일반
아르포텐,아르포텐 리부트 270ml 15포 (18mlx15ea),체지방감소·다이어트,20대,0.0,0,17900,일반,일반
닥터블릿,닥터블릿 푸응 애프터버닝 20캡슐 (10일분),체지방감소·다이어트,40대,0.0,0,32900,일반,일반
닥터블릿,닥터블릿 푸응 그린티엔 버닝 10포 (10일분),체지방감소·다이어트,60대이상,5.0,2,7930,일반,일반
닥터블릿,닥터블릿 푸응 스타트버닝 10정 (10일분),체지방감소·다이어트,20대,0.0,0,34900,일반,일반
스키니랩,스키니랩 모로실 다이어트 C3G 테이스티 컷 14포 (14일분),체지방감소·다이어트,50대,4.8,999,24600,일반,일반
하루틴,하루틴 알파CD 애사비 14포 (14일분),체지방감소·다이어트,60대이상,5.0,8,12900,일반,일반
닥터린,닥터린 발아 카무트 브랜드 밀 함유 효소 S 30포 (1개월분),체지방감소·다이어트,40대,4.6,16,11300,일반,일반
뉴트리가든,"뉴트리가든 혈당,혈행,혈압 코큐텐 블러드Q 30캡슐 (1개월분)",체지방감소·다이어트,50대,4.7,27,9600,일반,일반
뉴트리가든,뉴트리가든 에너제틱 아르기닌 6000 15포 (15일분),체지방감소·다이어트,50대,5.0,8,11500,일반,일반
온리추얼,온리추얼 글로우업 글루타치온 콜라겐 14포 (14일분),체지방감소·다이어트,40대,4.9,999,29900,일반,일반
데일리,데일리X주토피아 젤리스틱 콜라겐 & NMN 14포 (14일분),체지방감소·다이어트,30대,5.0,141,28900,일반,일반
닥터린,[올영단독] 닥터린 파비플로라 알파CD 프리미엄 10g X 30포 (1개월분),체지방감소·다이어트,40대,5.0,508,20070,일반,일반
뉴트리코스트,뉴트리코스트 L-아르기닌 300g,체지방감소·다이어트,50대,5.0,3,23500,일반,일반
뉴트리코스트,뉴트리코스트 L-글루타민 300g,체지방감소·다이어트,30대,5.0,6,23500,일반,일반
바이탈뷰티,[먹는 시카비타민] 바이탈뷰티 슈퍼시카 B5 15/30포,체지방감소·다이어트,50대,4.8,364,22400,일반,일반
올더뮤,올더뮤 뮤신 딥글로우 자두맛 7포 (+2포 증정),체지방감소·다이어트,20대,4.9,999,18500,일반,일반
구트할로,구트할로 발포 이온음료 포도당밸런스 레몬라임맛 20정 1통,체지방감소·다이어트,40대,4.9,22,4130,일반,일반
있나요,있나요 알파CD 컷팅파우더 알파시클로덱스트린 지방배출 4.5g 20포 복숭아맛,체지방감소·다이어트,20대,4.7,7,11890,일반,일반
있나요,있나요 탄단지 3중 분해 파인땡큐 효소 3g 30포 파인애플 맛,체지방감소·다이어트,60대이상,5.0,4,12890,일반,일반
오늘부터,오늘부터 루트컷 60정 (15일분),체지방감소·다이어트,20대,5.0,2,22800,일반,일반
오늘부터,오늘부터 나이트컷 30정 (15일분),체지방감소·다이어트,60대이상,5.0,5,15800,일반,일반
오늘부터,오늘부터 슬림카페 라떼맛 PRO 60포 (1개월분),체지방감소·다이어트,30대,5.0,4,17000,일반,일반
오늘부터,오늘부터 슬림카페 PRO 60포 (1개월분),체지방감소·다이어트,40대,4.4,8,15000,일반,일반
오늘부터,오늘부터 부스터컷 PRO 60정 (1개월분),체지방감소·다이어트,40대,5.0,6,19800,일반,일반
오늘부터,오늘부터 웰컷 포 맨 PRO 60정 (15일분),체지방감소·다이어트,30대,5.0,3,15800,일반,일반
세노비스,세노비스 피부촉촉 히알루론산 50ml 10/20병 (10/20일분),체지방감소·다이어트,30대,4.8,999,28500,일반,일반
오늘부터,오늘부터 슬림에이드 자몽맛 15포 (15일분),체지방감소·다이어트,50대,4.5,21,11800,일반,일반
오늘부터,오늘부터 버닝워터 샤인머스캣맛 10포 (10일분),체지방감소·다이어트,60대이상,5.0,2,16800,일반,일반
오늘부터,오늘부터 슬림젤리 제로sugar 석류맛 10포 (10일분),체지방감소·다이어트,40대,4.3,6,11800,일반,일반
오늘부터,오늘부터 슬림에이드 레몬맛 15포 (15일분),체지방감소·다이어트,40대,5.0,14,11800,일반,일반
닥터린,닥터린 파비플로라 x 알파CD 알파 (15g x 14포/2주분),체지방감소·다이어트,60대이상,4.6,9,13300,일반,일반
풀무원건강식물원,풀무원건강식물원 과채발효효소 28포 (28일분),체지방감소·다이어트,40대,4.8,25,32900,일반,일반
탄탄,탄탄 슬리밍 C3G 다이어트 플러스 90정 (1개월분),체지방감소·다이어트,50대,4.6,36,19800,일반,일반
줄리스초이스,줄리스초이스 비타글로우 하이글루타치온C 더블 23포 (23일분),체지방감소·다이어트,60대이상,5.0,142,39900,일반,일반
프로뉴트리션,프로뉴트리션 엠티솔루션 쾌변젤리 14포 (14일분),체지방감소·다이어트,50대,5.0,2,25800,일반,일반
니아르,니아르 포스콜린 에스케어 14포 (14일분),체지방감소·다이어트,30대,4.5,2,39800,일반,일반
코오롱제약,코오롱제약 마그넥스 2g 75정,체지방감소·다이어트,40대,0.0,0,20700,일반,일반
코오롱제약,코오롱제약 리얼아미노워터 7g 10포 레몬,체지방감소·다이어트,50대,5.0,3,14400,일반,일반
코오롱제약,코오롱제약 뉴트리라이트 전해질워터 7g 10포 자몽,체지방감소·다이어트,60대이상,0.0,0,14400,일반,일반
코오롱제약,코오롱제약 퍼펙트 파워젤 40g 청포도,체지방감소·다이어트,50대,5.0,29,1550,일반,일반
코오롱제약,코오롱제약 퍼펙트 파워젤 40g 아이스블루,체지방감소·다이어트,40대,5.0,26,1550,일반,일반
비비랩,비비랩 효소 말차라떼맛 20포 (20일분),체지방감소·다이어트,60대이상,4.8,158,12900,일반,일반
비비랩,비비랩 효소 20포 (20일분) 2종 중 택1 (말차라떼맛/밀크티맛),체지방감소·다이어트,60대이상,4.8,224,12900,일반,일반
비비랩,비비랩 콜라겐 스틱 세트(석류 14포+탱글 업 14포),체지방감소·다이어트,40대,4.8,999,35800,일반,일반
데일리,데일리X주토피아 젤리스틱 콜라겐 & NMN 14포*2박스 (인형키링 증정) (4주분),체지방감소·다이어트,20대,5.0,152,45500,일반,일반
모어네이처,모어네이처 베지앤프룻 리얼 파이토 에센스 109 14포 (14일분),체지방감소·다이어트,60대이상,5.0,57,24900,일반,일반
랩온랩,랩온랩 와사비잎 추출물 텍신 정 120정 (2개월분),체지방감소·다이어트,20대,5.0,2,24100,일반,일반
랩온랩,랩온랩 레몬버베나 원데이 60정 (2개월분),체지방감소·다이어트,20대,3.5,2,13300,일반,일반
오니스트,오니스트 25홀리데이 세트 28포 (4주분) 3종 (트리플콜라겐/트리플샤인/시너지),체지방감소·다이어트,50대,4.8,999,73400,일반,일반
뉴트리코스트,뉴트리코스트 아르기닌 5000 포도맛 14개입,체지방감소·다이어트,20대,5.0,6,16500,일반,일반
뉴트리코스트,뉴트리코스트 아르기닌 5000 오렌지맛 14개입,체지방감소·다이어트,50대,5.0,4,16500,일반,일반
뉴트리코어,뉴트리코어 100% 유기농 컬리 케일 14포 (14일분),체지방감소·다이어트,20대,5.0,4,16060,일반,일반
닥터린,닥터린 유기농 컬리 케일 100% 10포 (10일분),체지방감소·다이어트,60대이상,5.0,2,11300,일반,일반
칼로비스,칼로비스 오늘 더 애플 딸기맛&키위맛 14포 (14일분),체지방감소·다이어트,30대,4.3,16,33900,일반,일반
칼로비스,칼로비스 오늘 더 애플 청사과맛 14포 (14일분),체지방감소·다이어트,50대,4.5,11,33900,일반,일반
그린스토어,그린스토어 혈당솔루션 90정 (3개월분),체지방감소·다이어트,50대,5.0,1,24500,일반,일반
그린스토어,그린스토어 식물성 레티놀 플러스 콜라겐&비타민C 30포 (1개월분),체지방감소·다이어트,30대,0.0,0,19500,일반,일반
칼로비스,칼로비스 글림핑크 10포 (10일분),체지방감소·다이어트,40대,4.6,76,23400,일반,일반
칼로비스,칼로비스 가벼울소다 샤인머스캣맛 30정 (15일분),체지방감소·다이어트,30대,4.9,10,31900,일반,일반
칼로비스,칼로비스 가벼울소다 풋사과맛 30정 (15일분),체지방감소·다이어트,60대이상,0.0,0,31900,일반,일반
칼로비스,칼로비스 리포좀 글루타치온 1000 10포 (10일분),체지방감소·다이어트,50대,0.0,0,29900,일반,일반
칼로비스,칼로비스 애프터티 로얄밀크티 14포 (14일분),체지방감소·다이어트,30대,5.0,2,22900,일반,일반
에스더포뮬러,여에스더 유기농 그린 컬리 케일 100% 14포 (14일분),체지방감소·다이어트,60대이상,5.0,29,14000,일반,일반
메이큐헬씨,메이큐헬씨 그린 유기농 컬리케일 100 14포,체지방감소·다이어트,60대이상,4.9,7,11900,일반,일반
나티아,나티아 PDRN 다이렉트 30매 (1개월분),체지방감소·다이어트,30대,5.0,638,27900,일반,일반
라이킷,[알파CD] 라이킷 쓸림쏙 씬덱스 3500 20포 (20일분),체지방감소·다이어트,20대,4.8,999,29600,일반,일반
라이킷,[알파CD] 라이킷 쓸림쏙 씬덱스 3500 10포 (10일분),체지방감소·다이어트,20대,4.9,999,12900,일반,일반
비거너리바이달바,"[다이어트 보조제] 비거너리 비건 면역 다이어트 체지방 컷 14개입 (14일분 / 카테킨, 체지방, 소형정제)",체지방감소·다이어트,60대이상,4.8,8,19900,일반,일반
닥터하이365,닥터하이365 번앤번 15포 (15일분),체지방감소·다이어트,50대,5.0,3,33000,일반,일반
씨제이웰케어,CJ 웰케어 유기농 컬리케일 100 30포 (1개월분),체지방감소·다이어트,40대,4.9,15,19900,일반,일반
닥터린,[먹는 PDRN] 더마 PDRN 300샷 x 30포 (1포 당 PDRN 300mg/오렌지맛 분말형),체지방감소·다이어트,40대,5.0,109,25000,일반,일반
닥터트루,닥터트루 당장 컷앤아웃 식이섬유 식후 혈당케어 워터믹스 30포 (15일분),체지방감소·다이어트,30대,5.0,8,25500,일반,일반
라벨디어스,라벨디어스 미국 스피나카 농장에서 온 유기농 그린 컬리 케일 2g 14개입,체지방감소·다이어트,30대,4.2,12,15900,일반,일반
비거너리바이달바,"[올영1위/달바젤리] 비거너리 식물성 펩타이드 부스터 젤리 3270mg 7개입 (7일분 / 콜라겐 유래, 히알루론산)",체지방감소·다이어트,30대,4.9,89,17000,일반,일반
비거너리바이달바,"비거너리 저분자 식물성 펩타이드 부스터 퍼스트 샷 2000mg 7개입 (7일분 / 콜라겐 유래, 히알루론산)",체지방감소·다이어트,40대,5.0,1,14500,일반,일반
비거너리바이달바,"[고함량] 비거너리 식물성 펩타이드 부스터 앰플 5000mg 7개입 (7일분 / 콜라겐 유래, 히알루론산)",체지방감소·다이어트,20대,4.9,32,26900,일반,일반
GNM자연의품격,GNM 유기농 동결건조 컬리 케일 100% 14포,체지방감소·다이어트,30대,0.0,0,11900,일반,일반
길티프리해빗,길티프리해빗 균형영양솔루션 그린이너프 28개입,체지방감소·다이어트,40대,4.7,80,32900,일반,일반
메이큐헬씨,메이큐헬씨 싹싹이 클렌즈 10개입,체지방감소·다이어트,30대,5.0,1,10900,일반,일반
라벨디어스,라벨디어스 북유럽 청정숲에서 온 유기농 야생 빌베리 2g 14개입,체지방감소·다이어트,30대,4.6,17,15900,일반,일반
바이탈솔루션,바이탈 솔루션 에너지젤 1p,체지방감소·다이어트,60대이상,5.0,97,2500,일반,일반
바이탈솔루션,바이탈 솔루션 에너지젤 10p (온),체지방감소·다이어트,30대,5.0,1,23000,일반,일반
리쥬란,[먹는 리쥬란 PDRN 젤리] 리쥬란 이너닷 DNA 글로우 젤리 14포 (14일분),체지방감소·다이어트,20대,4.8,734,37000,일반,일반
길팁,[키위맛] 길팁 브로콜리 씨앗 추출물 분말 설포수 14포(14일분),체지방감소·다이어트,30대,4.5,4,31000,일반,일반
CJ이너비,CJ 이너비 톤업 글루타치온 스틱 벨리곰기획 30포 / 30포 (1개월분),체지방감소·다이어트,50대,4.9,98,28900,일반,일반
CJ이너비,CJ 이너비 아쿠아 히알루론산 스틱 벨리곰기획 30포 (1개월분),체지방감소·다이어트,60대이상,4.9,74,26900,일반,일반
CJ이너비,CJ 이너비 글로우 콜라겐 스틱 벨리곰기획 30포(30일분) /30포 (15일분),체지방감소·다이어트,40대,5.0,207,27900,일반,일반
스톰,스톰 식이섬유정 1000 60정 (1개월분),체지방감소·다이어트,20대,4.9,674,25000,일반,일반
비타바이브,비타바이브 오가닉 컬리케일 14포 (14일분),체지방감소·다이어트,50대,4.4,8,9400,일반,일반
슬로우글로우,슬로우글로우 콜라겐 피치 핏치 구미 30구미 (1개월분),체지방감소·다이어트,20대,4.9,21,17900,일반,일반
슬로우글로우,슬로우글로우 글루타치온 블링 구미 30구미 (1개월분),체지방감소·다이어트,50대,4.7,273,17900,일반,일반
퓨레카,퓨레카 그린즈 워터믹스 7포 4종/크런치 2종 택 1 (마시는 3초 샐러드),체지방감소·다이어트,40대,4.8,999,11000,일반,일반
레놉티,레놉티 시너업글로우 (7포) (7일분),체지방감소·다이어트,60대이상,4.9,223,15950,일반,일반
씨제이웰케어,CJ웰케어 맑은광채 글루타치온 30정 (30일분) (OY단독),체지방감소·다이어트,20대,4.6,183,5900,일반,일반
캔틴나인,"캔틴나인 서퍼데이, 브이효소30포  (1개월분/다이어트 소화효소)",체지방감소·다이어트,50대,5.0,122,26700,일반,일반
설당프리,설당프리 비타미톡 망고스틴맛 60정 (30일분),체지방감소·다이어트,50대,0.0,0,48900,일반,일반
설당프리,설당프리 비타미톡 자두맛 60정 (30일분),체지방감소·다이어트,60대이상,0.0,0,48900,일반,일반
설당프리,설당프리 비타미톡 오렌지맛 60정 (30일분),체지방감소·다이어트,60대이상,0.0,0,48900,일반,일반
설당프리,설당프리 비타미톡 60정 (30일분) 4종,체지방감소·다이어트,20대,0.0,0,48900,일반,일반
안국건강,안국건강 저분자 콜라겐 비피더스 60포 (2개월분),체지방감소·다이어트,50대,0.0,0,21990,일반,일반
안국건강,안국건강 혈당케어 바나바 60정 (2개월분),체지방감소·다이어트,30대,0.0,0,13990,일반,일반
설당프리,설당프리 리세린지 리-본 다이어트 90정 (30일분),체지방감소·다이어트,40대,0.0,0,89900,일반,일반
글로우뮤즈,[속광콜라겐] 글로우뮤즈 올데이 글로우 콜라겐 복숭아 14포 (14일분),체지방감소·다이어트,50대,5.0,129,32800,일반,일반
글로우뮤즈,[피부건강] 글로우뮤즈 스킨 밸런스 파우더 레몬맛 14포 (14일분),체지방감소·다이어트,50대,4.9,152,34900,일반,일반
장인정신 에브리데이,장인정신에브리데이 코프레시 15포 (15일분),체지방감소·다이어트,20대,5.0,1,34900,일반,일반
락티브,락티브 유기농 100% 컬리케일 14포 (14일분),체지방감소·다이어트,50대,4.7,7,14900,일반,일반
닥터언,닥터언프로 리포좀 글루타치온 맥스 30매 (1개월분) (온),체지방감소·다이어트,50대,4.8,6,22000,일반,일반
정관장,정관장 GLPro-혈당밸런스 7개입 (7일분),체지방감소·다이어트,20대,0.0,0,50000,일반,일반
뉴트리코스트,뉴트리코스트 아르기닌 5000 포도맛/오렌지맛 14개입 (택 1),체지방감소·다이어트,30대,4.9,232,16500,일반,일반
세비톨,세비톨 멀티 퍼펙트 저분자 피쉬 콜라겐 펩타이드 3.3g 30포,체지방감소·다이어트,20대,4.9,11,16500,일반,일반
세비톨,세비톨 보스웰리아 액티브 100 700mg120정 (2개월분),체지방감소·다이어트,30대,0.0,0,32500,일반,일반
세비톨,세비톨 멀티 프리미엄 저분자 피쉬 콜라겐 펩타이드 850mg120정,체지방감소·다이어트,20대,4.3,3,18500,일반,일반
코오롱제약,코오롱제약 퍼펙트 파워젤 40g (청포도맛/아이스블루맛 택1),체지방감소·다이어트,40대,4.9,43,1550,일반,일반
한뿌리,CJ 한뿌리 흑삼단 침향환 24환 (24일분),체지방감소·다이어트,60대이상,5.0,2,99000,일반,일반
메디큐브,메디큐브 PDRN 연어 DNA 콜라겐 필름 15매 (15일분),체지방감소·다이어트,30대,4.7,9,14140,일반,일반
이롬생식,이롬생식 황성주 박사의 닥터샐러드 3g 14포,체지방감소·다이어트,50대,5.0,5,30000,일반,일반
위타민,위타민 당당당 14포 (14일분),체지방감소·다이어트,50대,5.0,21,18800,일반,일반
한뿌리,CJ 한뿌리 흑삼지천보 진녹 30포 (1개월분) (온),체지방감소·다이어트,40대,0.0,0,250000,일반,일반
한삼인,한삼인 홍삼밤양갱스틱 10개입(10일분),체지방감소·다이어트,30대,5.0,17,22000,일반,일반
한뿌리,CJ 한뿌리 흑삼지천보스틱 30포 (1개월분) (온),체지방감소·다이어트,20대,0.0,0,150000,일반,일반
한뿌리,CJ 한뿌리 자연건강 석류콜라겐 24포 (24일분) (온),체지방감소·다이어트,30대,0.0,0,57800,일반,일반
한뿌리,CJ 한뿌리 자연건강 양배추&브로콜리 골드 30포 (1개월분),체지방감소·다이어트,60대이상,4.3,3,100000,일반,일반
한뿌리,CJ 한뿌리 자연건강 흑마늘 달임진액 24포 (24일분) (온),체지방감소·다이어트,60대이상,0.0,0,57800,일반,일반
한뿌리,CJ 한뿌리 흑삼진액 제로 24포 (24일분) (온),체지방감소·다이어트,50대,4.7,6,39800,일반,일반
한뿌리,CJ 한뿌리 흑삼진 녹용스틱 30포 (1개월분) (온),체지방감소·다이어트,60대이상,0.0,0,99000,일반,일반
멜라메이트,멜라메이트 식물성 멜라토닌 함유 20구미 더블기획,체지방감소·다이어트,20대,5.0,4,26000,일반,일반
라이킷,라이킷 애플킥 페이즈투 3000 20포 (20일분),체지방감소·다이어트,60대이상,5.0,9,37000,일반,일반
레놉티,레놉티 시너업 콜라겐 14포 (14일분),체지방감소·다이어트,40대,5.0,423,35100,일반,일반
뉴트원,뉴트원 이노시톨 프리미엄 60포 (1개월분),체지방감소·다이어트,40대,5.0,9,34100,일반,일반
푸드올로지,푸드올로지 젤티풀 시카 앰플젤리 7포 (7일분),체지방감소·다이어트,20대,5.0,999,14900,일반,일반
푸드올로지,푸드올로지 젤티풀 NMN 앰플젤리 7포 (7일분),체지방감소·다이어트,50대,5.0,999,14900,일반,일반
푸드올로지,푸드올로지 젤티풀 히알루론산 앰플젤리 7포 (7일분),체지방감소·다이어트,30대,5.0,999,14900,일반,일반
오니스트,오니스트 케라그로우 망고 14개입 2박스 (28일분) (온),체지방감소·다이어트,20대,4.8,351,61400,일반,일반
요헤미티,요헤미티 에너지젤 카페인110 1포,체지방감소·다이어트,20대,4.9,26,3700,일반,일반
요헤미티,요헤미티 에너지젤 카페인110 1팩(10포),체지방감소·다이어트,30대,5.0,12,22500,일반,일반
비비랩,비비랩 PDRN 글로우 필름 14포 (14일분),체지방감소·다이어트,60대이상,5.0,709,19500,일반,일반
라벨디어스,라벨디어스 유기농 스틱샷 3종 택1 (올리브오일/컬리케일/빌베리),체지방감소·다이어트,60대이상,4.4,29,15900,일반,일반
원핏,원핏 알파CD 3500 제로파우더 라이트 14포 (14일분),체지방감소·다이어트,30대,5.0,52,12900,일반,일반
원핏,원핏 알파CD 제로파우더 20포 (20일분),체지방감소·다이어트,60대이상,0.0,0,16100,일반,일반
바이너랩,바이너랩 드롭피 애플사이다비니거 알파 14포 (14일분),체지방감소·다이어트,40대,4.9,89,32000,일반,일반
닥터슈퍼칸,닥터슈퍼칸 파이토 NMN 30정 (1개월분),체지방감소·다이어트,50대,0.0,0,23900,일반,일반
베지어트,베지어트 슈퍼 엔자임 클렌즈 유기농 곡물 효소 30포,체지방감소·다이어트,20대,5.0,3,29900,일반,일반
퓨레카,퓨레카 그린즈 워터믹스 15포 4종/크런치 2종 택 1 (마시는 3초 샐러드),체지방감소·다이어트,50대,4.8,999,19000,일반,일반
바이탈뷰티,바이탈뷰티 슈퍼콜라겐 14/28입 (14/28일분),체지방감소·다이어트,40대,5.0,1,30980,일반,일반
솔티스,솔티스 라피노스 배변 프로텍션 3000mgX10포(10일분),체지방감소·다이어트,50대,5.0,1,19800,일반,일반
세렌,[미백광채] 세렌 리포좀 글루타치온 30포 (1개월분),체지방감소·다이어트,60대이상,5.0,21,50220,일반,일반
마더네스트,마더네스트 프로폴리스 레몬진저 로젠지스 2개입 선물세트 (56일분),체지방감소·다이어트,40대,0.0,0,34900,일반,일반
마더네스트,마더네스트 프로폴리스 버터멘톨 로젠지스 2개입 선물세트 (56일분),체지방감소·다이어트,60대이상,0.0,0,34900,일반,일반
마더네스트,마더네스트 프로폴리스 레몬진저&버터멘톨 로젠지스 선물세트 (56일분),체지방감소·다이어트,20대,0.0,0,34900,일반,일반
마더네스트,마더네스트 프로폴리스 마누카허니 로젠지스 2개입 선물세트 (56일분),체지방감소·다이어트,40대,0.0,0,34900,일반,일반
마더네스트,마더네스트 프로폴리스 마누카허니&레몬진저 로젠지스 선물세트 (56일분),체지방감소·다이어트,60대이상,0.0,0,34900,일반,일반
마더네스트,마더네스트 프로폴리스 마누카허니 로젠지스&프로폴리스 스프레이 위드 마누카허니 선물세트 (28일분),체지방감소·다이어트,30대,0.0,0,34900,일반,일반
마더네스트,마더네스트 프로폴리스 마누카허니&버터멘톨 로젠지스 선물세트 (56일분),체지방감소·다이어트,20대,0.0,0,34900,일반,일반
마더네스트,마더네스트 프로폴리스 마누카허니 로젠지스 3종세트 (84일분),체지방감소·다이어트,50대,0.0,0,51500,일반,일반
세노비스,세노비스 비타 콜라겐 듀얼 부스터 7포 (7일분),체지방감소·다이어트,50대,5.0,289,14300,일반,일반
풀무원식품,풀무원식품 나또 귀리 효소 90g,체지방감소·다이어트,50대,5.0,1,29800,일반,일반
비오비타,비오비타 우리가족 쾌변젤리 골드 20g * 20포 (20일분),체지방감소·다이어트,40대,5.0,15,23900,일반,일반
비거너리바이달바,[단독기획/올영1위] 비거너리 식물성 펩타이드 부스터 3270mg 7포(+7포) (14일분),체지방감소·다이어트,20대,4.9,95,24900,일반,일반
오니스트,오니스트 가든 에디션 28포 3종 (트리플콜라겐/트리플샤인/케라그로우) (28일분),체지방감소·다이어트,40대,4.8,999,83400,일반,일반
바이탈헬스,바이탈헬스 바이탈슬림 다이어트 올인원 나이트 시즌기획 10 (+2포 증정기획) (12일분),체지방감소·다이어트,30대,4.0,2,11800,일반,일반
판도라,판도라 슬리밍컷 84정 (28일분),체지방감소·다이어트,40대,0.0,0,49000,일반,일반
잠백이,잠백이 퓨어 코코넛 워터 파우더 음료 400g 40회분,체지방감소·다이어트,50대,0.0,0,23800,일반,일반
뉴트리엘,뉴트리엘 이너포뮬러 샐그린 27 60정 (1개월분),체지방감소·다이어트,20대,0.0,0,20900,일반,일반
삼대오백,삼대오백 비트루트 액상스틱 300g (20g*15포),체지방감소·다이어트,30대,0.0,0,15220,일반,일반
CJ이너비,CJ 이너비 슬리밍 쾌변 젤리 벨리곰 기획 12포(+벨리곰 부적) / 단품,체지방감소·다이어트,40대,5.0,999,17500,일반,일반
라이필,"[10일콜라겐/모공,목주름/PDRN] 라이필 더마콜라겐 시그니처RN (10일분)",체지방감소·다이어트,20대,5.0,1,22000,일반,일반
스키니랩,스키니랩 애플페논 풋사과 다이어트 14포 2박스 (1개월분),체지방감소·다이어트,20대,4.8,28,44900,일반,일반
스키니랩,스키니랩 애플페논 풋사과 다이어트 14포 1박스 (2주분),체지방감소·다이어트,20대,4.8,28,23900,일반,일반
하이뮨,하이뮨 글루타치온 플러스 30포 (1개월분),체지방감소·다이어트,60대이상,4.8,33,19950,일반,일반
스키니랩,스키니랩 이지슬리밍 잔티젠 다이어트 1박스(2주분),체지방감소·다이어트,20대,4.3,59,24000,일반,일반
스키니랩,스키니랩 이지슬리밍 잔티젠 다이어트 14포 2박스 (1개월분),체지방감소·다이어트,30대,4.3,59,46500,일반,일반
스키니랩,스키니랩 래피드 솔루션 다이어트 56포 1박스(4주분),체지방감소·다이어트,20대,0.0,0,45900,일반,일반
나우푸드,나우푸드 수용성 가르시니아 120정 (1개월분),체지방감소·다이어트,50대,4.8,13,25000,일반,일반
나우푸드,나우푸드 녹차추출물 EGCG 90정 카테킨 다이어트 (1개월분),체지방감소·다이어트,60대이상,4.7,32,22000,일반,일반
스키니랩,스키니랩 가르시니아 다이어트 14포 2박스 (4주분),체지방감소·다이어트,20대,4.9,40,22900,일반,일반
덴프스,덴프스 비오틴 밸런스 1/2/3박스 (1/2/3개월분),체지방감소·다이어트,40대,4.4,5,26700,일반,일반
덴프스,덴프스 비오틴 밸런스 2박스/2개월분,체지방감소·다이어트,40대,5.0,3,44500,일반,일반
스키니랩,스키니랩 모로실 다이어트 C3G 14정 1박스(2주분),체지방감소·다이어트,40대,4.9,117,33900,일반,일반
스키니랩,스키니랩 풍성한 맥주효모 비오틴 1박스(2개월분),체지방감소·다이어트,20대,4.7,163,15900,일반,일반
려원담,려원담 짱구는못말려 배도라지 스틱 20포 (20일분),체지방감소·다이어트,50대,4.9,51,12900,일반,일반
GNM자연의품격,GNM 레드컷 가르시니아 비포 84정 1병 (총 4주분),체지방감소·다이어트,30대,4.7,26,13900,일반,일반
GNM자연의품격,GNM 그린컷 카테킨 애프터 56정 1병 (총 4주분),체지방감소·다이어트,20대,4.7,77,13900,일반,일반
GNM자연의품격,[이성경 PICK] GNM 아르기닌 6200 타우린 L카르니틴 1박스,체지방감소·다이어트,30대,4.8,66,14900,일반,일반
GNM자연의품격,[역가수치 140만] GNM 유산균 곡물발효효소 식이섬유 1박스 총 30포,체지방감소·다이어트,20대,4.8,48,13900,일반,일반
GNM자연의품격,GNM 엘라스틴 저분자 콜라겐 비오틴 비타민C 15포 1박스(15일분),체지방감소·다이어트,30대,4.8,28,10900,일반,일반
GNM자연의품격,GNM 글루타치온 필름 스트레이트 30매 1박스(30일분),체지방감소·다이어트,20대,4.7,45,14900,일반,일반
GNM자연의품격,GNM 석류 콜라겐 젤리 스틱 15포 1박스,체지방감소·다이어트,60대이상,4.7,32,11900,일반,일반
GNM자연의품격,GNM 어린 피쉬콜라겐 비오틴 비타민C 30포 1박스(15일분),체지방감소·다이어트,60대이상,5.0,12,14900,일반,일반
GNM자연의품격,GNM 피부 보습엔 히알루론산 30캡슐 1박스(1개월분),체지방감소·다이어트,60대이상,4.9,145,11900,일반,일반
GNM자연의품격,[이성경 PICK] GNM 혈당케어 바나바잎추출물 60정 1박스 (총 2개월분),체지방감소·다이어트,50대,4.8,162,12900,일반,일반
나우푸드,나우푸드 효모에서 추출한 글루타치온 30포 (1개월분),체지방감소·다이어트,30대,5.0,4,25500,일반,일반
스키니랩,스키니랩 레드핏 나이트 다이어트 14포 1박스 (14일분),체지방감소·다이어트,20대,4.9,516,23000,일반,일반
나우푸드,나우푸드 블랙마카 분말스틱 30포 (1개월분),체지방감소·다이어트,20대,5.0,4,22000,일반,일반
GNM자연의품격,GNM 레드컷 가르시니아 비포 84정 3병 (총 12주분),체지방감소·다이어트,40대,4.7,26,33900,일반,일반
GNM자연의품격,GNM 그린컷 카테킨 애프터 56정 3병 (총 12주분),체지방감소·다이어트,30대,4.7,77,33900,일반,일반
GNM자연의품격,[이성경 PICK] GNM 아르기닌 6200 타우린 L카르니틴 2박스,체지방감소·다이어트,20대,4.8,66,25800,일반,일반
GNM자연의품격,[역가수치 70만] GNM 카무트 효소 식이섬유 1박스 (총 30포),체지방감소·다이어트,60대이상,4.8,21,14900,일반,일반
덴프스,덴프스 콜라겐 스킨부스터 업 2/3박스 (4/6주분),체지방감소·다이어트,50대,4.9,999,46000,일반,일반
덴프스,덴프스 콜라겐 스킨부스터 업 3박스/6주분 +증정: 콜라겐3포 추가증정,체지방감소·다이어트,30대,4.9,999,57000,일반,일반
GNM자연의품격,GNM 올인원 액상 콜라겐 글루타치온 부스터 7입 +1입 증정 (8일분),체지방감소·다이어트,40대,4.9,813,9900,일반,일반
GNM자연의품격,GNM 올인원 액상 콜라겐 글루타치온 부스터 7개입 2박스 (14일분),체지방감소·다이어트,50대,4.9,813,29900,일반,일반
GNM자연의품격,GNM 올인원 액상 콜라겐 글루타치온 부스터 7개입 3박스 (21일분),체지방감소·다이어트,60대이상,4.9,813,39900,일반,일반
GNM자연의품격,GNM 글루타치온 필름 스트레이트 30매 3박스,체지방감소·다이어트,60대이상,4.7,45,29800,일반,일반
라이블링,라이블링 뺄리핏 차전자피 레몬맛 30포 (15일분),체지방감소·다이어트,20대,4.6,107,25900,일반,일반
하이뮨,[김민지 PICK] 하이뮨 아미노포텐 40g*10포,체지방감소·다이어트,50대,5.0,522,18530,일반,일반
GNM자연의품격,[1정당 NMN 100mg 함유] GNM NMN 프테로스틸벤 맥스 1박스 (1개월분),체지방감소·다이어트,20대,5.0,8,15900,일반,일반
GNM자연의품격,[1정당 NMN 100mg 함유] GNM NMN 프테로스틸벤 맥스 2박스 (2개월분),체지방감소·다이어트,20대,5.0,8,26900,일반,일반
스키니랩,스키니랩 먹는 레티놀 2X 30포 (15일분),체지방감소·다이어트,20대,0.0,0,31000,일반,일반
피토틱스,피토틱스 FCCE 발효율피 다이어트 180정 (12주분),체지방감소·다이어트,20대,4.7,148,179000,일반,일반
귤메달,[300달톤 초저분자] 귤메달 피쉬콜라겐+레몬즙부스터,체지방감소·다이어트,30대,4.9,67,39900,일반,일반
에스더포뮬러,[국민영양] 여에스더 멜라나인 플러스 30정 3박스/5박스 (3개월분/5개월분),체지방감소·다이어트,20대,4.8,686,29100,일반,일반
에스더포뮬러,[국민영양] 여에스더 어린콜라겐 레티놀 A 42정 3박스/5박스 (6주분/10주분),체지방감소·다이어트,50대,4.9,925,29100,일반,일반
내츄럴플러스,내츄럴플러스 차전자피 가르시니아 쾌변&다이어트 환 30포 3박스 + 유기농 화장솜 원형 100매 1개 증정,체지방감소·다이어트,40대,4.7,7,37900,일반,일반
내츄럴플러스,내츄럴플러스 차전자피 가르시니아 쾌변&다이어트 환 30포 2박스 (1개월분),체지방감소·다이어트,60대이상,4.7,7,26900,일반,일반
내츄럴플러스,내츄럴플러스 차전자피 가르시니아 쾌변&다이어트 환 30포 1박스 (15일분),체지방감소·다이어트,20대,4.7,7,14700,일반,일반
내츄럴플러스,내츄럴플러스 슬림 다이어트 카페 60포 2박스 (2개월분),체지방감소·다이어트,30대,5.0,1,22700,일반,일반
내츄럴플러스,내츄럴플러스 이노시톨 포우먼 30포 3박스 (45일분),체지방감소·다이어트,20대,5.0,4,41900,일반,일반
내츄럴플러스,내츄럴플러스 이노시톨 포우먼 30포 2박스 (1개월분),체지방감소·다이어트,50대,5.0,4,28500,일반,일반
내츄럴플러스,내츄럴플러스 이노시톨 포우먼 30포 1박스 (15일분),체지방감소·다이어트,50대,5.0,4,15500,일반,일반
내츄럴플러스,내츄럴플러스 에버핏 다이어트 CLA 공액리놀레산 180캡슐 2병 (6개월분) + 유기농 화장솜 원형 100매 1개,체지방감소·다이어트,20대,4.5,4,37900,일반,일반
내츄럴플러스,내츄럴플러스 에버핏 다이어트 CLA 공액리놀레산 180캡슐 1병 (3개월분),체지방감소·다이어트,20대,4.5,4,20500,일반,일반
내츄럴플러스,[옵션 선택] 내츄럴플러스 에버핏 저분자 콜라겐 비오틴 비타민C 60포 2/3통 (3/6개월분),체지방감소·다이어트,20대,5.0,2,30300,일반,일반
내츄럴플러스,내츄럴플러스 에버핏 저분자 콜라겐 비오틴 비타민C 60포 2통 (4개월분),체지방감소·다이어트,30대,5.0,2,30900,일반,일반
내츄럴플러스,내츄럴플러스 에버핏 글루타치온 저분자 콜라겐C 30포 3박스 (3개월분),체지방감소·다이어트,20대,4.3,13,26900,일반,일반
내츄럴플러스,내츄럴플러스 에버핏 글루타치온 저분자 콜라겐C 30포 2박스 (2개월분),체지방감소·다이어트,30대,4.3,13,19000,일반,일반
내츄럴플러스,[옵션 선택] 내츄럴플러스 잔티바 에버핏 다이어트 20정 1/3/6통 (10일/1개월/2개월분) / 발포 가르시니아,체지방감소·다이어트,60대이상,4.5,2,5300,일반,일반
내츄럴플러스,내츄럴플러스 메가 리포좀 글루타치온 필름 30매 2박스 (2개월분) + 유기농 화장솜 원형 100매 1개 증정,체지방감소·다이어트,50대,5.0,108,42500,일반,일반
내츄럴플러스,[3+1] 내츄럴플러스 메가 리포좀 글루타치온 필름 30매 1박스 (1개월분) / 3박스 구매 시 1박스 증정,체지방감소·다이어트,40대,5.0,108,21500,일반,일반
GNM자연의품격,GNM 알파CD 알파시클로덱스트린 1박스 / 알파씨디,체지방감소·다이어트,60대이상,4.8,67,9900,일반,일반
GNM자연의품격,GNM 알파CD 알파시클로덱스트린 3박스 / 알파씨디,체지방감소·다이어트,30대,4.8,67,18900,일반,일반
GNM자연의품격,GNM 미오 이노시톨 콜린 4000 30포X1박스(1개월분)/엽산,체지방감소·다이어트,20대,4.8,209,16900,일반,일반
GNM자연의품격,GNM 미오 이노시톨 콜린 4000 30포X2박스(2개월분) /엽산,체지방감소·다이어트,20대,4.8,209,28900,일반,일반
건강한약속 바른,건강한약속 바른효소 5종 택1 (곡물/파인/인절미/매실/유산균) (1개월분),체지방감소·다이어트,50대,5.0,33,12400,일반,일반
건강한약속 바른,건강한약속 바른 유산균효소 30포 (1개월분),체지방감소·다이어트,30대,5.0,2,12400,일반,일반
건강한약속 바른,건강한약속 바른 매실효소 30포 (1개월분),체지방감소·다이어트,40대,5.0,2,12400,일반,일반
건강한약속 바른,건강한약속 바른 인절미효소 30포 (1개월분),체지방감소·다이어트,60대이상,5.0,2,12400,일반,일반
건강한약속 바른,건강한약속 바른 발효효소 30포 (1개월분),체지방감소·다이어트,20대,5.0,1,27900,일반,일반
건강한약속 바른,건강한약속 바른 파인애플 브로멜라인 효소 30포 (1개월분),체지방감소·다이어트,20대,5.0,11,12400,일반,일반
라이킷,라이킷 파인셔스 브이샷 7포 (7일분),체지방감소·다이어트,60대이상,4.9,581,21900,일반,일반
나우푸드,[선물박스] 나우푸드 녹차추출물 EGCG 90정 2박스 카테킨 다이어트 (2개월분),체지방감소·다이어트,20대,4.7,32,42000,일반,일반
나우푸드,[선물박스] 나우푸드 블랙마카 분말스틱 30포 2박스 (2개월분),체지방감소·다이어트,20대,5.0,4,40000,일반,일반
나우푸드,[선물박스] 나우푸드 수용성 가르시니아 120정 2박스 (2개월분),체지방감소·다이어트,60대이상,4.8,13,46000,일반,일반
나우푸드,[선물박스] 나우푸드 효모에서 추출한 글루타치온 30포 2박스 (2개월분),체지방감소·다이어트,60대이상,5.0,9,46000,일반,일반
나우푸드,나우푸드 아르지닌 & BCAA 자몽맛 30포 아르기닌 (1개월분),체지방감소·다이어트,20대,5.0,2,22000,일반,일반
나우푸드,나우푸드 콜레스테롤 & 혈당 서포트 60정 (2개월분),체지방감소·다이어트,20대,5.0,2,22000,일반,일반
나우푸드,[선물박스] 나우푸드 콜레스테롤 & 혈당서포트 60정 2박스 (4개월분),체지방감소·다이어트,40대,5.0,2,42000,일반,일반
일양약품,[2개월분] 일양약품 프라임 식물성 멜라토닌 함유 멜라포민 60정 1박스,체지방감소·다이어트,20대,5.0,5,18500,일반,일반
일양약품,[4개월분] 일양약품 프라임 식물성 멜라토닌 함유 멜라포민 60정 2박스 + 유기농 화장솜 원형 100매 1개 증정,체지방감소·다이어트,20대,5.0,5,35500,일반,일반
일양약품,[6개월분] 일양약품 프라임 식물성 멜라토닌 함유 멜라포민 60정 3박스 + 유기농 화장솜 원형 100매 2개 증정,체지방감소·다이어트,50대,5.0,5,51300,일반,일반
일양약품,[30포] 일양약품 프라임 알파CD 알파시클로덱스트린 1박스 / 알파씨디,체지방감소·다이어트,60대이상,4.3,3,16000,일반,일반
일양약품,[총 60포] 일양약품 프라임 알파CD 알파시클로덱스트린 30포 2박스 + 유기농 화장솜 원형 100매 1개 /알파씨디,체지방감소·다이어트,50대,4.3,3,30200,일반,일반
일양약품,[총 90포] 일양약품 프라임 알파CD 알파시클로덱스트린 30포 3박스 + 유기농 화장솜 원형 100매 2개 /알파씨디,체지방감소·다이어트,20대,4.3,3,43500,일반,일반
일양약품,일양약품 프라임 리포좀 먹는 레티놀&비타민C 30포 1박스 / 저분자 콜라겐 히알루론산 엘라스틴,체지방감소·다이어트,50대,4.8,9,11500,일반,일반
일양약품,일양약품 프라임 리포좀 먹는 레티놀&비타민C 30포 2박스 / 저분자 콜라겐 히알루론산 엘라스틴,체지방감소·다이어트,30대,4.8,9,18900,일반,일반
대웅생명과학,대웅생명과학 프리미엄 차전자피 식이섬유 30포 2박스,체지방감소·다이어트,50대,5.0,2,29900,일반,일반
대웅생명과학,대웅생명과학 프리미엄 차전자피 식이섬유 30포 3박스 + 유기농 화장솜 원형 100매 1개,체지방감소·다이어트,20대,5.0,2,42900,일반,일반
대웅생명과학,대웅생명과학 녹차 카테킨 다이어트 플러스 60정 2박스 (4개월분),체지방감소·다이어트,60대이상,4.3,3,22900,일반,일반
대웅생명과학,대웅생명과학 녹차 카테킨 다이어트 플러스 60정 3박스 (6개월분) + 유기농 화장솜 원형 100매 1개,체지방감소·다이어트,50대,4.3,3,32900,일반,일반
대웅생명과학,대웅생명과학 가르시니아 플러스 112정 3박스 (24주분) + 유기농 화장솜 원형 100매 1개,체지방감소·다이어트,20대,0.0,0,32300,일반,일반
일양약품,일양약품 프라임 차전자피 식이섬유환 30포 2박스 (1개월분),체지방감소·다이어트,30대,5.0,1,28900,일반,일반
일양약품,일양약품 프라임 차전자피 식이섬유환 30포 3박스 + 유기농 화장솜 원형 100매 1개 증정,체지방감소·다이어트,60대이상,5.0,4,41300,일반,일반
대웅생명과학,대웅생명과학 가르시니아 플러스 112정 2박스 (16주분),체지방감소·다이어트,30대,0.0,0,21900,일반,일반
내츄럴플러스,[30포] 내츄럴플러스 알파CD 알파시클로덱스트린 1박스  / 알파씨디,체지방감소·다이어트,40대,0.0,0,13300,일반,일반
내츄럴플러스,[총 60포] 내츄럴플러스 알파CD 알파시클로덱스트린 30포 2박스 + 유기농 화장솜 원형 100매 1개 / 알파씨디,체지방감소·다이어트,40대,4.8,5,24500,일반,일반
내츄럴플러스,[3+1] 내츄럴플러스 유기농 컬리케일 100 15포 1박스 (15일분) / 3박스 구매 시 1박스 증정,체지방감소·다이어트,20대,5.0,78,11300,일반,일반
내츄럴플러스,[보틀 증정] 내츄럴플러스 유기농 컬리케일 100 15포 2박스,체지방감소·다이어트,30대,5.0,78,20900,일반,일반
내츄럴플러스,내츄럴플러스 쾌변 클렌즈 다이어트 올인원 7개입 1박스,체지방감소·다이어트,30대,0.0,0,14300,일반,일반
내츄럴플러스,내츄럴플러스 쾌변 클렌즈 다이어트 올인원 7개입 2박스,체지방감소·다이어트,40대,0.0,0,26500,일반,일반
내츄럴플러스,내츄럴플러스 파인애플 효소 30포 2박스 (2개월분) / 브로멜라인,체지방감소·다이어트,20대,5.0,5,15900,일반,일반
내츄럴플러스,내츄럴플러스 스피드 액상 베르가못 샷 15포 1박스,체지방감소·다이어트,40대,0.0,0,11500,일반,일반
내츄럴플러스,내츄럴플러스 스피드 액상 베르가못 샷 15포 2박스,체지방감소·다이어트,20대,0.0,0,19500,일반,일반
내츄럴플러스,내츄럴플러스 아르기닌 7000 오르니틴 부스터샷 15포 2박스 (1개월분),체지방감소·다이어트,50대,4.9,9,21900,일반,일반
익스트림,익스트림 골드 카무트 브랜드 밀 효소 15포 (유통기한 : 2026년 8월 18일),체지방감소·다이어트,20대,4.8,137,9900,일반,일반
뉴네이처,뉴네이처 300달톤 저분자 어린 피쉬콜라겐 엘라스틴 30포 (1개월분),체지방감소·다이어트,60대이상,4.5,2,15100,일반,일반
GNM자연의품격,GNM 유기농 동결건조 컬리 케일 100% 1박스/ 곱슬케일 분말 (14일분),체지방감소·다이어트,30대,4.9,7,12900,일반,일반
GNM자연의품격,GNM 유기농 동결건조 컬리 케일 100% 2박스/ 곱슬케일 분말,체지방감소·다이어트,30대,4.9,7,21900,일반,일반
담백하루,담백하루 아르기닌 라이신 컴플렉스 5000 니트로 30포 (1개월분),체지방감소·다이어트,20대,0.0,0,47500,일반,일반
담백하루,담백하루 아르기닌 라이신 컴플렉스 5000 30포 (1개월분),체지방감소·다이어트,60대이상,0.0,0,34200,일반,일반
담백하루,담백하루 드링크 오알에스 30포 (1개월분),체지방감소·다이어트,20대,0.0,0,26400,일반,일반
담백하루,담백하루 100만 활성 효소 골드 카무트 30포 (1개월분),체지방감소·다이어트,30대,0.0,0,28600,일반,일반
담백하루,담백하루 리포조말 글루타치온 비타민C 컴플렉스 30포 (1개월분),체지방감소·다이어트,20대,0.0,0,57200,일반,일반
담백하루,담백하루 혈당케어 바나바 맥스 60정 (2개월분),체지방감소·다이어트,50대,4.8,4,14200,일반,일반
풍년보감,PNBG 스파이크 샷 에너지 드링크 젤 10포 (5일분),체지방감소·다이어트,60대이상,5.0,106,23400,일반,일반
구트할로,구트할로 발포 이온음료 포도당밸런스 레몬라임맛 20정 3통,체지방감소·다이어트,40대,0.0,0,15900,일반,일반
구트할로,구트할로 발포 이온음료 포도당밸런스 레몬라임맛 20정 5통,체지방감소·다이어트,60대이상,0.0,0,20800,일반,일반
GNM자연의품격,GNM 마시는 알부민 맥스 15포 1박스 (15일분),체지방감소·다이어트,20대,4.4,5,12900,일반,일반
GNM자연의품격,GNM 마시는 알부민 맥스 15포 2박스 (1개월분),체지방감소·다이어트,30대,4.9,36,20900,일반,일반
덴프스,덴프스 혈당케어 프로 2박스/4개월분,체지방감소·다이어트,20대,4.8,222,36000,일반,일반
덴프스,덴프스 혈당케어 프로 3박스/6개월분 +증정: 비타민C 3포,체지방감소·다이어트,50대,4.8,224,44000,일반,일반
내츄럴플러스,내츄럴플러스 잔티바 에버핏 다이어트 20정 3통 (1개월분) / 발포 가르시니아,체지방감소·다이어트,60대이상,4.5,2,14300,일반,일반
내츄럴플러스,내츄럴플러스 잔티바 에버핏 다이어트 20정 6통 + 유기농 화장솜 원형 100매 1개 / 발포 가르시니아,체지방감소·다이어트,30대,4.5,2,26500,일반,일반
코오롱제약,코오롱제약 퍼펙트 파워젤 에너지젤 40g 12포 청포도,체지방감소·다이어트,40대,0.0,0,19000,일반,일반
코오롱제약,코오롱제약 퍼펙트파워젤 에너지젤 40g 12포 아이스블루,체지방감소·다이어트,30대,0.0,0,19000,일반,일반
GNM자연의품격,GNM 베르베린 500mg 60정 1박스 (1개월분),체지방감소·다이어트,50대,5.0,1,24900,일반,일반
GNM자연의품격,GNM 베르베린 500mg 60정 2박스 (2개월분),체지방감소·다이어트,30대,4.6,5,43900,일반,일반
함소아,함소아 포포 쾌변젤리 20g*14포 (14일분),체지방감소·다이어트,60대이상,0.0,0,14900,일반,일반
내츄럴플러스,[3+1] 내츄럴플러스 유기농 클렌즈 동결건조 그린 샐러드 30포 1박스 / 3박스 구매 시 1박스 증정,체지방감소·다이어트,40대,5.0,62,13000,일반,일반
내츄럴플러스,[보틀 증정] 내츄럴플러스 유기농 파이토 마시는 그린 샐러드 30포 2박스 / 컬리케일 브로콜리 동결건조 야채 클렌즈,체지방감소·다이어트,60대이상,5.0,62,23500,일반,일반
델시,델시 파이토 샐러드 앰플 5병 (5일분/10일분/20일분/1개월분),체지방감소·다이어트,50대,5.0,4,12730,일반,일반
피토틱스,피토틱스 콜린 이노시톨 60포 (1개월분),체지방감소·다이어트,30대,4.8,325,39000,일반,일반
벨라미,벨라미 다이어트 젤리 14포 (2주분) 4종 택1,체지방감소·다이어트,30대,4.7,999,19500,일반,일반
CJ이너비,[히알루론산] CJ 이너비 아쿠아뱅크 56캡슐 (28일분),체지방감소·다이어트,20대,4.7,999,38000,일반,일반
뉴트리원라이프,뉴트리원라이프 비오틴 블랙 5000 30정 (1개월분),체지방감소·다이어트,50대,4.7,68,18900,일반,일반
비비랩,[차주영 PICK]비비랩 석류콜라겐S 14포*4입 기획 (8주분),체지방감소·다이어트,20대,4.8,999,49900,일반,일반
딥트3일,[권은비Pick] 딥트3일 식전1포 사이언스업 8포,체지방감소·다이어트,20대,4.6,365,13860,일반,일반
딥트3일,딥트 3일 수퍼패스트 8포 (4일분),체지방감소·다이어트,20대,4.6,448,14700,일반,일반
데이즈온,데이즈온 비어랩 프리미엄 맥주효모환 20포 (스틱형) (20일분),체지방감소·다이어트,60대이상,4.5,79,21900,일반,일반
CJ이너비,[콜라겐+엘라스틴] CJ 이너비 콜렉티브콜라겐 42정 (14일분),체지방감소·다이어트,20대,4.7,335,33000,일반,일반
에이엠 코스메틱,에이엠 샤르기닌 14포 (14일분),체지방감소·다이어트,40대,4.9,50,39000,일반,일반
그레인온,[관종언니 이지혜 Pick] 그레인온 골드 카무트 효소 30포 (30일분),체지방감소·다이어트,30대,4.9,999,16500,일반,일반
딥트3일,[권은비Pick] 딥트3일 30일버닝 피치(맛)번 30정,체지방감소·다이어트,40대,4.5,999,38000,일반,일반
벨라미,벨라미 다이어트 젤리 청포도 25g*14포 (2주분),체지방감소·다이어트,60대이상,4.7,224,19500,일반,일반
벨라미,벨라미 다이어트 젤리 복숭아맛 25g*14포 (2주분),체지방감소·다이어트,30대,4.7,164,19500,일반,일반
벨라미,벨라미 다이어트 젤리 매실맛 25g*14포 (2주분),체지방감소·다이어트,20대,4.8,171,19500,일반,일반
디어퀸,디어퀸 콜라겐 스틱 30포(1개월분),체지방감소·다이어트,60대이상,4.9,143,49000,일반,일반
디어퀸,디어퀸 콜라겐 정 60정(1개월분),체지방감소·다이어트,50대,4.9,999,29600,일반,일반
룰더핏,룰더핏 에스컷 & 액티브 다이어트 14EA,체지방감소·다이어트,60대이상,4.9,999,23900,일반,일반
룰더핏,룰더핏 에프컷 망고 버닝 에이드 14EA,체지방감소·다이어트,30대,5.0,290,31000,일반,일반
닥터블릿,닥터블릿 푸응 다이어트14포 (7일분),체지방감소·다이어트,40대,4.4,165,12900,일반,일반
플랜트,플랜트 식물성 비건 콜라겐 유산균(젤리형) 15포 (15일분),체지방감소·다이어트,30대,4.6,15,31000,일반,일반
플랜트,플랜트 식물성 비건 콜라겐 7포 (+1포) (8일분),체지방감소·다이어트,40대,4.9,999,14900,일반,일반
에스더포뮬러,에스더포뮬러 여에스더 글루타치온 다이렉트 필름 5X 30매 (30일분),체지방감소·다이어트,50대,4.7,716,32000,일반,일반
닥터랩노쉬,닥터랩노쉬 혈당관리 다이어트 혈당슬림컷 14포 (2주분),체지방감소·다이어트,50대,4.9,840,17500,일반,일반
덴프스,덴프스 콜라겐 스킨 부스터 14포(2주분),체지방감소·다이어트,60대이상,4.9,36,27000,일반,일반
덴프스,덴프스 휘게엔자임 액티브 Soy 30포(1개월분),체지방감소·다이어트,40대,5.0,5,33000,일반,일반
이영애의 건강미식,이영애의 건강미식 생생효소 플러스 10포(10일분),체지방감소·다이어트,20대,4.9,999,5500,일반,일반
익스트림,[김종국PICK]익스트림 트리플 아르기닌 5000 20mlx3포 (+1포 추가증정),체지방감소·다이어트,50대,4.9,999,5500,일반,일반
grn+,grn+ 다홍이 팻버닝 63캡슐 (21일분),체지방감소·다이어트,40대,4.5,98,43000,일반,일반
베지핏,베지핏 케일 36g (60정) (2개월분),체지방감소·다이어트,20대,4.9,37,15900,일반,일반
풀무원건강식물원,[짜먹는 샐러드] 풀무원건강식물원 파이토 에너지 샷 (28포)(28일분),체지방감소·다이어트,50대,4.9,999,38900,일반,일반
네추럴라이즈,노티드 100만 보장 곡물발효효소 (30일분),체지방감소·다이어트,30대,5.0,2,26900,일반,일반
트루알엑스,트루알엑스 리치 화이트 글루타치온 14포 (14일분),체지방감소·다이어트,40대,4.9,999,33000,일반,일반
네추럴라이즈,노티드 촉촉 콜라겐 앰플 1박스(10개입),체지방감소·다이어트,60대이상,4.8,5,36900,일반,일반
락피도,락피도 혈당앤슬림 다이어트 14포 (14일분),체지방감소·다이어트,60대이상,4.3,6,18000,일반,일반
풀무원건강식물원,[다이어트] 풀무원건강식물원 카테킨 다이어트 30정 (30일분),체지방감소·다이어트,30대,4.9,999,21900,일반,일반
해피문데이,[패키지리뉴얼] 해피문데이 미오 이노시톨 데일리+ 4000 30포 (30일분),체지방감소·다이어트,40대,4.8,113,39900,일반,일반
디어퀸,디어퀸 미오 이노시톨 4000 30포 (1개월분),체지방감소·다이어트,40대,4.7,32,32900,일반,일반
프롬바이오,프롬바이오 골드 카무트 브랜드 밀 효소 30포 (1개월분),체지방감소·다이어트,30대,4.8,10,22900,일반,일반
핏타민,핏타민 이지팩 글루타치온 15정 (15일분),체지방감소·다이어트,50대,4.8,487,7000,일반,일반
핏타민,핏타민 이지팩 카테킨 15정 (15일분),체지방감소·다이어트,30대,4.7,277,5900,일반,일반
덴프스,덴프스 휘게 비움라인 효소 30포(1개월분),체지방감소·다이어트,50대,5.0,37,36000,일반,일반
칼로(Kalo),칼로 나이트 Relax 15포 (15일분),체지방감소·다이어트,40대,4.8,384,24500,일반,일반
에스더포뮬러,에스더포뮬러 여에스더 리포좀 글루타치온 다이렉트 울트라X 30매,체지방감소·다이어트,40대,4.8,999,29300,일반,일반
뉴오리진,유한건강생활 이너플로라 레티놀콜라겐ABC 애사비 30포 (1개월분),체지방감소·다이어트,30대,5.0,77,17900,일반,일반
아일로,아일로 마그번 코어컷 앰플 7일분 (체지방감소),체지방감소·다이어트,30대,4.9,999,9860,일반,일반
아일로,아일로 차전자피환 30포 (15일분 / 배변활동 원활),체지방감소·다이어트,50대,4.8,12,20900,일반,일반
오로라,오로라 리포좀 글루타치온 액상 7 포(7일분),체지방감소·다이어트,20대,4.9,11,21600,일반,일반
바이탈뷰티,바이탈뷰티 메타그린 효소 14입,체지방감소·다이어트,60대이상,4.9,683,17900,일반,일반
바이탈프로틴,바이탈프로틴 콜라겐 펩타이드 코코아 297g,체지방감소·다이어트,50대,4.9,80,64800,일반,일반
바이탈프로틴,바이탈프로틴 히알루론산 비오틴 플러스 271g,체지방감소·다이어트,40대,4.9,73,60200,일반,일반
바이탈프로틴,바이탈프로틴 콜라겐 펩타이드 300g,체지방감소·다이어트,30대,4.9,92,51000,일반,일반
딥트3일,[권은비Pick] 딥트3일 2중케어 듀얼 버닝 (7포),체지방감소·다이어트,20대,4.7,447,24500,일반,일반
아이힐,아이힐 콜라겐 포 스킨 60정,체지방감소·다이어트,20대,5.0,1,35900,일반,일반
grn+,grn+ 광채 레티놀C 14포 (14일분),체지방감소·다이어트,40대,5.0,11,15900,일반,일반
삼대오백,삼대오백 유기농 레몬 착즙스틱 (20g*15포),체지방감소·다이어트,20대,5.0,10,7900,일반,일반
상트베른하르트,상트베른하르트 뷰티 드링크 30개입 (1개월분),체지방감소·다이어트,50대,0.0,0,69000,일반,일반
얼라이브,얼라이브 지오 베르베린 쉴드 14포 (14일분),체지방감소·다이어트,60대이상,0.0,0,14900,일반,일반
바이탈뷰티,[혈당케어] 바이탈뷰티 메타그린 칼로리컷 젤리 10포,체지방감소·다이어트,30대,4.8,999,18900,일반,일반
네이처드림,[NEW]네이처드림 리얼 알파시클로덱스트린 14포 (14일분),체지방감소·다이어트,20대,4.9,40,8500,일반,일반
에버콜라겐,에버콜라겐 바이탈 30포 (1개월분),체지방감소·다이어트,40대,4.9,999,29000,일반,일반
엔젯오리진,엔젯오리진 파이토 식물성 멜라토닌 30정 (1개월분),체지방감소·다이어트,20대,4.9,15,14900,일반,일반
뉴트리코어,[키링증정][유통기한 26-12-31]뉴트리코어X쿵야 로우 슈거 식물성 멜라토닌 함유 멜라바인 구미  (20/30구미),체지방감소·다이어트,60대이상,5.0,999,12900,일반,일반
락티브,락티브 식물성 멜라토닌 함유 웰니스 나이트 90정 (3개월분),체지방감소·다이어트,50대,4.8,140,25890,일반,일반
탄탄,[마시는PDRN] 탄탄 뷰티 PDRN 샷 (14일분),체지방감소·다이어트,50대,4.8,53,9900,일반,일반
딥트3일,[딥트3일 한정기획] 워터밤 패키지 스트롱 플러스 8포+듀얼 버닝 3포,체지방감소·다이어트,60대이상,4.5,193,28500,일반,일반
뉴오리진,뉴오리진 혈당&면역케어 30정 (1개월분),체지방감소·다이어트,30대,4.9,52,11900,일반,일반
슬로우글로우,슬로우글로우 NMN 스페르미딘 30정 (1개월분),체지방감소·다이어트,50대,5.0,12,14250,일반,일반
이지스마트,이지스마트 숙취해소 구미 츄 3P,체지방감소·다이어트,40대,4.5,2,4900,일반,일반
닥터프리오,닥터프리오 당케어 패밀리 30정 (1개월분),체지방감소·다이어트,40대,5.0,2,28000,일반,일반
바이탈뷰티,[단품/1개월] 바이탈뷰티 메타그린 슬림업 30일,체지방감소·다이어트,30대,4.7,999,29500,일반,일반
필리브,필리브 아르기닌 6200 14포 (온),체지방감소·다이어트,60대이상,5.0,7,16000,일반,일반
설당프리,설당프리 비타미톡 파인애플맛 60정 (30일분)*,체지방감소·다이어트,40대,5.0,1,48900,일반,일반
설당프리,설당프리 리셋미 20g 14포 (14일분),체지방감소·다이어트,50대,0.0,0,37500,일반,일반
한뿌리,CJ 한뿌리 석류콜라겐 젤리 40포 (40일분) (온),체지방감소·다이어트,50대,5.0,2,57800,일반,일반
나옥스,나옥스 바이탈 베리맛 1p (온),체지방감소·다이어트,20대,0.0,0,2500,일반,일반
나옥스,나옥스 바이탈 레몬맛 1p (온),체지방감소·다이어트,30대,0.0,0,2500,일반,일반
그래니샐러드,그래니 살라 VPL정 60정(1개월분),체지방감소·다이어트,40대,0.0,0,22790,일반,일반
젤라토닌,젤라토닌 식물성 멜라토닌 젤리구미 (1개월분),체지방감소·다이어트,40대,0.0,0,17500,일반,일반
가든오브라이프,가든오브라이프 유기농 타블렛 비오틴 30정 (1개월분),체지방감소·다이어트,50대,4.9,21,42235,일반,일반
스키니랩,스키니랩 가르시니아 다이어트 14포 1박스(2주분),체지방감소·다이어트,20대,4.9,40,12900,일반,일반
스키니랩,스키니랩 가르시니아 다이어트 14포 4박스 (8주분),체지방감소·다이어트,50대,4.9,40,38900,일반,일반
스키니랩,스키니랩 비움 발효효소 레몬맛 30포 1박스(1개월분),체지방감소·다이어트,20대,4.9,17,18900,일반,일반
스키니랩,스키니랩 비움 발효효소 레몬맛 30포 2박스(2개월분),체지방감소·다이어트,50대,4.9,17,37000,일반,일반
스키니랩,스키니랩 비움 발효효소 베리맛 30포 1박스 [소비기한 2025-10-29],체지방감소·다이어트,30대,4.7,6,11900,일반,일반
스키니랩,스키니랩 비움 발효효소 베리맛 30포 2박스 [소비기한 2025-10-29],체지방감소·다이어트,60대이상,4.7,6,19900,일반,일반
셀렉스,셀렉스 카테킨 60정 (1개월분),체지방감소·다이어트,30대,4.7,7,19900,일반,일반
스키니랩,[스키니랩] 다이글로핏 다이어트 14정 1박스(2주분),체지방감소·다이어트,60대이상,5.0,2,37200,일반,일반
한삼인,한삼인 콜라겐 곤약젤리 10포,체지방감소·다이어트,40대,5.0,8,17000,일반,일반
한삼인,(소비기한 25.09.17) 한삼인 웨이크업 듀얼부스터 14병,체지방감소·다이어트,20대,5.0,4,50000,일반,일반
GNM자연의품격,GNM 올인원 액상 콜라겐 글루타치온 부스터 7개입 4박스 (28일분),체지방감소·다이어트,50대,4.9,813,52900,일반,일반
스키니랩,스키니랩 차전자피 카테킨 다이어트 14포 (7일분),체지방감소·다이어트,40대,0.0,0,19900,일반,일반
내츄럴플러스,내츄럴플러스 에버핏 잔티젠 다이어트 28캡슐 2박스 (28일분),체지방감소·다이어트,50대,5.0,1,24900,일반,일반
건강한약속 바른,건강한약속 바른 역가효소 30포 (1개월분),체지방감소·다이어트,20대,5.0,2,16000,일반,일반
일양약품,일양약품 프라임 파로 발효효소 30포 2박스 (2개월분),체지방감소·다이어트,40대,5.0,4,23900,일반,일반
일양약품,일양약품 프라임 파로 발효효소 30포 3박스 / 고역가수치 100만 unit 인절미맛,체지방감소·다이어트,40대,5.0,4,34900,일반,일반
대상웰라이프,혈당커트 ABC주스맛 7포 (7일분),체지방감소·다이어트,40대,5.0,12,7900,일반,일반
바이오렉트라,바이오렉트라 아연+셀레늄 5050mg 20포 (20일분),종합케어,30대,4.9,80,59400,일반,일반
알디콤,[1+1]알디콤 Plus 숙취해소제 21ml 4포입,종합케어,30대,4.9,999,17300,일반,일반
종근당건강,프로메가 알티지 오메가3 듀얼 40 캡슐 더블 기획세트 (40일분),혈관케어,60대이상,4.9,999,9900,일반,일반
바이오렉트라,바이오렉트라 마그네슘 400 울트라 다이렉트,종합케어,20대,4.9,121,31500,일반,일반
대원제약,[올영단독/수면 효율증가]대원제약 대원헬스 꿀잠샷 20gX12포 (12일분),종합케어,50대,5.0,999,26900,일반,일반
대원제약,[올영단독/코상태개선] 대원제약 대원헬스 삼백초추출물 코편샷20g x 12포(12일분),종합케어,50대,5.0,934,20500,일반,일반
멜라메이트,[포켓몬 에디션] 식물성 멜라토닌 함유 멜라메이트 구미/로우슈가 구미 20/40/50구미 (+잠만보 말랑볼),종합케어,40대,4.8,999,13000,일반,일반
올더베러,올더베러 웰니스 구미 30일분 6종 택1,종합케어,20대,4.8,999,14900,일반,일반
알디콤,[1+1]알디콤 숙취해소제 15ml 4포입,종합케어,30대,4.9,999,14800,일반,일반
고려은단,고려은단 식물성 알티지 오메가3 30캡슐 (30일분),혈관케어,40대,4.9,999,9900,일반,일반
비비랩,[차학연 PICK/1+1] 비비랩 콜라겐 젤리 14포 2종 택1 (석류콜라겐S/콜라겐탱글업),종합케어,40대,4.8,999,25900,일반,일반
닥터아돌,닥터아돌 위점막 보호엔 위솔보 30개입 (30일분),종합케어,50대,4.3,91,27960,일반,일반
종근당건강,종근당건강 프로메가 오메가3 트리플 60캡슐 (장용성) (1개월분),혈관케어,60대이상,4.9,999,12900,일반,일반
코자아,코자아 식물성 멜라토닌 함유 젤리/드링크 (단품/기획),종합케어,30대,4.8,999,36000,일반,일반
코자아,코자아 오리지널 드링크 100ml*6개입,종합케어,30대,4.7,999,34900,일반,일반
알디콤,"[1+1]알디콤 숙취해소제 4포입 3종 (플러스, 에이, 브이)",종합케어,60대이상,4.9,999,17300,일반,일반
지노마스터,지노마스터 이노시톨 30포 (1개월분),종합케어,30대,4.8,999,17500,일반,일반
씨제이웰케어,CJ웰케어 혈행건강 초임계 rTG 오메가3 30캡슐 (30일분) (OY단독),혈관케어,30대,4.8,469,5900,일반,일반
세노비스,세노비스 마그네슘 90정 (3개월분),종합케어,40대,4.9,999,18900,일반,일반
담백하루,담백하루 초임계 알티지 오메가 에센스 1000 30정 (1개월분),혈관케어,30대,4.9,83,25600,일반,일반
세노비스,세노비스 밀크씨슬+ 60캡슐 더블기획 (4개월분),종합케어,60대이상,4.9,999,36900,일반,일반
프롬바이오,프롬바이오 포스파티딜세린 징코 PS 30캡슐 (15일분),종합케어,60대이상,5.0,10,15920,일반,일반
정관장,[올영단독] 정관장 에브리타임 세븐베리/배/한라봉 플레이버 7포 단독기획,종합케어,30대,4.9,999,15600,일반,일반
히말라야,히말라야 파티스마트 저당 츄 [베리맛] 10P,종합케어,20대,4.8,999,15000,일반,일반
정관장,정관장 활기력 샷 3종(에너지/아미노/비타민) 10병 (10일분),종합케어,20대,4.8,999,17500,일반,일반
8APM,8APM 식물성 멜라토닌 함유 멜라피스 800mg 30정 (1개월분),종합케어,20대,4.7,111,25800,일반,일반
이너랩,셀트리온 심야정 딥슬립 아쉬아간다 30정 (1개월분),종합케어,20대,4.7,6,24510,일반,일반
네이처메이드,"네이처메이드 칼슘,마그네슘,아연,비타민D 180정 (2개월분)",종합케어,40대,4.8,999,22500,일반,일반
바이오렉트라,바이오렉트라 칼슘 다이렉트 30포 (1개월분),종합케어,30대,5.0,37,45000,일반,일반
올더베러,[6월올영픽]올더베러 바나바잎 구미 60구미 (30일분),종합케어,60대이상,4.8,199,9900,일반,일반
그린몬스터,[대용량/칼마디] 그린몬스터 맥스 칼슘 마그네슘 비타민D 아연 90정 (3개월분),종합케어,40대,4.9,106,12900,일반,일반
닥터브라이언,닥터브라이언 rTG오메가-3 1200 180캡슐 (6개월분),혈관케어,30대,5.0,28,41900,일반,일반
오슬랩,NEW 오슬랩 나잇리톨 식물성 멜라토닌 함유 츄어블 캔디 (30정),종합케어,40대,4.9,829,20000,일반,일반
한삼인,한삼인 기력보감 환 1세트 (25일분) + 쇼핑백,종합케어,20대,0.0,0,41300,일반,일반
지노마스터,지노마스터 철분 30정 (1개월분),종합케어,60대이상,4.9,49,18900,일반,일반
락티브,락티브 이노시톨 30포 (+시크릿케어 질유래유산균 10캡슐 증정기획),종합케어,20대,4.9,999,38900,일반,일반
세렌,[활력에너지] 세렌 올인원 아르기닌 비타 부스터 오렌지맛 14포 (14일분),종합케어,20대,5.0,12,38470,일반,일반
고철남,고철남 홍삼절편 선물용 10포,종합케어,20대,5.0,3,37800,일반,일반
뉴오리진,이너플로라 미오이노시톨+콜린 30포 (1개월분),종합케어,30대,4.9,389,17900,일반,일반
멜라메이트,멜라메이트 트리플액션 30정 (1개월분),종합케어,60대이상,4.8,999,17900,일반,일반
뉴트리원라이프,뉴트리원라이프 혈당 혈행 간 토탈케어 60정 (30일분),혈관케어,30대,5.0,55,35500,일반,일반
에스더포뮬러,[국민영양] 여에스더 루테인&지아잔틴 30캡슐 (1개월분),눈건강,60대이상,4.9,394,9700,일반,일반
에스더포뮬러,[골라담기] 여에스더 국민영양 12종 택1,종합케어,30대,4.8,999,9700,일반,일반
내츄럴플러스,[비타민C 구미 포도맛 1봉 증정] 내츄럴플러스 굿앤키즈 알티지 오메가3 츄어블 오렌지맛 90캡슐 2병 (2개월분),혈관케어,60대이상,5.0,1,31900,일반,일반
하이뮨,하이뮨 면역엔 알로에 20g*14포 (14일분),종합케어,30대,4.9,14,15000,일반,일반
닥터브라이언,닥터브라이언 비오틴 구미 5000 복숭아맛(100구미) (50일분),종합케어,40대,4.9,999,14900,일반,일반
캔틴나인,"캔틴나인 서퍼데이, 스노우 90정 (1개월분/UV케어)",종합케어,30대,4.9,121,31200,일반,일반
슬로우글로우,슬로우글로우 아르기닌 슈퍼 블루밍 30구미 (1개월분),종합케어,20대,0.0,0,9310,일반,일반
GNM자연의품격,GNM 코엔자임Q10 비타민 미네랄 10종 4박스 (4개월분) / 코큐텐 비타민B 비오틴,종합케어,40대,5.0,129,29900,일반,일반
네이처메이드,네이처메이드 슈퍼D 아연 면역 콤플렉스 100캡슐 (100일분),종합케어,50대,4.9,901,29700,일반,일반
에스더포뮬러,[국민영양] 여에스더 초임계 알티지 오메가3 30캡슐 3박스/5박스 (3개월분/5개월분),혈관케어,40대,4.8,999,29100,일반,일반
씨제이웰케어,CJ웰케어 간건강 밀크씨슬 30캡슐 (30일분) (OY단독),종합케어,20대,4.9,109,5900,일반,일반
닥터하이365,닥터하이365 부기부기 칼륨 포타슘 90정 (15일분),종합케어,40대,4.3,3,27700,일반,일반
GNM자연의품격,[비건인증/총 4개월분] GNM 활성 엽산 800 비타민B 2박스 / 비타민C + 코엔자임Q10 1박스 증정,종합케어,60대이상,4.9,344,26900,일반,일반
이너시아,[국내최초 액상형] 이너시아 더 케어 업-솔션 이너시톨 2.0 (28일분/14일분 택 1),종합케어,20대,4.9,405,26800,일반,일반
도펠헤르츠,[독일1위] 도펠헤르츠 마칼디 칼슘 마그네슘 비타민D3 20포 (20일분),종합케어,30대,5.0,265,25800,일반,일반
닥터파이토,닥터파이토 리포좀 철분 C 30캡슐 (1개월분),종합케어,40대,5.0,263,24300,일반,일반
슬리플러스,슬리플러스X카카오프렌즈 슬리핑보틀 100ml 6개입,종합케어,20대,4.6,999,23000,일반,일반
멜라메이트,멜라메이트 트리플액션 맥스 30정 (1개월분),종합케어,40대,4.8,999,21900,일반,일반
GNM자연의품격,GNM 칼슘 마그네슘 아연 비타민D 90정 2병 (총 6개월분) 칼마디,종합케어,20대,4.8,283,21900,일반,일반
GNM자연의품격,[총 4개월분] GNM 맘편한 철분 비타민C 2박스 / 철분제,종합케어,60대이상,4.8,150,21900,일반,일반
씨제이웰케어,CJ웰케어 눈건강 루테인지아잔틴 40캡슐 (40일분) (OY단독),눈건강,20대,4.9,274,5900,일반,일반
마그랩,[고함량마그네슘] 마그랩 포 에센셜 60정 (60일분),종합케어,20대,4.9,577,20000,일반,일반
마그랩,[마그네슘칼슘비타민D] 마그랩 마칼디 60정 (30일분),종합케어,40대,4.9,383,20000,일반,일반
세레비,세레비 멜라딥스 Deep Night 식물성 멜라토닌 30정 (1개월분),종합케어,20대,5.0,184,18500,일반,일반
이지스마트,이지스마트 필름 8매,종합케어,30대,4.9,73,18000,일반,일반
닥터린,닥터린 독일산 맥주효모 비오틴 15000 맥스 60정 (2개월분),종합케어,50대,4.9,112,17910,일반,일반
고려은단,고려은단 식물성 퓨어 알티지 오메가3 60캡슐 (2개월분),혈관케어,40대,4.9,190,17900,일반,일반
잠백이,잠백이 위건강 그린세라F 금은화 30정,종합케어,60대이상,0.0,0,15800,일반,일반
메디트리,메디트리 관절튼튼 뮤코다당단백 콘드로이친 비타민D 망간 60정 (1개월분),종합케어,60대이상,5.0,4,15390,일반,일반
삼대오백,삼대오백 모노 하이드레이트 크레아틴 300g (100회분) (NEW),종합케어,60대이상,4.9,76,15210,일반,일반
닥터브라이언,닥터브라이언 칼슘 마그네슘 비타민D 아연 (90정) (90일분) 칼마디,종합케어,40대,4.9,144,14900,일반,일반
어반버스터즈,어반버스터즈 프로폴리스 면역 구미 (1개월분),종합케어,60대이상,4.8,999,13800,일반,일반
멜라메이트,멜라메이트 구미 로우슈가 20구미 (20일분),종합케어,20대,4.8,999,13000,일반,일반
잠백이,잠백이 간 건강 기능 영양제 밀크씨슬 실리마린 30캡슐,종합케어,30대,0.0,0,9900,일반,일반
순수식품,순수식품 칼슘 마그네슘 비타민D 아연 망간 90정 (3개월분),종합케어,50대,5.0,16,5250,일반,일반
슬리플러스,슬리플러스X카카오프렌즈 슬리핑보틀 100ml 1/6개입,종합케어,30대,4.6,999,4000,일반,일반
배러,[식물성멜라토닌 함유] 동화약품 배러레스트 120g,종합케어,40대,4.9,317,3500,일반,일반
대웅제약,[대웅제약] 우루샷 2정 (1일분) / 비타민 피로회복제,종합케어,30대,4.8,999,2500,일반,일반
세노비스,세노비스 오메가3울트라 50캡슐 (50일분),혈관케어,50대,4.9,90,42000,일반,일반
세노비스,세노비스 오메가3 62캡슐 (1개월분),혈관케어,60대이상,4.8,612,21000,일반,일반
세노비스,세노비스 달맞이꽃 종자유 90캡슐 (1개월분),종합케어,20대,4.7,631,31500,일반,일반
솔가,솔가 엽산 400 (100정/100일분),종합케어,20대,4.9,911,31000,일반,일반
솔가,솔가 철분 25 (90캡슐/3개월분),종합케어,50대,4.8,999,46000,일반,일반
블랙모어스,블랙모어스 멀티액션큐텐 60정 (1개월분),종합케어,40대,4.8,326,22900,일반,일반
세노비스,세노비스 키즈 수퍼바이오틱스 30포 (1개월분),종합케어,60대이상,4.9,139,38000,일반,일반
솔가,솔가 오메가-3 700 EPA&DHA (60캡슐/2개월분),혈관케어,60대이상,4.8,568,55000,일반,일반
세노비스,세노비스 프로폴리스 60캡슐 (2개월분),종합케어,30대,4.9,999,37000,일반,일반
세노비스,세노비스 밀크씨슬 60캡슐 (2개월분),종합케어,50대,4.8,864,24900,일반,일반
솔가,솔가 엽산 800 (100정/100일분),종합케어,20대,4.9,194,38000,일반,일반
블랙모어스,블랙모어스 칼슘마그네슘플러스비타민D 60정 (1개월분),종합케어,20대,4.8,999,33000,일반,일반
세노비스,세노비스 오메가3 더블 기획 (62캡슐+62캡슐),혈관케어,30대,4.8,692,56000,일반,일반
비타하임,비타하임 칼슘+마그네슘+비타민D 15정(15일),종합케어,20대,4.5,999,5000,일반,일반
비타하임,비타하임 아연+비타민C 20정 (20일분),종합케어,20대,4.8,999,3700,일반,일반
세노비스,세노비스 프로폴리스 더블 기획 (60캡슐+60캡슐),종합케어,40대,4.9,999,51900,일반,일반
세노비스,세노비스 루테인+오메가3 더블 기획 (80캡슐+80캡슐),눈건강,20대,4.8,999,88000,일반,일반
솔가,솔가 아연 50 (100정/100일분),종합케어,50대,4.8,97,40000,일반,일반
솔가,솔가 셀레늄 (100정/100일분),종합케어,60대이상,4.8,39,28700,일반,일반
블랙모어스,블랙모어스 오더리스 피시오일 80캡슐+80캡슐 (80일분),종합케어,60대이상,4.9,292,29600,일반,일반
종근당건강,종근당건강 헬씨칸 30캡슐 (1개월분),종합케어,50대,4.8,228,12900,일반,일반
허벌랜드,허벌랜드 키즈 키 포인트 칼슘 비타민D3 식물성 구미젤리 (1개월분),종합케어,40대,4.9,18,22020,일반,일반
허벌랜드,허벌랜드 키즈 오메가3 DHA 60구미 (15일분),혈관케어,30대,4.8,38,22020,일반,일반
세노비스,세노비스 키즈츄어블오메가3 더블 기획 (150캡슐+150캡슐),혈관케어,20대,4.9,45,98000,일반,일반
세노비스,세노비스 키즈 수퍼바이오틱스 더블 기획 (30포+30포),종합케어,20대,4.9,139,76000,일반,일반
종근당건강,종근당건강 홍삼녹용프리미엄 30포 (1개월분),종합케어,60대이상,4.8,152,17900,일반,일반
세노비스,세노비스 밀크씨슬 120캡슐 선물세트 (4개월분),종합케어,50대,4.9,999,30000,일반,일반
정관장,정관장 활기력 20ml*16병 (16일분),종합케어,20대,4.8,168,46000,일반,일반
뉴트리원라이프,뉴트리원라이프 더블업 보스웰리아 30정 (1개월분),종합케어,50대,4.8,83,19800,일반,일반
세노비스,세노비스 밀크씨슬 60캡슐+5캡슐 증정기획 (65일분),종합케어,30대,4.9,999,24900,일반,일반
뉴오리진,뉴오리진 밀크씨슬 60정 (2개월분),종합케어,20대,4.8,252,14900,일반,일반
종근당건강,종근당건강 시원하다 전립쎈 60캡슐 (2개월분),종합케어,20대,4.7,91,17900,일반,일반
뉴오리진,[콜레스테롤 개선] 이너플로라 보라지유 60캡슐 (1개월분),종합케어,40대,4.8,147,19900,일반,일반
그린몬스터,[고함량 오메가3] 그린몬스터 맥스 알티지(rTG) 오메가3 60캡슐 (1개월분),혈관케어,40대,4.8,337,32000,일반,일반
정관장,정관장 화애락 이너제틱 15g x 20포 (10일분),종합케어,60대이상,4.9,815,23400,일반,일반
얼라이브,얼라이브 칼슘 90정 (45일분),종합케어,50대,4.8,224,26900,일반,일반
락피도,락피도 철분액상 30포 (1개월분),종합케어,20대,4.9,130,28000,일반,일반
종근당건강,종근당건강 프로메가 알티지 오메가3 듀얼 40 캡슐 (20일분),혈관케어,40대,4.8,999,11900,일반,일반
허벌랜드,허벌랜드 눈건강 루테인 포뮬러 식물성 구미젤리 60구미(30일분),눈건강,60대이상,4.2,38,27970,일반,일반
대웅제약,대웅제약 에너씨슬 30캡슐 (1개월분),종합케어,60대이상,4.8,789,11700,일반,일반
대웅제약,대웅제약 에너씨슬 콜레다운 30캡슐 (1개월분),종합케어,60대이상,4.8,848,17000,일반,일반
뉴트리원라이프,뉴트리원라이프 알티지 오메가 루테인 90캡슐 (3개월분),눈건강,60대이상,4.9,233,31900,일반,일반
뉴트리원라이프,뉴트리원라이프 어골칼슘&마그네슘 비타민D 60정 (1개월분),종합케어,50대,4.7,40,25400,일반,일반
뉴트리원라이프,뉴트리원라이프 루테인 지아잔틴 164 플러스 선물기획 120캡슐 (4개월분),눈건강,50대,4.8,531,49900,일반,일반
세노비스,세노비스 루테인+오메가3 80캡슐 (+10캡슐 증정기획) (45일분),눈건강,60대이상,4.8,999,44000,일반,일반
안국건강,안국건강 아이원 루테인 미니 100 기프트 180캡슐 (6개월분),눈건강,20대,4.9,282,26900,일반,일반
안국건강,안국건강 아이원 루테인 지아잔틴 플러스 60캡슐 (2개월분),눈건강,60대이상,4.8,137,18900,일반,일반
안국건강,안국건강 아이원 눈에좋은 루테인 플러스 기프트 180캡슐 (6개월분),눈건강,30대,4.8,161,36900,일반,일반
안국건강,안국건강 눈에좋은 루테인 스페셜 기프트 180캡슐 (6개월분),눈건강,60대이상,4.9,33,50000,일반,일반
안국건강,안국건강 안심 칼슘마그네슘디 90정 (1개월분),종합케어,40대,4.7,24,22890,일반,일반
안국건강,안국건강 코엔자임Q10 코큐텐 60캡슐 (2개월분),종합케어,40대,4.8,302,24900,일반,일반
꾸미,"꾸미 이뮨 아연+비타민 C,D 60구미 (1개월분)",종합케어,60대이상,4.8,999,20000,일반,일반
블랙모어스,블랙모어스 파워 리버 밀크씨슬 30정 (1개월분),종합케어,20대,4.8,189,30000,일반,일반
블랙모어스,블랙모어스 파워 리버 밀크씨슬 30정 트윈팩 (2개월분),종합케어,50대,4.8,189,23600,일반,일반
그린몬스터,[대용량] 그린몬스터 맥스 밀크씨슬 10 90정 (3개월분),종합케어,30대,4.8,137,14900,일반,일반
판토모나,판토모나 비오틴 하이퍼포머 240정 (60일분),종합케어,40대,4.8,135,53870,일반,일반
네이처메이드,네이처메이드 슈퍼D 아연 면역 콤플렉스 더블 기획 (100캡슐+100캡슐),종합케어,30대,4.9,957,49600,일반,일반
종근당건강,아이클리어 루테인아스타잔틴 30캡슐 (1개월분),눈건강,60대이상,4.8,69,21900,일반,일반
종근당건강,아이클리어 루테인지아잔틴 (리뉴얼) 30캡슐 (1개월분),눈건강,60대이상,4.7,551,11900,일반,일반
차일드라이프,차일드라이프 액상 칼슘 마그네슘 473ml (1개월분),종합케어,60대이상,4.9,221,26800,일반,일반
차일드라이프,차일드라이프 퓨어 DHA 90정 (1개월분),종합케어,40대,4.6,19,15300,일반,일반
차일드라이프,차일드라이프 알러케어 118ml,종합케어,30대,4.8,64,24900,일반,일반
대웅제약,[대웅제약] 우루샷 20정 (10일분) / 비타민 의약외품,종합케어,50대,4.8,52,24500,일반,일반
컨디션,[카더가든PICK] 컨디션스틱 젤리 컨디션맛 숙취해소,종합케어,40대,4.9,538,3900,일반,일반
컨디션,[장기하PICK] 컨디션스틱 젤리 그린애플맛 숙취해소,종합케어,20대,4.9,925,3900,일반,일반
솔가,솔가 밀크씨슬 130 (60캡슐/2개월분),종합케어,50대,4.9,55,43400,일반,일반
알디콤,[1+1]알디콤 숙취해소제 15ml,종합케어,50대,4.9,999,3900,일반,일반
허벌랜드,허벌랜드 면역 부스트 구미 (1개월분),종합케어,50대,4.8,147,16060,일반,일반
써큐란,[동아제약] 써큐란 알파 60캡슐 (1개월분),종합케어,40대,4.9,166,22000,일반,일반
써큐란,[동아제약] 써큐란 알티지오메가-3 60캡슐 (1개월분),혈관케어,40대,4.9,33,30000,일반,일반
락토핏,락토핏 키즈 60포  (2개월분),종합케어,60대이상,4.8,236,17900,일반,일반
블랙모어스,블랙모어스 칼슘마그네슘플러스비타민D 60정 트윈팩 (2개월분),종합케어,20대,4.8,999,65000,일반,일반
바이탈뷰티,[수면기능성] 바이탈뷰티 굿슬립가바 365 (14일분),종합케어,30대,4.6,526,16150,일반,일반
정관장,정관장 다보록 진심편행복(홍삼진본+홍삼진고) (40일분),종합케어,50대,4.9,166,112000,일반,일반
정관장,정관장 활기력JOY(20ml*14병) (14일분),종합케어,30대,4.9,442,39000,일반,일반
네이처메이드,"네이처메이드 칼슘,마그네슘,아연,비타민D 더블 기획 (180정+180정)",종합케어,60대이상,4.8,254,41480,일반,일반
종근당건강,종근당건강 헬씨칸 밀크씨슬 로얄 30캡슐 (1개월분),종합케어,30대,4.9,72,11900,일반,일반
컨디션,[유병재PICK] 컨디션환 스틱 숙취해소,종합케어,60대이상,4.8,712,2900,일반,일반
씨제이웰케어,전립소 쏘팔메토 60캡슐 (2개월분),종합케어,50대,4.9,170,35000,일반,일반
솔가,솔가 마그네슘 위드 비타민 B6 (100TB) (33일분),종합케어,40대,4.7,12,40000,일반,일반
씨제이웰케어,CJ웰케어 아쿠아셀 오메가3 트리플 60캡슐 (30일분),혈관케어,50대,4.8,26,36000,일반,일반
허벌랜드,허벌랜드 눈건강 루테인 포뮬러 식물성 구미젤리 30구미 (15일분),눈건강,50대,4.1,12,17960,일반,일반
라엘,라엘 밸런스 요로건강 크랜베리 60캡슐 (30일분),종합케어,20대,5.0,79,36000,일반,일반
라엘,라엘밸런스 월경전케어 보라지유 60캡슐 (30일분),종합케어,20대,4.7,10,40000,일반,일반
네추럴라이즈,네추럴라이즈 비타민C & 아연꾸미 60개 (1개월분),종합케어,40대,4.9,21,13510,일반,일반
태양생활건강,뽀로로 키즈하이 멀티 츄잉정 초코맛 90개입 (1개월분),종합케어,50대,5.0,28,19900,일반,일반
차일드라이프,차일드라이프 멀티비타민&미네랄 237ml (23일분),종합케어,40대,4.8,34,28300,일반,일반
마그랩,[단독기획/10+2] 마그랩 포 스트레스 12입 선물세트 (12일분),종합케어,60대이상,4.9,999,23900,일반,일반
마그랩,[흡수율UP 액상마그네슘] 마그랩 포 에너지 25ml*10입 (10일분),종합케어,40대,4.9,999,23900,일반,일반
레모나,레모나 구미 60구미 (30일분) 3종 택 1 (멀티비타민+미네랄/비오틴+B/루테인+A),눈건강,50대,4.8,693,19800,일반,일반
레모나,레모나 루테인+비타민A 구미 60구미 (30일분),눈건강,50대,4.8,368,19800,일반,일반
미니막스,미니막스 정글 칼슘비타민D 사과맛 60구미 (30일분),종합케어,60대이상,4.9,56,35000,일반,일반
대웅제약,[올영단독기획] 대웅제약 에너씨슬 퍼펙트샷 이뮨+ 8개입 (8일분),종합케어,20대,4.8,999,36000,일반,일반
프레스샷,눌러먹는 프레스샷 마그코어 10개입 1박스 종합비타민 마그네슘 비타민B (10일분),종합케어,40대,4.7,430,26510,일반,일반
프롬바이오,[이준혁PICK] 프롬바이오 위건강엔 매스틱/관절 연골엔 보스웰리아 30포/60정 (1개월분),종합케어,20대,4.7,89,43000,일반,일반
엔젯오리진,엔젯오리진 아쿠아셀 알티지 오메가-3,혈관케어,60대이상,4.8,42,12900,일반,일반
상쾌환,상쾌환 스틱 샤인머스캣맛 1입,종합케어,50대,4.9,64,3900,일반,일반
종근당,종근당 잘자 수면건강 아쉬아간다 30정(30일분),종합케어,40대,4.6,33,30420,일반,일반
닥터린,닥터린 유기농 밀크씨슬 30정 (1개월분),종합케어,30대,5.0,4,17900,일반,일반
뉴트리코어,뉴트리코어 쏘팔메토 옥타코사놀 2종 택1 (2개월분/10개월분),종합케어,40대,5.0,3,56050,일반,일반
뉴트리코어,뉴트리코어 유기농 밀크씨슬 2종 택1 (1개월분/5개월분),종합케어,40대,4.9,11,39000,일반,일반
뉴트리코어,뉴트리코어 코엔자임Q10 2종 택1 (1개월/5개월분),종합케어,40대,4.8,50,116000,일반,일반
뉴트리코어,뉴트리코어 초임계 식물성 알티지 오메가3 2종 택1 (1개월/5개월분),혈관케어,60대이상,4.8,23,186200,일반,일반
뉴트리코어,뉴트리코어 초임계 루테인 60캡슐(2개월분),눈건강,20대,5.0,5,39000,일반,일반
메디트리,메디트리 콜레스테롤 앤 혈당케어 60정(1개월분),종합케어,20대,5.0,23,15840,일반,일반
안국건강,안국건강 아이메가 rTG 오메가3 미니 60캡슐 (1개월분),혈관케어,60대이상,5.0,23,14900,일반,일반
씨제이웰케어,CJ웰케어 마그엔B맥스 7+2입 기획,종합케어,20대,4.9,332,28900,일반,일반
마그랩,[쾌변/식후혈당감소] 마그랩 젤리푸푸 14포 (14일분),종합케어,50대,4.9,999,22400,일반,일반
닥터린,닥터린 이노시톨 40:1 30포 (30일분),종합케어,60대이상,4.9,127,27500,일반,일반
grn+,grn+ 알로에 이뮨 젤리 14포 (14일분),종합케어,30대,4.9,27,14900,일반,일반
익스트림,[김종국PICK]익스트림 밀크씨슬 플러스 800mg*60정 (2개월분),종합케어,50대,4.9,64,17900,일반,일반
익스트림,익스트림 트리플 마그네슘 1100mg*120정 (4개월분),종합케어,20대,4.9,68,26900,일반,일반
씨제이웰케어,CJ 아이시안 FOCUS 루테인 지아잔틴(30일분),눈건강,30대,4.8,872,12900,일반,일반
정관장,정관장 에브리타임 맥스/에너지 활기력 샷 (10일분),종합케어,40대,4.8,999,17500,일반,일반
정관장,정관장 에브리타임 소프트(10ml*20포),종합케어,40대,4.9,642,45200,일반,일반
정관장,정관장 활기력 부스터(20m*14병),종합케어,30대,5.0,12,49000,일반,일반
정관장,정관장 홍삼진본(40ml*20포),종합케어,30대,4.6,13,52000,일반,일반
164,164 루테인지아잔틴 에이엑스 GR 30캡슐 (1개월분),눈건강,50대,4.9,97,20400,일반,일반
164,164 루테인지아잔틴 알티지오메가3 GR 30캡슐 (1개월분),눈건강,30대,4.9,137,22100,일반,일반
164,164 루테인지아잔틴GR 30캡슐 (1개월분),눈건강,30대,4.8,993,16900,일반,일반
세노비스,세노비스 키즈 뼈튼튼 칼마디 60정(30일분),종합케어,50대,4.8,38,27900,일반,일반
그린몬스터,[20억 보장] 그린몬스터 혈당관리 유산균 하루 큐 30캡슐 (1개월분),종합케어,40대,4.9,128,15900,일반,일반
알디콤,[1+1]알디콤V 숙취해소제 20ml 4포입,종합케어,60대이상,4.9,502,17300,일반,일반
네이처메이드,네이처메이드 웰블렌즈 면역 & 에너지 울트라 마그네슘 파우더 30포 (1개월분),종합케어,20대,4.7,19,20000,일반,일반
정관장,정관장 홍삼정 에브리타임 샷(20ml*20병) (20일분),종합케어,20대,5.0,263,58610,일반,일반
풀무원건강식물원,[혈당케어] 풀무원건강식물원 바나바잎 혈당컷 (30정),종합케어,30대,4.9,999,18900,일반,일반
정관장,정관장 에브리타임 플레이버 4종 골라담기 (세븐베리/배/한라봉/망고) (10포/20포) 택 1,종합케어,20대,4.9,999,41400,일반,일반
정관장,정관장 홍삼진고(250g*2병) (25일분),종합케어,20대,4.8,34,132000,일반,일반
정관장,정관장 홍삼진고 데일리스틱(10ml*20포) (10일분),종합케어,40대,4.6,19,54000,일반,일반
위아바임,[수면건강] 위아바임 아쉬아간다 30정 (30일분),종합케어,30대,5.0,456,39900,일반,일반
대웅제약,대웅제약 에너씨슬 퍼펙트샷 이뮨+ 4입 (4일분),종합케어,50대,4.8,999,36000,일반,일반
정관장,정관장 에브리타임 배 플레이버(10ml*20포) (20일분),종합케어,40대,4.9,881,57600,일반,일반
정관장,정관장 에브리타임 한라봉 플레이버(10ml*20포) (20일분),종합케어,30대,4.9,800,57600,일반,일반
뉴트리원라이프,뉴트리원라이프 관절연골엔 뮤코다당단백 콘드로이친 1200mg (30일분),종합케어,60대이상,4.9,73,29800,일반,일반
아이힐,아이힐 키즈락 유산균 (30포),종합케어,40대,5.0,21,25900,일반,일반
락피도,락피도 뼈가튼튼 칼슘젤리 15포 (15일분),종합케어,40대,5.0,3,18000,일반,일반
락피도,락피도 아이반짝 빌베리젤리 15포 (15일분),종합케어,30대,4.7,6,16000,일반,일반
락피도,락피도 매일푸푸 쾌변젤리 15포 (15일분),종합케어,30대,4.8,6,16000,일반,일반
락피도,락피도 징크시럽 키즈 120ml (1개월분),종합케어,60대이상,5.0,2,22200,일반,일반
락피도,락피도 알티지 오메가3 츄어블 키즈 90캡슐 (15일분),혈관케어,60대이상,4.8,13,24000,일반,일반
뉴트리원라이프,뉴트리원라이프 브레인알파 피에스 30캡슐 (15일분),종합케어,60대이상,0.0,0,22400,일반,일반
락티브,락티브 미오이노시톨 앤 콜린 4000 30포 (1개월분),종합케어,40대,4.9,432,39000,일반,일반
락티브,락티브 면역이뮨 알로에 젤리 14포 (2주분),종합케어,60대이상,4.7,47,22600,일반,일반
락티브,락티브 활성형 엽산 800ug DFE 56정 (8주분),종합케어,30대,5.0,129,22600,일반,일반
네추럴라이즈,[6개월대용량][OY단독세일]네추럴라이즈 감마리놀렌산 보라지 오일 180캡슐 (6개월분),종합케어,40대,4.2,38,35000,일반,일반
닥터아돌,닥터아돌 코퍼 비헴철 철분 60정 (60일분),종합케어,30대,5.0,23,48450,일반,일반
닥터아돌,닥터아돌 식물성 초임계 알티지 오메가3 60캡슐 (30일분),혈관케어,30대,5.0,8,50400,일반,일반
닥터아돌,닥터아돌 몰리브덴 밀크씨슬 30정 (30일분),종합케어,60대이상,5.0,1,33150,일반,일반
닥터아돌,닥터아돌 프로폴리스아연C 120캡슐 (60일분),종합케어,30대,4.8,189,41400,일반,일반
닥터아돌,닥터아돌 I이뮨 앱 엽산 60정 (60일분),종합케어,50대,5.0,2,28810,일반,일반
닥터아돌,닥터아돌 칼슘마그네슘비타민D+ 120정 (30일분),종합케어,40대,4.9,17,33910,일반,일반
닥터아돌,닥터아돌 L-테아닌 이지먼스 120캡슐 (30일분),종합케어,20대,5.0,7,41400,일반,일반
라엘,라엘 밸런스 미오 이노시톨 앤 콜린 30포 (30일분),종합케어,20대,4.7,7,38900,일반,일반
이너랩,셀트리온 이너랩 파워 스피드 마그네슘 315 120정 (4개월분),종합케어,50대,4.9,47,16060,일반,일반
닥터아돌,닥터아돌 베타카로틴 레몬맛 오메가3 패밀리 120캡슐 (30일분),혈관케어,60대이상,5.0,9,31950,일반,일반
이너랩,셀트리온 이너랩 전립선건강 쏘팔메토 옥타코사놀 60캡슐 (2개월분),종합케어,40대,4.7,38,12670,일반,일반
종근당,종근당 깨노니 땡큐샷 1병 (1일분),종합케어,30대,5.0,108,6000,일반,일반
블랙모어스,블랙모어스 프로폴리스 60정 (30일분),종합케어,20대,4.8,806,14900,일반,일반
뉴트리코어,뉴트리코어 이노시톨 40:1 30포 (30일분),종합케어,30대,5.0,18,49000,일반,일반
이영애의 건강미식,이영애의건강미식 LYASNU 식물성 알티지 오메가3 30캡슐 (30일분),혈관케어,50대,4.5,14,18500,일반,일반
종근당건강,종근당건강 아이클리어 루테인지아잔틴 아스타잔틴 30캡슐 (1개월분),눈건강,30대,4.9,49,14900,일반,일반
종근당건강,종근당건강 프로메가 식물성 알티지 오메가3 듀얼 60캡슐 (1개월분),혈관케어,30대,4.9,15,23000,일반,일반
아임비타,아임비타 마그네슘 90정 (90일분),종합케어,50대,4.6,14,24000,일반,일반
프롬바이오,[이준혁PICK] 프롬바이오 관절연골엔 보스웰리아 60정 (1개월분),종합케어,60대이상,4.8,52,29750,일반,일반
뉴트리코어,뉴트리코어 달맞이꽃종자유 120캡슐 (30일분),종합케어,50대,4.9,16,49000,일반,일반
뉴트리코어,뉴트리코어 초임계 루테인 아스타잔틴 2종 택1 (1개월분/5개월분),눈건강,60대이상,4.9,9,28900,일반,일반
164,164 루테인지아잔틴 메모리케어 GR 30캡슐 (30일분),눈건강,20대,5.0,8,18700,일반,일반
뉴트리코어,뉴트리코어 루바브 & 감마리놀렌산 60캡슐 (1개월분),종합케어,20대,4.3,3,55000,일반,일반
닥터린,닥터린 하이퍼셀 알티지 오메가3 알파 30캡슐 (1개월분),혈관케어,40대,4.9,139,15900,일반,일반
뉴트리코어,뉴트리코어 맥스 비오틴 12000 2종 택 1 (1개월분/5개월분),종합케어,50대,4.5,4,45000,일반,일반
마더네스트,마더네스트 프로폴리스 맥스 60캡슐 (60일분),종합케어,20대,5.0,55,32300,일반,일반
마더네스트,마더네스트 프로폴리스 맥스 150캡슐 (150일분),종합케어,50대,5.0,55,57500,일반,일반
아임비타,아임비타 마그네슘샷 10병 (10일분),종합케어,60대이상,4.9,236,25900,일반,일반
GNC,GNC 밀크씨슬 위드 아연 60정 (1개월분),종합케어,30대,4.8,10,24600,일반,일반
GNC,GNC 슬립 포뮬라 위드 아쉬아간다 30정 (1개월분),종합케어,20대,5.0,10,39900,일반,일반
마이시톨,나의 이노시톨 마이시톨 30포 (15일분),종합케어,50대,4.9,542,20900,일반,일반
닥터린,닥터린 초임계 알티지(rTG) 오메가3 30캡슐 (1개월분),혈관케어,20대,4.8,67,14900,일반,일반
아임비타,아임비타 칼슘 마그네슘 비타민D 120정 (2개월분),종합케어,30대,4.9,83,16900,일반,일반
종근당건강,종근당건강 관절연골 뮤코다당단백 콘드로이친 60정 (1개월분),종합케어,40대,4.9,54,18900,일반,일반
닥터블릿,[여성맞춤]닥터블릿 콜린 미오이노시톨 4000 30포 (1개월분),종합케어,50대,4.9,568,20900,일반,일반
락티브,락티브 혈압&혈당 메가밸런스 바나바잎 코엔자임Q10 60정 (1개월분),종합케어,20대,5.0,66,26490,일반,일반
락티브,락티브 리포퍼 액상 철분 30포 (1개월분),종합케어,60대이상,4.9,91,26490,일반,일반
엔젯오리진,엔젯오리진 굿데이 테아닌 로디올라 30정 (1개월분),종합케어,50대,5.0,6,18900,일반,일반
엔젯오리진,엔젯오리진 칼슘 앤 마그네슘 비타민D 아연 베이직 180정 (6개월분),종합케어,40대,4.8,16,16900,일반,일반
네이처메이드,네이처메이드 슈퍼 RTG 오메가-3 900mg 40캡슐 (20일분),혈관케어,20대,4.9,174,22500,일반,일반
센토메가,센토메가 초임계 알티지 오메가3 트리플 30캡슐 (1개월분),혈관케어,20대,4.9,98,14900,일반,일반
센토메가,센토메가 초임계 알티지 오메가3 DHA EPA+ 30캡슐 (1개월분),혈관케어,40대,4.9,17,17500,일반,일반
비타슈넬,비타슈넬 이노시톨콜린&엽산 30포 (1개월분),종합케어,30대,4.9,121,27900,일반,일반
GNC,GNC 밀크씨슬 이뮨 바이탈 샷 7개입 (7일분),종합케어,20대,5.0,1,24600,일반,일반
정관장,정관장 에너지 활기력 샷 1병,종합케어,20대,4.8,999,2100,일반,일반
정원삼,정원삼 6년근 고려홍삼정 365 스틱 30포 (1개월분),종합케어,50대,4.9,18,27800,일반,일반
정원삼,정원삼 6년근 발효 홍삼 농축액 스틱 30포 (1개월분),종합케어,40대,5.0,10,21900,일반,일반
정원삼,정원삼 홍삼 이뮨 부스터 7병 (7일분),종합케어,40대,4.9,12,17800,일반,일반
세노비스,세노비스 칼슘+비타민D 65정 (65일분),종합케어,40대,4.9,248,21000,일반,일반
네이처메이드,네이처메이드 웰블렌즈 스트레스 완화&릴렉스 60정 (1개월분),종합케어,50대,4.8,16,20000,일반,일반
비비랩,[1+1] 비비랩 밀크씨슬 파워샷 1개입,종합케어,40대,4.9,675,3900,일반,일반
동국제약,동국제약 마그마 스피드 샷 24개입 (24일분),종합케어,60대이상,4.8,17,43000,일반,일반
네추럴라이즈,네추럴라이즈 루테인 지아잔틴 아스타잔틴 24:4 90캡슐 (3개월분),눈건강,60대이상,5.0,2,33720,일반,일반
네추럴라이즈,네추럴라이즈 루테인 지아잔틴 아스타잔틴 플러스 30캡슐 (1개월분),눈건강,30대,5.0,8,17900,일반,일반
네추럴라이즈,네추럴라이즈 장용성 알티지 오메가3 1100 60캡슐 (2개월분),혈관케어,20대,4.7,36,19900,일반,일반
GNM자연의품격,GNM 칼슘 마그네슘 아연 비타민D 90정 (3개월분),종합케어,60대이상,4.8,999,10900,일반,일반
GNM자연의품격,GNM rTG 알티지오메가3 60캡슐 (1개월분),혈관케어,40대,4.9,691,12900,일반,일반
GNM자연의품격,GNM 루테인 지아잔틴 아스타잔틴 30캡슐 (1개월분),눈건강,30대,4.9,639,11900,일반,일반
정관장,정관장 비타민 활기력 샷 1병,종합케어,40대,4.9,355,2100,일반,일반
정관장,정관장 아미노 활기력 샷 1병,종합케어,40대,4.8,636,2100,일반,일반
고려은단,고려은단 퓨어 밀크씨슬 60정 (2개월분),종합케어,60대이상,4.9,147,9900,일반,일반
한뿌리,CJ 한뿌리 흑삼 아르기닌 10개입 (10일분),종합케어,40대,4.6,8,39900,일반,일반
한뿌리,CJ한뿌리 홍삼대보 10개입 (10일분),종합케어,40대,4.9,13,39900,일반,일반
한뿌리,CJ한뿌리 배도라지 달임진액 10개입 (10일분),종합케어,20대,4.9,15,36900,일반,일반
순수식품,순수식품 어린이홍삼 큰키즈 골드 1박스(10gX30포),종합케어,30대,5.0,4,19900,일반,일반
락티브,락티브 식물성 멜라토닌 함유 멜라드림 180정 (6개월분),종합케어,40대,4.9,217,49000,일반,일반
락티브,락티브 미오이노시톨 앤 콜린 4000 120포 (4개월분),종합케어,20대,4.9,478,117000,일반,일반
순수식품,순수식품 6년근 홍삼정 에브리데이 1박스(10gX30포),종합케어,20대,4.6,25,21700,일반,일반
순수식품,순수식품 6년근 홍삼정진액 에브리데이 365 스틱 100포,종합케어,30대,4.6,24,29900,일반,일반
닥터린,닥터린 NMN 파이토 맥스 30매 (필름형),종합케어,50대,4.8,8,22900,일반,일반
닥터린,닥터린 액티브 활성엽산 800 60정 (2개월분),종합케어,30대,5.0,13,21380,일반,일반
이너랩,셀트리온 이너랩 레드 알티지 오메가3 장용성 60캡슐 (1개월분),혈관케어,20대,4.6,25,11310,일반,일반
닥터린,닥터린 올인원 루테인 지아잔틴 아스타잔틴 60캡슐 (2개월분),눈건강,50대,4.9,42,21760,일반,일반
닥터린,닥터린 루테인지아잔틴 24mg 30캡슐 (1개월분),눈건강,20대,4.6,44,9810,일반,일반
닥터린,닥터린 두뇌엔 PS 포스파티딜세린 올인원 60정 (1개월분),종합케어,40대,4.9,9,28900,일반,일반
이너랩,셀트리온 이너랩 면역 그린프로폴리스 아연 30캡슐 (1개월분),종합케어,20대,5.0,19,10360,일반,일반
닥터린,닥터린 초임계 식물성 알티지(rTG) 오메가3 멀티케어 30캡슐 (1개월분),혈관케어,40대,4.7,11,21500,일반,일반
닥터린,닥터린 식물성 브이-알티지 오메가3 30캡슐 (1개월분),혈관케어,30대,4.4,7,18910,일반,일반
닥터린,닥터린 초임계 쏘팔메토 옥타코사놀 아연 30캡슐 (1개월분),종합케어,20대,5.0,3,20900,일반,일반
닥터린,닥터린 아연셀렌 30정 (1개월분),종합케어,50대,4.9,20,11610,일반,일반
닥터린,닥터린 마그네슘B6 (1개월분),종합케어,40대,4.5,2,18810,일반,일반
엔젯오리진,엔젯오리진 하이큐 포스파티딜세린 징코 800 30캡슐 (15일분),종합케어,60대이상,5.0,8,15900,일반,일반
그린몬스터,그린몬스터 프리미엄 NMN 30정 (1개월분),종합케어,60대이상,4.7,42,13900,일반,일반
뉴트리원라이프,뉴트리원라이프 건강한 요로엔 크랜베리 60캡슐 (1개월분),종합케어,20대,4.7,23,29900,일반,일반
뉴트리원라이프,뉴트리원라이프 더 건강한 대마종자유100 30캡슐 (1개월분),종합케어,50대,4.7,7,22900,일반,일반
씨제이웰케어,CJ웰케어 알티지 오메가3 트리플 60캡슐 (1개월분),혈관케어,50대,4.8,5,23000,일반,일반
에스더포뮬러,[국민영양] 여에스더 칼슘 마그네슘 D 30정 (1개월분),종합케어,60대이상,4.9,424,9700,일반,일반
에스더포뮬러,[국민영양] 여에스더 마그네슘 30정 (1개월분),종합케어,40대,4.8,394,9700,일반,일반
것시스,"것시스 비타 면역 젤리 엘더베리맛 14포 (14일분) / 다이어트젤리, 면역젤리",종합케어,50대,5.0,106,18910,일반,일반
메디트리,메디트리 미오 이노시톨 콜린 30포 (1개월분),종합케어,40대,4.9,37,12720,일반,일반
메디트리,메디트리 브레인 인지력엔 포스파티딜세린 PS 60캡슐 (1개월분),종합케어,60대이상,5.0,8,15920,일반,일반
메디트리,메디트리 상어연골 콘드로이친 프리미엄 90정 (3개월분),종합케어,30대,4.9,22,13050,일반,일반
메디트리,메디트리 올나잇 쏘팔메토 옥타코사놀 88 30캡슐 (1개월분),종합케어,20대,4.9,15,11200,일반,일반
종근당,종근당 황후의 봄 60캡슐 (1개월분),종합케어,50대,5.0,6,22860,일반,일반
종근당,종근당 난각막 ESM 60정 (1개월분),종합케어,40대,0.0,0,23100,일반,일반
프롬바이오,프롬바이오 콘드로이친 1200 맥스 60정 (1개월분),종합케어,40대,4.7,27,17010,일반,일반
정관장,정관장 에브리타임 소프트 10포,종합케어,20대,4.9,801,29400,일반,일반
상트베른하르트,상트베른하르트 마그네슘 400 다이렉트 분말 60포 (2개월분),종합케어,30대,4.8,17,31500,일반,일반
잠백이,잠백이 퓨어 크레아틴 모노 하이드레이트 300g,종합케어,20대,5.0,28,27800,일반,일반
익스트림,익스트림 모노크레아틴 플러스 600g,종합케어,60대이상,4.7,7,32900,일반,일반
잠백이,잠백이 글루타민 300g,종합케어,30대,5.0,10,17500,일반,일반
잠백이,잠백이 저스트 크레아틴 300g,종합케어,30대,4.8,23,12900,일반,일반
익스트림,익스트림 쏘팔메토 옥타코사놀 550mgX30캡슐(30일분),종합케어,60대이상,4.7,21,18900,일반,일반
배러,[식물성멜라토닌 함유] 배러 배러레스트 딥 5g (10정/60정),종합케어,60대이상,4.8,131,4900,일반,일반
비타민하우스,비타민하우스 낙산균 프로바이오틱스 솔루션4 30포 (1개월분),종합케어,20대,4.4,8,39900,일반,일반
히말라야,히말라야 파티스마트 저당 츄 [베리맛] 2P,종합케어,60대이상,4.8,999,3900,일반,일반
티젠,티젠 멜라 티10T,종합케어,60대이상,4.9,70,15000,일반,일반
티젠,티젠 멜라 젤리10T,종합케어,60대이상,4.7,41,11900,일반,일반
코자아,코자아 오리지널 드링크 100ml,종합케어,20대,4.7,999,6500,일반,일반
익스트림,"익스트림 글루타민 ZMA 1,300mgX120정(120일분)",종합케어,30대,5.0,7,23900,일반,일반
히말라야,히말라야 숙취해소 파티스마트 츄 [망고맛] 10P,종합케어,60대이상,4.9,999,15000,일반,일반
마더네스트,마더네스트 초임계 슈퍼오메가-3 30캡슐 (1개월분),혈관케어,40대,5.0,44,28700,일반,일반
스파톤,스파톤 애플 4종 (7일/14일/28일/42일),종합케어,50대,4.8,223,21200,일반,일반
뉴트리코어,뉴트리코어 관절연골엔 철갑상어 뮤코다당단백 콘드로이친 K 2종 택1 (1개월/5개월분),종합케어,30대,4.9,10,267720,일반,일반
뉴트리코어,뉴트리코어 하이퍼셀 식물성 알티지 오메가3 2종 택1 (1개월분/5개월분),혈관케어,30대,4.9,35,236000,일반,일반
뉴트리코어,뉴트리코어 마그네슘 단품/기획 (1개월분/5개월분),종합케어,60대이상,4.7,6,32900,일반,일반
뉴트리코어,뉴트리코어 철분 프리미엄 60정 (2개월분),종합케어,30대,5.0,1,55900,일반,일반
뉴트리코어,뉴트리코어 칼슘마그네슘디 2종 택1 (1개월분/5개월분),종합케어,50대,4.7,6,192000,일반,일반
니아르,니아르 포타슘케어 14개입 (14일분),종합케어,60대이상,0.0,0,39800,일반,일반
어반버스터즈,[테아닌/마그네슘] 씹어버려 스트레스 코인 (20일분),종합케어,60대이상,4.8,999,16800,일반,일반
고려은단,고려은단 퓨어 밀크씨슬 180정 (6개월분),종합케어,20대,4.7,30,24900,일반,일반
뉴트리코어,뉴트리코어 식물성 멜라토닌 함유 멜라바인 2mg 30정 (1개월분),종합케어,20대,5.0,2,27460,일반,일반
뉴트리코어,뉴트리코어 포스파티딜세린 2종 택1 (1개월분/5개월분),종합케어,60대이상,5.0,5,56050,일반,일반
세노비스,세노비스 칼슘+비타민D 65정 트윈세트 (130일분),종합케어,60대이상,4.9,276,60000,일반,일반
상쾌환,상쾌환 Booster 숙취해소 1개입,종합케어,40대,5.0,32,5000,일반,일반
상쾌환,상쾌환 Booster ZERO 1개입,종합케어,40대,5.0,24,5000,일반,일반
에스더포뮬러,[국민영양] 여에스더 밀크씨슬 30정 (1개월분),종합케어,50대,5.0,47,9700,일반,일반
메디트리,메디트리 루테인12 30캡슐 (1개월분),눈건강,40대,5.0,14,7100,일반,일반
메디트리,메디트리 코큐텐11 30캡슐 (1개월분),종합케어,30대,5.0,22,9410,일반,일반
네이처메이드,웰블렌즈 면역&에너지 울트라 마그네슘 파우더 10포 (10일분),종합케어,20대,4.8,16,4910,일반,일반
메디트리,메디트리 루테인 지아잔틴 30캡슐 (1개월분),눈건강,40대,5.0,8,11120,일반,일반
메디트리,메디트리 로얄 프로폴리스 30캡슐 (1개월분),종합케어,40대,5.0,24,7400,일반,일반
메디트리,메디트리 고려 홍삼정 골드스틱 100포 (100일분),종합케어,30대,5.0,6,40380,일반,일반
뉴오리진,[선물세트] 유한 홍삼녹용진액 30포 (1개월분),종합케어,40대,5.0,2,47890,일반,일반
메디트리,메디트리 고려 홍삼정 스틱 365 1박스 100포,종합케어,30대,5.0,2,30320,일반,일반
뉴오리진,뉴오리진 루테인 아스타잔틴 30캡슐 (1개월분),눈건강,30대,5.0,5,16900,일반,일반
세노비스,세노비스 어드밴스드 코엔자임큐텐 60캡슐 (2개월분),종합케어,30대,4.8,98,36000,일반,일반
헤밀레,헤밀레 김소형원방 명품침향환 32환 (32일분),종합케어,60대이상,5.0,11,36800,일반,일반
세노비스,[올영단독] 세노비스 트리플러스 오메가3 이뮨 우먼/맨 80+10캡슐 기획(45일분),혈관케어,20대,4.9,999,28900,일반,일반
라엘,라엘 밸런스 식물성 멜라토닌 함유 멜라바이츠 28정 (1개월분),종합케어,40대,4.8,444,24000,일반,일반
에스더포뮬러,[키링증정/1+1더블기획] 여에스더 밀크씨슬 파워퍼프걸 에디션 (총 2개월분),종합케어,30대,4.9,428,17800,일반,일반
프롬바이오,[이준혁PICK] 프롬바이오 관절연골엔 보스웰리아 선물세트 60정*3개입 (3개월분),종합케어,20대,4.9,54,129000,일반,일반
GNC,GNC 아르기닌부스터샷 14개입 2박스 (28일분),종합케어,40대,0.0,0,89000,일반,일반
락티브,락티브 베베&키즈 아연 면역젤리 30포 (1개월분),종합케어,40대,5.0,60,31200,일반,일반
락티브,락티브 베베&키즈 우리아이 DHA 오메가3 45캡슐 (15일분),혈관케어,40대,5.0,56,27400,일반,일반
퍼니트,퍼니트 코큐텐 혈압케어 플러스 500mg 60정 (2개월분),종합케어,40대,4.8,17,13900,일반,일반
히말라야,히말라야 파티스마트 저당 츄 [망고맛] 2P,종합케어,50대,4.8,999,3900,일반,일반
대원제약,대원제약 아이케어 루테인 미니 60캡슐 (2개월분),눈건강,40대,5.0,2,16200,일반,일반
락티브,락티브 베베&키즈 리포퍼 철분 30포 (1개월분),종합케어,30대,5.0,66,17890,일반,일반
락티브,락티브 베베&키즈 쾌변 젤리 14포 (2주분),종합케어,20대,5.0,57,19000,일반,일반
뉴트리코어,뉴트리코어 루테인지아잔틴 150캡슐 (5개월분),눈건강,50대,0.0,0,116000,일반,일반
써큐시안,써큐시안 블러드케어 60캡슐 (1개월분),종합케어,60대이상,5.0,3,62610,일반,일반
퍼니트,퍼니트 리얼 크랜베리정 500mg 90정 (3개월분),종합케어,30대,4.9,40,11900,일반,일반
라디메리,라디메리 헬씨랩 칼마디 K+ 20포 (10일분),종합케어,50대,5.0,3,19900,일반,일반
순수식품,순수식품 바나바잎추출물 9종복합기능성 60정 (2개월분),종합케어,40대,5.0,15,4890,일반,일반
순수식품,순수식품 밀크씨슬 11종복합기능성 30정 (1개월분),종합케어,20대,4.9,13,7900,일반,일반
트루알엑스,트루알엑스 그날 편한 보라지유 60캡슐 (1개월분),종합케어,60대이상,4.8,166,35000,일반,일반
순수식품,순수식품 루테인&오메가3 9종복합기능성 30캡슐 (1개월분),눈건강,50대,5.0,18,8500,일반,일반
순수식품,순수식품 코엔자임Q10 12종복합기능성 30캡슐 (1개월분),종합케어,20대,4.9,9,11900,일반,일반
뉴트리메이드,[NEW]뉴트리메이드 코엔자임Q10 데일리 밸런스 30캡슐 (1개월분),종합케어,60대이상,5.0,86,19000,일반,일반
뉴트리메이드,[NEW]뉴트리메이드 아연 60정 (2개월분),종합케어,30대,5.0,101,17900,일반,일반
솔티스,솔티스 타마플렉스 관절&연골 프로텍션 5days 10정 (10일분),종합케어,40대,4.7,15,19700,일반,일반
키즈텐,키즈텐 루테인 비타민A 플러스 30포 (1개월분),눈건강,60대이상,5.0,3,24000,일반,일반
키즈텐,키즈텐 어린이 초유 산양유 프리미엄 단백질 30포 (1개월분),종합케어,40대,0.0,0,18100,일반,일반
키즈텐,키즈텐 키즈 알티지 오메가3 구미 3중기능성 30구미 (15일분),혈관케어,30대,5.0,12,28000,일반,일반
키즈텐,키즈텐 어린이 철분제 5중기능성 플러스 사과맛 30포 (1개월분),종합케어,60대이상,4.5,6,22500,일반,일반
키즈텐,키즈텐 칼슘업 사과맛 30포 (1개월분),종합케어,40대,5.0,5,45000,일반,일반
키즈텐,키즈텐 칼슘업 요구르트맛 30포 (1개월분),종합케어,60대이상,5.0,5,41900,일반,일반
솔티스,솔티스 눈 프로텍션 프로S3 20캡슐 (20일분),눈건강,30대,4.7,56,12900,일반,일반
키즈텐,키즈텐 어린이 철분제 5중기능성 플러스 포도맛 30포 (1개월분),종합케어,50대,4.5,6,22500,일반,일반
랩온랩,랩온랩 식물성 멜라토닌 함유 멜라가바닌 멜라토닌 5mg 30정 (1개월분),종합케어,30대,5.0,5,17800,일반,일반
랩온랩,랩온랩 더 그린 프리미엄 프로폴리스 아연C 36000 PLUS 60정 (2개월분),종합케어,60대이상,5.0,1,17600,일반,일반
랩온랩,랩온랩 맥주효모 비오틴 10000 60정 (2개월분),종합케어,30대,4.9,53,16500,일반,일반
정관장,정관장 Best Collection for Seoul (에브리타임샷 5병 + 활기력 5병),종합케어,60대이상,4.9,443,30000,일반,일반
정관장,정관장 Beauty of Seoul (석류스틱 10포 + 알로에 젤리스틱 10포),종합케어,20대,4.8,4,25000,일반,일반
헬퓨,헬퓨 액상 철분제 30포 (1개월분),종합케어,20대,5.0,33,29000,일반,일반
영롱,영롱 위쉴드 더블액션 90정 (1개월분),종합케어,60대이상,5.0,25,38000,일반,일반
영롱,영롱 모앤 멀티밸런스 포맨 30포 (1개월분),종합케어,40대,5.0,16,45000,일반,일반
영롱,영롱 더블업 이노시톨 30포 (1개월분),종합케어,60대이상,5.0,24,40500,일반,일반
영롱,영롱 비건 쌀 마그네슘 60정 (1개월분),종합케어,50대,5.0,33,31000,일반,일반
영롱,영롱 모앤 멀티밸런스 포우먼 30포 (1개월분),종합케어,30대,4.9,19,37500,일반,일반
영롱,영롱 식물성 철분&활성엽산 60캡슐 (1개월분),종합케어,60대이상,5.0,20,45000,일반,일반
마더네스트,마더네스트 프로폴리스 맥스60캡슐+프로폴리스 리퀴드30ml (2개월분),종합케어,60대이상,4.9,116,62900,일반,일반
마더네스트,마더네스트 프로폴리스 맥스 60캡슐 + 프로폴리스 스프레이 위드 마누카허니 30ml*2 (2개월분),종합케어,40대,4.9,116,65700,일반,일반
마더네스트,마더네스트 프로폴리스 맥스60캡슐+밀크씨슬 90캡슐 (3개월분),종합케어,30대,4.9,116,62900,일반,일반
마더네스트,마더네스트 프로폴리스 맥스 60캡슐+상어연골칼슘 90캡슐 (2개월분),종합케어,20대,4.9,116,87000,일반,일반
마더네스트,마더네스트 초임계 슈퍼오메가-3 30캡슐 2개입 (2개월분),혈관케어,30대,5.0,45,46900,일반,일반
마더네스트,마더네스트 프로폴리스 맥스 60캡슐 2개입 (4개월분),종합케어,60대이상,5.0,55,66500,일반,일반
슬로우글로우,슬로우글로우 비오틴 인탱글 글램 업 구미 30구미 (1개월분),종합케어,60대이상,5.0,999,17900,일반,일반
뉴트리원라이프,뉴트리원라이프 골든타임 웰키즈 30정 (15일분),종합케어,60대이상,5.0,4,28700,일반,일반
뉴트리원라이프,뉴트리원라이프 코코칼슘젤리 10포 (10일분),종합케어,20대,5.0,2,7360,일반,일반
하루틴,하루틴 리포좀 식물성 멜라토닌 함유 멜라토닉 알파 30정 (1개월분),종합케어,50대,4.3,7,18500,일반,일반
뉴트리가든,뉴트리가든 칼슘&마그네슘 비타민D 아연 90정 (3개월분),종합케어,50대,5.0,4,11300,일반,일반
뉴트리가든,뉴트리가든 마그네슘 맥스 400 120정 (4개월분),종합케어,50대,5.0,6,16300,일반,일반
뉴트리가든,뉴트리가든 눈건강 루테인지아잔틴 30캡슐 (1개월분),눈건강,50대,5.0,11,4900,일반,일반
마더네스트,마더네스트 상어연골 칼슘 90캡슐 2개입 (2개월분),종합케어,40대,0.0,0,106500,일반,일반
뉴트리가든,뉴트리가든 눈에는 역시 루테인 파워 30캡슐 (1개월분),눈건강,60대이상,4.9,25,7900,일반,일반
뉴트리가든,뉴트리가든 간에는 역시 밀크시슬 파워 30정 (1개월분),종합케어,40대,4.9,21,8900,일반,일반
뉴트리가든,뉴트리가든 식물성 멜라토닌 함유 멜라큐골드 30정 (1개월분),종합케어,20대,4.8,39,8900,일반,일반
뉴트리코스트,뉴트리코스트 퍼포먼스 크레아퓨어 120캡슐,종합케어,50대,4.9,9,45000,일반,일반
뉴트리코스트,뉴트리코스트 퍼포먼스 크레아틴 분말 300g,종합케어,50대,4.9,14,24900,일반,일반
메디트리,메디트리 파워업 마시는 알부민 30포 (1개월분),종합케어,20대,4.2,12,10710,일반,일반
지노마스터,지노마스터 엽산 30정 (1개월분),종합케어,20대,4.6,10,12500,일반,일반
정관장,정관장 에브리타임 플레이버 어워즈 한정기획 (한라봉 7포+세븐베리 7포),종합케어,40대,4.9,999,31200,일반,일반
삼대오백,삼대오백 크레아퓨어 크레아틴 정제 120정,종합케어,20대,4.5,2,18810,일반,일반
덴프스,[덴프스 X 카카오프렌즈] 알티지오메가3 키즈 60캡슐 (15일분),혈관케어,40대,0.0,0,40000,일반,일반
덴프스,[덴프스 X 카카오프렌즈] 면역젤리 키즈 14포 (14일분),종합케어,40대,4.0,2,30000,일반,일반
마더네스트,마더네스트 프로폴리스 마누카허니 로젠지스 캔디 170g,종합케어,50대,5.0,39,13400,일반,일반
마더네스트,마더네스트 프로폴리스 마누카허니 로젠지스 캔디 90g,종합케어,50대,4.8,38,7100,일반,일반
콴첼,콴첼 더 좋은 MBP 120정 (4개월분),종합케어,30대,5.0,1,22900,일반,일반
얼라이브,얼라이브 슈퍼에너지젤 플러스 14포,종합케어,30대,5.0,2,10310,일반,일반
얼라이브,얼라이브 삼부커스 엘더베리 구미 60구미,종합케어,60대이상,4.8,9,19900,일반,일반
프롬바이오,[이준혁PICK] 프롬바이오 노르웨이 헤링오일 100 30캡슐 (1개월분),종합케어,50대,5.0,7,21750,일반,일반
모어네이처,모어네이처 루나밸런스 미오이노시톨 케어 30포 (15일분),종합케어,30대,5.0,46,24900,일반,일반
벨나잇,벨나잇 식물성 멜라토닌 800mg 30정 (1개월분),종합케어,20대,0.0,0,29900,일반,일반
랩온랩,랩온랩 씹어먹는 그린프로폴리스 & 면역케어 츄어블 60정 (1개월분),종합케어,40대,0.0,0,33100,일반,일반
모닝케어,모닝케어 위 솔루션 젤리스틱 10포 (10일분),종합케어,40대,0.0,0,32000,일반,일반
모닝케어,모닝케어 프레스 온 G/H 10병입 (10일분),종합케어,60대이상,0.0,0,34000,일반,일반
그린스토어,그린스토어 NMN 파이토 맥스 플러스 30정 (1개월분),종합케어,50대,0.0,0,18200,일반,일반
그린스토어,그린스토어 칼마디&비타민K2 코랄칼슘 60정 (1개월분),종합케어,20대,4.5,10,18800,일반,일반
그린스토어,그린스토어 방광건강 배뇨엔 호박씨 시크릿 요 60정 (1개월분),종합케어,50대,4.5,33,38400,일반,일반
이너랩,셀트리온 이너랩 식물성 대마종자유 1000 30캡슐 (1개월분),종합케어,30대,5.0,34,10360,일반,일반
이너랩,셀트리온 이너랩 이브 미오 이노시톨 콜린 4000 30포 (1개월분),종합케어,50대,4.8,88,17900,일반,일반
도펠헤르츠,[독일1위] 도펠헤르츠 마그네슘 400+B1+B6+B12+엽산 (30정),종합케어,50대,5.0,416,16900,일반,일반
이너랩,셀트리온 이너랩 식후 혈당 상승 억제 바나바잎 플러스 크롬 60정 (2개월분),종합케어,60대이상,4.9,29,9220,일반,일반
모어네이처,모어네이처 스트레스 케어 테아닌 홍경천 60정 (1개월분),종합케어,40대,5.0,1,22900,일반,일반
모어네이처,모어네이처 초임계 식물성 알티지 오메가3 60캡슐 (1개월분),혈관케어,60대이상,0.0,0,22500,일반,일반
있나요,있나요 쾌변푸쉬 차전자피 식이섬유 6.5g x 30포 레몬맛 가루 분말 파우더,종합케어,20대,4.0,2,12890,일반,일반
헬퓨,헬퓨 리포좀 식물성 멜라토닌 함유 멜라몽 14포 (14일분),종합케어,40대,5.0,29,25000,일반,일반
164,164 눈건강엔 루테인 지아잔틴 츄 30캡슐 (1개월분),눈건강,60대이상,5.0,48,12900,일반,일반
닥터트루,닥터트루 두뇌엔 포스파티딜세린 80 & 테아닌 MAX 30포 (1개월분),종합케어,20대,5.0,3,53800,일반,일반
닥터트루,닥터트루 프리미엄 면역&그린 프로폴리스 MAX 60정 (1개월분),종합케어,20대,5.0,2,34500,일반,일반
닥터트루,닥터트루 프리미엄 포스파티딜세린 브레인 MAX 60캡슐 (1개월분),종합케어,20대,0.0,0,52500,일반,일반
8APM,8APM 포커스 젤 30ml 10포 (10일분),종합케어,60대이상,5.0,52,25900,일반,일반
8APM,8APM 딥 나잇 코코시럽 12ml 20포 (20일분),종합케어,40대,5.0,44,29800,일반,일반
임팩타임,[심으뜸 PICK] 임팩타임 에너지젤 45g 12포 (12일분) / 러닝필수템 유산소,종합케어,30대,5.0,338,20000,일반,일반
바이탈뷰티,바이탈뷰티 명작수 20입 (20일분),종합케어,60대이상,4.9,299,47950,일반,일반
바이탈뷰티,[단독] 바이탈뷰티 명작수 7/20입 (7/20일분),종합케어,50대,4.9,298,19100,일반,일반
젠제네틱스,[설인아 PICK] 젠제네틱스 마그네슘 400mg 다이렉트 20포 (20일분),종합케어,50대,0.0,0,32400,일반,일반
젠제네틱스,[설인아 PICK] 젠제네틱스 마그네슘 400mg 다이렉트 6포 데이팩 (6일분),종합케어,20대,0.0,0,13110,일반,일반
네추럴라이즈,네추럴라이즈 그린 프로폴리스 28캡슐 (14일분),종합케어,30대,5.0,2,16800,일반,일반
테일러,테일러 테일러라이프 멜라츄 20구미 (20일분) (온),종합케어,40대,4.9,36,9900,일반,일반
닥터파이토,닥터파이토 파이토블락 10개입 (10일분),종합케어,20대,5.0,257,25200,일반,일반
닥터파이토,닥터파이토 루테인 지아잔틴 아스타잔틴 30캡슐 (1개월분),눈건강,30대,5.0,255,26100,일반,일반
마더네스트,마더네스트 프로폴리스 마누카허니 위드 레몬&진저 로젠지스 캔디 170g,종합케어,60대이상,4.9,100,14900,일반,일반
마더네스트,마더네스트 프로폴리스 마누카허니 위드 버터&멘톨 로젠지스 캔디 170g,종합케어,20대,4.9,92,14900,일반,일반
닥터파이토,닥터파이토 식물성 알티지 오메가3 60캡슐 (1개월분),혈관케어,50대,5.0,52,43200,일반,일반
닥터파이토,닥터파이토 알파이노시톨 4000 30포 (1개월분),종합케어,20대,4.5,4,37800,일반,일반
캔틴나인,"캔틴나인 서퍼데이, 제로샷 90정 (1개월분/ 2 in 1 혈당, 체지방 관리 완전체)",종합케어,60대이상,5.0,16,31200,일반,일반
캔틴나인,"캔틴나인 서퍼데이, 아이즈 60정 (1개월분/ 눈건강과 혈행건강3)",눈건강,30대,0.0,0,31200,일반,일반
씨제이웰케어,CJ웰케어 풍성영양 비오틴 30정 (30일분) (OY단독),종합케어,50대,4.8,147,5900,일반,일반
캔틴나인,"캔틴나인 서퍼데이, 본헬스60정(1개월분/뼈건강 칼슘 비타민D.K)",종합케어,60대이상,5.0,4,31200,일반,일반
닥터파이토,닥터파이토 칼슘 마그네슘 비타민D 90정 (1개월분),종합케어,50대,0.0,0,28800,일반,일반
안국건강,안국건강 밀크씨슬 60정 (2개월분),종합케어,40대,0.0,0,17900,일반,일반
안국건강,안국건강 그린 프로폴리스 120캡슐 (2개월분),종합케어,40대,0.0,0,31000,일반,일반
안국건강,안국건강 하이퍼 멜팅 마그네슘 30포 (1개월분),종합케어,50대,5.0,6,16000,일반,일반
안국건강,안국건강 관절 MSM 2000 60정 (1개월분),종합케어,50대,0.0,0,13000,일반,일반
8APM,8APM 딥 나잇 티 1.5gX20개입 (20일분),종합케어,60대이상,5.0,47,29800,일반,일반
닥터언,닥터언 마그네슘 30정 (1개월분) (온),종합케어,30대,4.9,27,4200,일반,일반
닥터언,닥터언 루테인 지아잔틴 아스타잔틴 30캡슐 (1개월분) (온),눈건강,50대,0.0,0,13500,일반,일반
세비톨,세비톨 칼슘 마그네슘 비타민D K2 1200mg120정 (2개월분),종합케어,60대이상,4.9,13,21500,일반,일반
프롬바이오,[이준혁pick] 프롬바이오 위건강엔 매스틱 리뉴얼 선물세트 30포*3개입 (3개월분),종합케어,50대,4.7,90,150000,일반,일반
프롬바이오,프롬바이오 관절연골엔 보스웰리아 선물세트 60정 4개입 (4개월분),종합케어,30대,4.9,194,140000,일반,일반
RU21,알유21 웨이크업 스틱 10포입 4종 택 1 (망고/복숭아/꿀배/사과),종합케어,40대,0.0,0,39000,일반,일반
RU21,알유21 웨이크업 스틱 1포 4종 택 1 (망고/복숭아/꿀배/사과),종합케어,40대,5.0,41,3900,일반,일반
오마누카,오마누카 마누카꿀 프로폴리스 스프레이 UMF 15+ / MGO 514+ 30ml,종합케어,60대이상,4.0,2,25000,일반,일반
위타민,위타민 알래스카 오메가3 츄어블 30캡슐 (30일분),혈관케어,40대,5.0,136,28400,일반,일반
위타민,위타민 알래스카 오메가3 60캡슐 (60일분),혈관케어,20대,4.9,12,52700,일반,일반
위타민,위타민 간당당 5병입 / 20병입,종합케어,40대,5.0,30,19800,일반,일반
한삼인,한삼인 홍삼진 굿데이스틱 14포(14일분),종합케어,30대,4.7,67,14000,일반,일반
한뿌리,CJ 한뿌리 흑삼 윤옥고 스틱 30포 (1개월분) (온),종합케어,20대,4.5,4,79800,일반,일반
한삼인,한삼인 홍삼정 부스터 6병(6일분),종합케어,20대,4.9,19,36000,일반,일반
한삼인,한삼인 잠잠 6개입 (6일분),종합케어,60대이상,4.9,21,27000,일반,일반
마미앤대디,마미앤대디 마시는 액상 마그네슘 200mg 30포 (1개월분),종합케어,50대,5.0,3,35000,일반,일반
마미앤대디,마미앤대디 마시는 액상 철분제 24mg 30포 (1개월분),종합케어,60대이상,5.0,3,29900,일반,일반
마미앤대디,마미앤대디 마시는 액상 철분제 40mg 30포 (1개월분),종합케어,30대,5.0,4,39900,일반,일반
마미앤대디,마미앤대디 비건 식물성 알티지 오메가3 DHA 미니 60캡슐 (1개월분),혈관케어,60대이상,5.0,146,28410,일반,일반
마미앤대디,마미앤대디 비건 코엔자임 Q10 30캡슐 (1개월분),종합케어,40대,0.0,0,18910,일반,일반
마미앤대디,마미앤대디 이너 부스터 활성엽산 30포 (1개월분),종합케어,50대,0.0,0,39000,일반,일반
마미앤대디,마미앤대디 활성엽산 800 미니 56정 (56일분),종합케어,60대이상,5.0,4,24610,일반,일반
마미앤대디,마미앤대디 마시는 액상 철분제 15mg 30포 (1개월분),종합케어,40대,4.8,6,23900,일반,일반
마미앤대디,마미앤대디 활성엽산 400 미니 56정 (56일분),종합케어,40대,5.0,7,21760,일반,일반
뉴트원,뉴트원 밀크씨슬 부스터 60캡슐 (2개월분) (온),종합케어,50대,5.0,10,19900,일반,일반
뉴트원,뉴트원 마그네슘 액티브 30정 (1개월분) (온),종합케어,50대,5.0,60,13100,일반,일반
뉴트원,뉴트원 칼마디 칼슘 마그네슘 비타민D 60정 (1개월분),종합케어,60대이상,5.0,11,25000,일반,일반
뉴트원,뉴트원 코엔자임Q10 코큐텐 30캡슐 (1개월분),종합케어,30대,5.0,5,16900,일반,일반
CJ이너비,CJ 이너비 이노시톨 젤리 10포 밸리곰 기획(+2포 / 행운부적 증정),종합케어,20대,4.9,999,8400,일반,일반
고려은단,고려은단 코엔자임Q10 90캡슐 (3개월분) (온),종합케어,20대,4.7,17,19900,일반,일반
위바이옴,위바이옴 고업 액상 마그네슘 160 30포 (1개월분),종합케어,60대이상,5.0,5,32900,일반,일반
위바이옴,위바이옴 고업 액상 칼슘 350 30포 (1개월분),종합케어,20대,5.0,3,30900,일반,일반
젠제네틱스,[설인아 PICK] 젠제네틱스 마그네슘 400mg 다이렉트 2종 택 1 (6포/20포),종합케어,60대이상,0.0,0,13110,일반,일반
안국건강,아이원 루테인 지아잔틴 아스타잔틴 미니 60캡슐 (2개월분),눈건강,30대,5.0,3,22880,일반,일반
안국건강,아이원 루테인 지아잔틴 미니 60캡슐 (2개월분) (온),눈건강,30대,5.0,10,12900,일반,일반
센트룸,센트룸 칼슘플러스 디 미니 120정 (2개월분),종합케어,30대,4.9,321,24000,일반,일반
레이델,레이델 폴리코사놀5 30정 (1개월분),종합케어,60대이상,5.0,1,44000,일반,일반
대원제약,[올영단독/긴장완화] 대원제약 대원헬스 스트레스샷 20g x 12포 (12일분),종합케어,60대이상,5.0,949,16400,일반,일반
닥터슈퍼칸,닥터슈퍼칸 밀크씨슬&루테인 30캡슐 (1개월분),눈건강,60대이상,0.0,0,20900,일반,일반
닥터슈퍼칸,닥터슈퍼칸 밀크씨슬&멀티비타민 30캡슐 (1개월분),종합케어,40대,0.0,0,18900,일반,일반
안국건강,안국건강 관절연골엔 상어연골 뮤코다당단백 콘드로이친 1200 맥스 60정 (1개월분),종합케어,30대,5.0,1,24000,일반,일반
닥터슈퍼칸,닥터슈퍼칸 에디션 30정 (1개월분),종합케어,60대이상,0.0,0,19900,일반,일반
비타바움,비타바움 루테인 플러스 비타민-컴플렉스7 (7병입) (7일분),눈건강,50대,5.0,17,25500,일반,일반
세렌,[꿀잠보라포] 세렌 굿슬립 아쉬아간다 앤 마그네슘 15포 (15일분),종합케어,50대,4.9,117,46050,일반,일반
세레비,세레비 엘나스 Calm & Relax 스트레스 케어 60정 (2개월분),종합케어,50대,5.0,267,25300,일반,일반
세레비,세레비 바이넬 50정 (25일분),종합케어,30대,0.0,0,21300,일반,일반
지노마스터,지노마스터 보라지유 60캡슐 (1개월분),종합케어,20대,0.0,0,27300,일반,일반
닥터언,닥터언 코엔자임Q10 30캡슐 (1개월분),종합케어,60대이상,5.0,4,9500,일반,일반
닥터언,닥터언 밀크씨슬 30정 (1개월분),종합케어,60대이상,5.0,6,6300,일반,일반
위바이옴,위바이옴 두뇌엔 닥터PS70 엘리트 포스파티딜세린 30포 (15일분),종합케어,40대,0.0,0,31500,일반,일반
솔티스,솔티스 콜레스테롤 H/L 500mgX30캡슐(15일분),종합케어,60대이상,5.0,1,15100,일반,일반
솔티스,솔티스 투명한 오메가3 500mgx20캡슐(10일분),혈관케어,50대,0.0,0,11800,일반,일반
한삼인,한삼인 홍삼석류진액 30포 (30일분),종합케어,60대이상,0.0,0,39500,일반,일반
한삼인,한삼인 홍삼진 3종 선물세트(굿데이앰플+홍삼진골드+침향환골드),종합케어,40대,5.0,1,55000,일반,일반
광동생활건강,광동생활건강 루테인 30캡슐 (1개월분),눈건강,40대,5.0,39,7900,일반,일반
광동생활건강,광동생활건강 rTG오메가3 30캡슐 (1개월분),혈관케어,20대,5.0,38,8900,일반,일반
광동생활건강,광동생활건강 밀크씨슬 30정 (1개월분),종합케어,50대,5.0,40,7900,일반,일반
광동생활건강,광동생활건강 칼슘 30정 (1개월분),종합케어,60대이상,5.0,25,7900,일반,일반
광동생활건강,광동생활건강 마그네슘 60정 (1개월분),종합케어,40대,5.0,24,7900,일반,일반
마미앤대디,마미앤대디 비건 식물성 알티지 오메가3 DHA 기억력 플러스 + 60캡슐(1개월분),혈관케어,60대이상,0.0,0,37910,일반,일반
마미앤대디,마미앤대디 마시는 액상 칼슘 500mg 아연 비타민D 30포 (1개월분),종합케어,20대,0.0,0,37050,일반,일반
슬로우글로우,[NEW] 슬로우글로우 식물성 멜라토닌 함유 솜탭 7포 / 30포,종합케어,20대,4.4,5,10900,일반,일반
마미앤대디,마미앤대디 키즈 면역 액상 철분제 30포 (1개월분),종합케어,60대이상,4.9,13,24900,일반,일반
잠백이,잠백이 글루커트 식후 혈당 케어 바나바잎추출물 30포,종합케어,60대이상,0.0,0,8900,일반,일반
뉴트리코스트,뉴트리코스트 크레아틴 분말 1kg,종합케어,50대,0.0,0,80000,일반,일반
세노비스,세노비스 마그네슘 180정 기획 (6개월분),종합케어,40대,0.0,0,56000,일반,일반
삼대오백,삼대오백 크레아퓨어 모노 하이드레이트 크레아틴 츄어블 90정 레몬,종합케어,20대,0.0,0,25110,일반,일반
삼대오백,삼대오백 크레아퓨어 모노 하이드레이트 크레아틴 츄어블 18정 레몬,종합케어,20대,0.0,0,11610,일반,일반
뉴트리코스트,뉴트리코스트 퍼포먼스 크레아틴 300g / 1kg (택 1),종합케어,40대,4.9,14,24900,일반,일반
가든오브라이프,가든오브라이프 유기농 마그네슘 96정 (32일분),종합케어,50대,4.7,12,46941,일반,일반
비에날씬,BNR17 밀크씨슬유산균 비에날간케어 60캡슐 (1개월분),종합케어,50대,5.0,4,48000,일반,일반
나우푸드,나우푸드 실리마린 60캡슐 (2개월분),종합케어,40대,4.7,90,16900,일반,일반
나우푸드,나우푸드 알티지 오메가-3 90캡슐 (3개월분),혈관케어,50대,4.9,256,29500,일반,일반
덴프스,덴프스 루테인지아잔틴 MAX 1/2/3박스 (1/2/3개월분),눈건강,40대,4.9,136,16560,일반,일반
덴프스,덴프스 루테인지아잔틴 MAX 30캡슐 3박스/3개월분,눈건강,20대,4.9,136,35100,일반,일반
하이뮨,"하이뮨 칼슘 마그네슘 1,200mg 120정 (60일분)",종합케어,20대,4.8,52,19950,일반,일반
하이뮨,"하이뮨 관절엔 MSM NAG 1,100mg 60정(30일분)",종합케어,50대,4.9,41,22430,일반,일반
니몸내몸,"[선물포장]니몸내몸 영양젤리 3종 세트 (비타민C,비타민D,루테인) (1개월분)",눈건강,50대,4.9,185,26910,일반,일반
니몸내몸,"니몸내몸 영양젤리 멀티비타민 구미 모음(비타민C, 비타민D, 루테인, 멀티비타민)",눈건강,40대,4.8,76,11610,일반,일반
덴프스,덴프스 마그네슘 솔루션 1/2/3박스 (1/2/3개월분),종합케어,20대,4.7,39,23400,일반,일반
덴프스,덴프스 마그네슘 솔루션 2박스/2개월분,종합케어,40대,4.6,33,42700,일반,일반
함소아,함소아 글루콘산 아연가득 120정 (60일분),종합케어,20대,5.0,4,29900,일반,일반
함소아,함소아 성장에 좋은 키온 KEYON,종합케어,40대,5.0,17,58900,일반,일반
함소아,함소아 리포퍼 철분가득 30포 (30일분),종합케어,20대,5.0,18,15900,일반,일반
함소아,함소아 트리플 칼슘가득 60포 (30일분),종합케어,20대,4.8,12,22900,일반,일반
피토틱스,피토틱스 콜린이노시톨 4+1 (240포+60포),종합케어,20대,4.8,321,199000,일반,일반
덴프스,덴프스 철분 헤모케어 1/2/3박스 (1/2/3개월분),종합케어,40대,4.9,135,28000,일반,일반
덴프스,덴프스 혈당케어 프로 1/2/3박스 (2/4/6개월분),종합케어,60대이상,4.8,219,19800,일반,일반
덴프스,덴프스 코큐텐 더블케어 1/2/3박스 (1/2/3개월분),종합케어,20대,5.0,28,32000,일반,일반
려원담,려원담 6년근 홍삼정 에버타임 10g*30포 (+쇼핑백) (30일분),종합케어,50대,4.9,30,17000,일반,일반
센트럴포뮬러,센트럴포뮬러 셀루라인 프리미엄(은행잎 추출물) 60정 (1개월분),종합케어,60대이상,4.9,60,31176,일반,일반
GNM자연의품격,GNM 상쾌한 식이섬유 젤리 사과맛 15포 1박스,종합케어,40대,5.0,50,12900,일반,일반
GNM자연의품격,[이성경 PICK] GNM 상쾌한 슬림화이바 차전자피 식이섬유 30포 1박스,종합케어,50대,4.6,13,18900,일반,일반
GNM자연의품격,GNM 지금은 힘낼시간 건강한 간 밀크씨슬 선물세트 (총 5개월분),종합케어,50대,4.8,118,22900,일반,일반
GNM자연의품격,[이성경PICK] GNM 장 피부 면역력엔 알로에 15포 1박스,종합케어,20대,5.0,97,15900,일반,일반
려원담,려원담 짱구는못말려 6년근 홍삼정 에버타임 스탠다드 20포,종합케어,50대,4.9,34,12900,일반,일반
GNM자연의품격,GNM 건강한 간 밀크씨슬 30정 1박스(30일분),종합케어,60대이상,4.8,118,7900,일반,일반
GNM자연의품격,[이성경 PICK] GNM 칼슘 마그네슘 아연 비타민D 90정 1병 (총 3개월분) 칼마디,종합케어,30대,4.8,283,12900,일반,일반
GNM자연의품격,GNM 초임계 식물성 알티지오메가3 비건 60캡슐 1박스 (총 1개월분),혈관케어,50대,5.0,35,16900,일반,일반
GNM자연의품격,[이성경 PICK] GNM 혈당케어 바나바잎추출물 60정 1박스 (총 2개월분),종합케어,20대,4.8,162,12900,일반,일반
GNM자연의품격,GNM 위건강 헬리코박터 솔루션 1박스,종합케어,50대,4.9,68,11900,일반,일반
GNM자연의품격,GNM 수면건강엔 락티움 마그네슘 비타민B 1박스 (총 1개월분),종합케어,20대,4.4,9,24900,일반,일반
GNM자연의품격,GNM 코엔자임Q10 비타민 미네랄 10종 1박스 (1개월분) / 코큐텐 비타민B 비오틴,종합케어,60대이상,4.8,167,10900,일반,일반
GNM자연의품격,GNM 루테인 지아잔틴 오메가3 1박스 (총 1개월분),눈건강,60대이상,4.7,49,12900,일반,일반
GNM자연의품격,GNM 관절 연골 뼈건강엔 MSM 비타민D 비타민K2 60정 1박스 (1개월분) / 엠에스엠,종합케어,30대,4.9,111,11900,일반,일반
GNM자연의품격,GNM 코큐텐 알티지 오메가3 1박스 (총 1개월분),혈관케어,50대,5.0,47,15900,일반,일반
GNM자연의품격,[총 2개월분] 면역 앤 브라질 그린 프로폴리스 1병,종합케어,30대,4.7,6,29900,일반,일반
GNM자연의품격,[총 2개월분] GNM 맘편한 철분 비타민C 1박스 / 철분제,종합케어,30대,4.8,150,13900,일반,일반
GNM자연의품격,[비건인증/총 2개월분] GNM 활성 엽산 800 비타민B 1박스 / 비타민C,종합케어,40대,4.9,344,17900,일반,일반
GNM자연의품격,GNM 어린이 칼슘 아연 비타민D 말랑 츄잉정 60정 X 1박스,종합케어,50대,5.0,46,13900,일반,일반
나우푸드,나우푸드 루테인 지아잔틴 맥스 30캡슐 (1개월분),눈건강,50대,0.0,0,20000,일반,일반
나우푸드,나우푸드 아연 면역 이뮤노 디펜스 30포 (1개월분),종합케어,20대,5.0,1,23000,일반,일반
GNM자연의품격,[이성경 PICK] GNM 마그네슘 다이렉트 부스터 비타민B 1박스 (총 1개월분),종합케어,30대,4.9,98,10900,일반,일반
려원담,려원담 6년근 홍삼정 에버타임 홍삼스틱 100포 *손잡이케이스*,종합케어,30대,4.9,38,89900,일반,일반
나우푸드,나우푸드 비오틴 10000mcg / 10mg 120캡슐 (4개월분),종합케어,60대이상,4.9,75,22000,일반,일반
나우푸드,나우푸드 칼-맥-D3 & 아연 60정 칼맥디 칼마디 (1개월분),종합케어,30대,4.9,13,19000,일반,일반
나우푸드,나우푸드 마그네슘 350mg 90정 (3개월분),종합케어,20대,4.8,22,19000,일반,일반
나우푸드,나우푸드 코큐텐 100mg 60캡슐 (2개월분),종합케어,60대이상,5.0,64,31000,일반,일반
한삼인,[박보영PICK] 한삼인 굿데이스틱 60포 1세트 (60일분)+쇼핑백,종합케어,50대,4.9,69,33000,일반,일반
한삼인,한삼인 진한홍삼스틱 100포 1세트 (100일분),종합케어,50대,4.3,7,99000,일반,일반
한삼인,[박보영PICK] 한삼인 홍삼진 굿데이앰플 20병 1세트 (20일분)+쇼핑백,종합케어,40대,4.9,169,38500,일반,일반
한삼인,한삼인 나를위한 알티지 오메가3&비타민E 1세트 (30일분),혈관케어,50대,5.0,7,25800,일반,일반
GNM자연의품격,[이성경 PICK] GNM 혈당케어 바나바잎추출물 60정 3박스 (총 6개월분),종합케어,20대,4.9,208,25900,일반,일반
GNM자연의품격,[비타민구미 증정] GNM 어린이 칼슘 아연 비타민D 츄잉정 60정X2박스,종합케어,40대,5.0,46,25900,일반,일반
GNM자연의품격,[총 1개월분] GNM 기억력 인지력 포스파티딜세린 징코 60캡슐 x 1박스 / PS 은행잎추출물 두뇌건강,종합케어,40대,4.9,22,25900,일반,일반
한삼인,한삼인 홍삼 대보선물세트 2호 + 쇼핑백,종합케어,60대이상,5.0,10,57000,일반,일반
한삼인,한삼인 홍삼 대보선물세트 3호 + 쇼핑백,종합케어,20대,5.0,6,67000,일반,일반
GNM자연의품격,GNM 올인원 브레인 포스파티딜세린 앤 코큐텐 오메가3 1박스(30일분),혈관케어,50대,4.4,5,44900,일반,일반
GNM자연의품격,GNM 소연골 콘드로이친 1400 맥스 비타민D 1병,종합케어,20대,4.7,20,13900,일반,일반
GNM자연의품격,GNM 관절 연골엔 콘드로이친 뮤코다당단백 1500 60정 (30일분),종합케어,20대,4.8,66,15900,일반,일반
GNM자연의품격,[이성경PICK] GNM 장 피부 면역력엔 알로에 15포 3박스(총 45포),종합케어,50대,4.9,122,35900,일반,일반
GNM자연의품격,GNM rTG 알티지오메가3 60캡슐 3박스 (3개월분),혈관케어,40대,5.0,71,35900,일반,일반
GNM자연의품격,GNM 루테인 지아잔틴 아스타잔틴 30캡슐 3박스 (3개월분),눈건강,20대,4.9,169,35900,일반,일반
GNM자연의품격,GNM 위건강 헬리코박터 솔루션 30정 3박스 (3개월분),종합케어,40대,4.9,68,28900,일반,일반
GNM자연의품격,GNM 관절 연골 뼈건강엔 MSM 비타민D 비타민K2 60정 3박스 (3개월분) / 엠에스엠,종합케어,60대이상,4.9,111,27900,일반,일반
GNM자연의품격,GNM 마그네슘05 120정 (4개월분),종합케어,20대,4.9,277,13900,일반,일반
GNM자연의품격,GNM 프로폴리스 플러스 아연 비타민D 30캡슐 3박스 (3개월분),종합케어,60대이상,4.5,32,17900,일반,일반
GNM자연의품격,[AKBA+KBA 100mg] GNM 프리미엄 보스웰리아 1병 (총 30정),종합케어,40대,4.8,37,13900,일반,일반
려원담,려원담 6년근 홍삼정 에버타임 하이엔드 30포 (+쇼핑백) (1개월분) *소비기한 26-10-13*,종합케어,60대이상,5.0,1,17000,일반,일반
려원담,려원담 홍삼정 에버타임 스탠다드 100포 (100일분) *프리미엄 원형지함*,종합케어,60대이상,5.0,8,38800,일반,일반
려원담,려원담 6년근 활기담 30개입 (+쇼핑백) (1개월분) (건강기능식품),종합케어,40대,5.0,2,51000,일반,일반
려원담,려원담 홍삼정 에버타임 스탠다드 30포 (1개월분),종합케어,50대,5.0,8,19900,일반,일반
옵티젠,옵티젠 리프레쉬 마그네슘&징코플러스 7개입 (7일분),종합케어,60대이상,0.0,0,24000,일반,일반
려원담,[쇼핑백&짱구손거울 증정]려원담 짱구는못말려 6년근 홍삼정 에버타임 스탠다드 40포+배도라지 스틱 20포,종합케어,40대,4.8,104,38900,일반,일반
려원담,[쇼핑백&짱구손거울 증정]려원담 짱구는못말려 6년근 홍삼정 에버타임 스탠다드 20포+배도라지 스틱 20포,종합케어,40대,4.8,104,24800,일반,일반
한삼인,[박보영PICK] 한삼인 진홍삼스틱 30포 (1개월분)+쇼핑백,종합케어,40대,0.0,0,63000,일반,일반
한삼인,한삼인 나를위한 관절MSM&NAG 90정 (1개월분),종합케어,50대,5.0,2,42800,일반,일반
GNM자연의품격,[이성경 PICK] GNM 칼슘 마그네슘 아연 비타민D 90정 4병 (총 12개월분),종합케어,50대,5.0,7,42900,일반,일반
GNM자연의품격,GNM 건조한 눈엔 루테인오메가3 30캡슐 5박스 (5개월분),눈건강,50대,4.8,14,36900,일반,일반
고철남,고철남 하루한포 액상 철분제 30포 (1개월분),종합케어,30대,4.7,22,19800,일반,일반
고철남,고철남 발효 도라지배즙 앤 모과 100포 (100일분),종합케어,40대,5.0,13,45800,일반,일반
고철남,고철남 하루한포 혈당케어 혈당관리 바나바 액상스틱 30포 (1개월분),종합케어,50대,5.0,1,28900,일반,일반
고철남,고철남 발효 흑도라지 배 쌍화 생강청 배도라지청 짜먹는 스틱 100포 (100일분),종합케어,40대,4.8,12,29800,일반,일반
고철남,고철남 6년근 고려홍삼정 스탠다드 홍삼스틱 100포 (100일분),종합케어,50대,5.0,3,29800,일반,일반
고철남,고철남 발효 도라지배즙 앤 모과 30포 (1개월분),종합케어,40대,5.0,13,22900,일반,일반
고철남,고철남 뒤끝있는 홍삼정 홍삼스틱 30포 (1개월분),종합케어,30대,0.0,0,59900,일반,일반
고철남,고철남 6년근 하루한포 전체식 홍삼스틱 365 100포 (100일분),종합케어,60대이상,5.0,1,69800,일반,일반
고철남,고철남 6년근 하루한포 전체식 홍삼스틱 365 30포 (1개월분),종합케어,20대,5.0,1,29800,일반,일반
고철남,고철남 전체식 홍삼스틱 하루한포 100포 (100일분),종합케어,30대,5.0,2,39800,일반,일반
고철남,고철남 어린이홍삼 꿀먹은 아이홍삼 100포 (100일분),종합케어,50대,4.9,7,59800,일반,일반
고철남,고철남 청소년 홍삼스틱 하루한포 1019 틴 100포 (100일분),종합케어,50대,5.0,2,59800,일반,일반
고철남,고철남 프리미엄 전체식 홍삼진액 빼어날 수 30포 (1개월분),종합케어,60대이상,0.0,0,61900,일반,일반
고철남,고철남 프리미엄 전체식 홍삼진액 빼어날 수 60포 (2개월분),종합케어,40대,0.0,0,111900,일반,일반
고철남,고철남 홍삼절편 실속형 15포,종합케어,30대,5.0,3,49800,일반,일반
고철남,고철남 전체식 홍삼스틱 하루한포 30포 (1개월분),종합케어,40대,0.0,0,22800,일반,일반
고철남,고철남 어린이홍삼 꿀먹은 아이홍삼 30포 (1개월분),종합케어,50대,4.9,7,22800,일반,일반
고철남,고철남 청소년 홍삼스틱 하루한포 1019 틴 30포 (1개월분),종합케어,60대이상,5.0,2,22800,일반,일반
베스처,베스처 맛있는 철분 스틱 자두맛 30포 (1개월분),종합케어,40대,4.7,7,23600,일반,일반
베스처,베스처 헤모철 플러스 엽산 60캡슐 (2개월분),종합케어,50대,5.0,3,13900,일반,일반
한삼인,한삼인 홍기천 침향환 30개입 (1개월분) + 쇼핑백,종합케어,40대,0.0,0,45000,일반,일반
한삼인,한삼인 홍기천 앰플 16개입 (16일분) + 쇼핑백,종합케어,30대,0.0,0,38000,일반,일반
한삼인,한삼인 홍기천 골드 30포 (1개월분) + 쇼핑백,종합케어,60대이상,5.0,13,38000,일반,일반
뉴트리디데이,뉴트리디데이 메가렉스 루테인 20 90캡슐 (3개월분),눈건강,30대,4.6,8,13900,일반,일반
뉴트리디데이,뉴트리디데이 메가렉스 알티지 오메가3 골드 90캡슐 (3개월분),혈관케어,20대,4.9,26,24900,일반,일반
뉴트리디데이,뉴트리디데이 메가렉스 혈당건강 바나바  90정 (3개월분),종합케어,20대,4.8,5,15800,일반,일반
뉴트리디데이,뉴트리디데이 프리미엄 비오틴 10000 90정 (3개월분),종합케어,60대이상,4.7,46,13900,일반,일반
뉴트리디데이,뉴트리디데이 프리미엄 루테인 골드 90캡슐 (3개월분),눈건강,40대,4.8,8,11900,일반,일반
뉴트리디데이,뉴트리디데이 프리미엄 밀크씨슬 골드 90정 (3개월분),종합케어,20대,4.5,15,12900,일반,일반
GNM자연의품격,GNM 대마종자유 햄프씨드 1000mg 1박스 총 30캡슐,종합케어,40대,5.0,12,10900,일반,일반
GNM자연의품격,GNM 대마종자유 햄프씨드 1000mg 2박스 총 60캡슐,종합케어,20대,4.8,40,15900,일반,일반
뉴트리디데이,뉴트리디데이 프리미엄 프로폴리스 180캡슐 (6개월분),종합케어,30대,5.0,11,20900,일반,일반
에스더포뮬러,[국민영양] 여에스더 멜라나인 플러스 30정 3박스/5박스 (3개월분/5개월분),종합케어,60대이상,4.8,686,29100,일반,일반
에스더포뮬러,[국민영양] 여에스더 칼슘 마그네슘 D 30정 3박스/5박스 (3개월분/5개월분),종합케어,60대이상,4.9,458,29100,일반,일반
에스더포뮬러,[국민영양] 여에스더 루테인&지아잔틴 30캡슐 3박스/5박스 (3개월분/5개월분),눈건강,30대,4.9,424,28500,일반,일반
에스더포뮬러,[국민영양] 여에스더 혈당케어 포뮬러 30캡슐 3박스/5박스 (3개월분/5개월분),종합케어,40대,4.9,636,29100,일반,일반
에스더포뮬러,[국민영양] 여에스더 마그네슘 30정 3박스/5박스 (3개월분/5개월분),종합케어,20대,4.9,416,29100,일반,일반
GNM자연의품격,GNM 폴리코사놀 20 30정 x 1박스(총 30정),종합케어,40대,5.0,7,10900,일반,일반
GNM자연의품격,GNM 폴리코사놀 20 30정 x 2박스(총 60정),종합케어,60대이상,5.0,7,18900,일반,일반
내츄럴플러스,내츄럴플러스 건강한판 올인원케어 멀티팩 30개입 2박스 / 오메가 밀크씨슬 루테인 비타민,눈건강,20대,5.0,54,51900,일반,일반
내츄럴플러스,내츄럴플러스 건강한판 올인원케어 멀티팩 30개입 1박스 / 오메가 밀크씨슬 루테인 비타민,눈건강,50대,5.0,54,26500,일반,일반
내츄럴플러스,내츄럴플러스 수용성 파워 커큐민 30정 2박스 + 유기농 화장솜 원형 100매 1개 증정,종합케어,40대,4.9,121,26500,일반,일반
내츄럴플러스,[3+1] 내츄럴플러스 수용성 파워 커큐민 30정 1박스 (1개월분) / 3박스 구매 시 1박스 증정,종합케어,60대이상,4.9,121,13900,일반,일반
내츄럴플러스,내츄럴플러스 더풍성한 맥주효모 비오틴 셀렌 90정 2박스 (6개월분),종합케어,60대이상,4.9,79,26500,일반,일반
내츄럴플러스,[3+1] 내츄럴플러스 더풍성한 맥주효모 비오틴 셀렌 90정 1박스 (3개월분) / 3박스 구매 시 1박스 증정,종합케어,40대,4.9,79,13900,일반,일반
내츄럴플러스,내츄럴플러스 스트레스엔 테아닌 60정 2박스 + 유기농 화장솜 원형 100매 1개 증정 / 긴장완화 마그네슘 비타민B,종합케어,20대,5.0,62,25500,일반,일반
내츄럴플러스,[3+1] 내츄럴플러스 스트레스엔 테아닌 60정 1박스 / 3박스 구매 시 본품 1박스 증정,종합케어,20대,5.0,62,14300,일반,일반
내츄럴플러스,내츄럴플러스 초임계 알티지 오메가3 앤 비타민D 60캡슐 1박스 (2개월분),혈관케어,50대,5.0,8,27900,일반,일반
내츄럴플러스,내츄럴플러스 초임계 알티지 오메가3 맥스퓨어 2000 60캡슐 3박스 / 고순도 비타민 D E,혈관케어,60대이상,4.7,7,87900,일반,일반
내츄럴플러스,내츄럴플러스 초임계 알티지 오메가3 맥스퓨어 2000 60캡슐 2박스 / 고순도 비타민 D E,혈관케어,20대,4.7,7,58900,일반,일반
내츄럴플러스,내츄럴플러스 초임계 알티지 오메가3 맥스퓨어 2000 60캡슐 1박스 / 고순도 비타민 D E,혈관케어,30대,4.7,7,29900,일반,일반
내츄럴플러스,(옵션 선택) 내츄럴플러스 활성 엽산 800 60정 2/3박스 (4/6개월분),종합케어,60대이상,5.0,23,22500,일반,일반
내츄럴플러스,내츄럴플러스 활성 엽산 800 60정 2박스 (4개월분),종합케어,20대,5.0,23,26500,일반,일반
내츄럴플러스,내츄럴플러스 활성 엽산 800 60정 1박스 (2개월분) / 비타민 미네랄,종합케어,30대,5.0,23,14500,일반,일반
내츄럴플러스,내츄럴플러스 메노에스트로 플라본 60정 2박스 + 유기농 화장솜 원형 100매 1개 증정,종합케어,40대,0.0,0,30500,일반,일반
내츄럴플러스,내츄럴플러스 메노에스트로 플라본 60정 1박스 (1개월분),종합케어,20대,0.0,0,16300,일반,일반
내츄럴플러스,[비타민C 구미 포도맛 2봉 증정] 내츄럴플러스 에버핏 쾌변엔 차전자피 식이섬유 30포 3박스 (3개월분),종합케어,50대,5.0,5,37900,일반,일반
내츄럴플러스,[비타민C 구미 포도맛 1봉 증정] 내츄럴플러스 에버핏 쾌변엔 차전자피 식이섬유 30포 2박스 (2개월분),종합케어,60대이상,5.0,5,25900,일반,일반
내츄럴플러스,[비타민C 구미 포도맛 2봉 증정] 내츄럴플러스 프로폴리스 1000 180캡슐 2병 (12개월분),종합케어,50대,5.0,12,45900,일반,일반
내츄럴플러스,[비타민C 구미 포도맛 1봉 증정] 내츄럴플러스 프로폴리스 1000 180캡슐 1병 (6개월분),종합케어,50대,5.0,12,23900,일반,일반
내츄럴플러스,[비타민C 구미 포도맛 2봉 증정] 내츄럴플러스 알티지 오메가3 1200 비타민D 180캡슐 (6개월분),혈관케어,20대,0.0,0,58900,일반,일반
내츄럴플러스,[비타민C 구미 포도맛 1봉 증정] 굿앤키즈 철분&비타민 딸기맛 30포 3박스 (3개월분),종합케어,20대,4.7,13,28900,일반,일반
내츄럴플러스,굿앤키즈 철분&비타민 딸기맛 30포 2박스 (2개월분),종합케어,20대,4.7,13,20500,일반,일반
내츄럴플러스,[비타민C1000 구미 1봉 증정] 굿앤키즈 눈케어 베타카로틴 90정 3박스 (9개월분),눈건강,30대,4.8,4,31300,일반,일반
내츄럴플러스,[비타민C1000 구미 1봉 증정] 굿앤키즈 눈케어 베타카로틴 90정 2박스 (6개월분),눈건강,40대,4.8,4,21900,일반,일반
내츄럴플러스,[비타민C 구미 포도맛 1봉 증정] 내츄럴플러스 굿앤키즈 칼슘 마그네슘 비타민D 아연 츄어블 90정 2병 (3개월분),종합케어,30대,4.8,4,19900,일반,일반
에스더포뮬러,[국민영양] 에스더포뮬러 국민영양(3박스) 11종 택1,종합케어,30대,4.8,999,28500,일반,일반
한삼인,한삼인 홍기천 스틱 30포 (1개월분) + 쇼핑백,종합케어,40대,5.0,4,60000,일반,일반
한삼인,한삼인 나를위한 쏘팔메토&옥타코사놀 30캡슐 (1개월분),종합케어,20대,0.0,0,25800,일반,일반
한삼인,한삼인 나를위한 그린프로폴리스&아연E 30캡슐 (1개월분),종합케어,30대,4.0,1,25800,일반,일반
한삼인,한삼인 홍삼 본 선물세트 + 쇼핑백,종합케어,30대,0.0,0,72000,일반,일반
한삼인,한삼인 기력보감 선물세트 + 쇼핑백 증정,종합케어,40대,5.0,2,49900,일반,일반
한삼인,한삼인 굿데이스틱 100포 1세트 (100일분) + 쇼핑백,종합케어,40대,4.9,69,48000,일반,일반
나우푸드,[선물박스] 나우푸드 마그네슘 350mg 90정 2병 (6개월분),종합케어,20대,4.8,22,33000,일반,일반
나우푸드,[선물박스] 나우푸드 아연 면역 이뮤노 디펜스 30포 2박스 (2개월분),종합케어,30대,5.0,1,42000,일반,일반
나우푸드,[선물박스] 나우푸드 실리마린 60캡슐 2박스 (4개월분),종합케어,30대,4.7,90,29800,일반,일반
나우푸드,[선물박스] 나우푸드 알티지 오메가-3 90캡슐 2병 (6개월분),혈관케어,40대,4.9,256,56000,일반,일반
나우푸드,[선물박스] 나우푸드 칼-맥-D3 & 아연 60정 2박스 칼맥디 칼마디 (2개월분),종합케어,20대,4.9,13,36000,일반,일반
나우푸드,[선물박스] 나우푸드 코큐텐 100mg 60캡슐 2박스 (4개월분),종합케어,40대,5.0,64,57000,일반,일반
GNM자연의품격,GNM 코큐텐11 선물세트 (30캡슐X6박스) (6개월분),종합케어,40대,4.9,313,45900,일반,일반
나우푸드,나우푸드 맥주효모&블랙마카 60정 (2개월분),종합케어,20대,5.0,5,25000,일반,일반
나우푸드,[선물박스] 나우푸드 맥주효모&블랙마카 60정 2박스 (4개월분),종합케어,60대이상,5.0,5,46000,일반,일반
나우푸드,나우푸드 브라질 그린 프로폴리스 30캡슐 (1개월분),종합케어,30대,5.0,2,21000,일반,일반
나우푸드,[선물박스] 나우푸드 브라질 그린 프로폴리스 30캡슐 2박스 (2개월분),종합케어,60대이상,5.0,2,35000,일반,일반
나우푸드,나우푸드 블러드 케어 올인원 헬스 60캡슐 (1개월분),종합케어,20대,0.0,0,42000,일반,일반
나우푸드,[선물박스] 나우푸드 블러드 케어 올인원 헬스 60캡슐 2박스 (2개월분),종합케어,50대,0.0,0,74000,일반,일반
나우푸드,나우푸드 실리마린 스트렝스 90캡슐 (3개월분),종합케어,20대,5.0,2,30500,일반,일반
나우푸드,[선물박스] 나우푸드 실리마린 스트렝스 90캡슐 2병 (6개월분),종합케어,30대,5.0,2,57000,일반,일반
나우푸드,나우푸드 쏘팔메토&옥타코사놀 60캡슐 (2개월분),종합케어,40대,5.0,2,27000,일반,일반
나우푸드,[선물박스] 나우푸드 쏘팔메토&옥타코사놀 60캡슐 2박스 (4개월분),종합케어,30대,5.0,2,49000,일반,일반
닥터프로그램,닥터프로그램 칼마디 올인원 플러스 60정 (1개월분),종합케어,50대,5.0,5,19500,일반,일반
닥터프로그램,닥터프로그램 활성형 엽산 800 60정 (2개월분),종합케어,50대,0.0,0,31900,일반,일반
GNM자연의품격,GNM 수용성 리포좀 커큐민 플러스 30정 X 1박스,종합케어,60대이상,4.7,45,15900,일반,일반
GNM자연의품격,GNM 수용성 리포좀 커큐민 플러스 30정 X 2박스,종합케어,30대,4.7,45,28800,일반,일반
한삼인,한삼인 잠잠 12개입 (12일분),종합케어,60대이상,4.5,6,32900,일반,일반
올키,올키X헬로카봇 칼슘젤리 복숭아맛 15포 (15일분),종합케어,60대이상,5.0,5,12500,일반,일반
올키,올키X헬로카봇 칼슘젤리 샤인머스켓맛 15포 (15일분),종합케어,30대,5.0,5,12500,일반,일반
종근당,[선물세트] 종근당 뮤코다당단백 콘드로이친 1200 플러스 60정 3개입 세트 (3개월분) + 쇼핑백,종합케어,20대,4.7,7,59900,일반,일반
종근당,종근당 칼슘 앤 마그네슘 비타민D 아연 180정 1박스 (3개월분) + NP 비타민C1000 구미 1봉,종합케어,60대이상,4.9,38,14900,일반,일반
종근당,종근당 칼슘 앤 마그네슘 비타민D 아연 180정 2박스 (6개월분) + NP 비타민C1000 구미 2봉,종합케어,50대,4.9,38,28900,일반,일반
종근당,종근당 액상 마그네슘 스피드 이뮨샷 15포 2박스 (1개월분) / 아연 비타민B,종합케어,40대,5.0,7,27900,일반,일반
종근당,종근당 액상 마그네슘 스피드 이뮨샷 15포 3박스 (45일분) / 아연 비타민B,종합케어,20대,5.0,7,39900,일반,일반
종근당,종근당 초임계 알티지 오메가3 루테인지아잔틴 24 30캡슐 2박스 / 순도 70% 비타민D E,눈건강,30대,5.0,5,39500,일반,일반
종근당,종근당 초임계 알티지 오메가3 루테인지아잔틴 24 30캡슐 3박스 / 순도 70% 비타민D E,눈건강,50대,5.0,5,57500,일반,일반
종근당,종근당 활력 코엔자임Q10 플러스 30캡슐 2박스 (2개월분) / 코큐텐 항산화,종합케어,60대이상,4.9,45,23900,일반,일반
종근당,종근당 활력 코엔자임Q10 플러스 30캡슐 3박스 (3개월분) / 코큐텐 항산화 식물성 연질캡슐,종합케어,50대,4.9,45,34900,일반,일반
종근당,종근당 위건강엔 헬리코박터 프로젝트 30정 1박스 (1개월분),종합케어,20대,5.0,2,14900,일반,일반
종근당,종근당 위건강엔 헬리코박터 프로젝트 30정 2박스 (2개월분),종합케어,60대이상,5.0,2,27900,일반,일반
종근당,종근당 위건강엔 헬리코박터 프로젝트 30정 3박스 / 위점막보호 스페인감초추출물,종합케어,40대,5.0,2,39900,일반,일반
종근당,종근당 헬시아민 두뇌 인지력엔 포스파티딜세린PS 15포 1박스 (15일분),종합케어,50대,0.0,0,17900,일반,일반
종근당,종근당 헬시아민 두뇌 인지력엔 포스파티딜세린PS 15포 2박스 (1개월분),종합케어,30대,0.0,0,33900,일반,일반
종근당,[2개월분] 종근당 헬시아민 칼슘 앤 마그네슘 비타민D3 아연망간&초임계 비타민K2 60정 1박스,종합케어,30대,5.0,4,19500,일반,일반
종근당,[4개월분] 종근당 헬시아민 칼슘 앤 마그네슘 비타민D3 아연망간&초임계 비타민K2 60정 2박스,종합케어,50대,5.0,4,37500,일반,일반
종근당,종근당 루테인지아잔틴 아스타잔틴 플러스 60캡슐 1박스 (2개월분),눈건강,30대,4.8,8,26900,일반,일반
종근당,종근당 루테인지아잔틴 아스타잔틴 플러스 60캡슐 2박스 (4개월분),눈건강,30대,4.8,8,52900,일반,일반
종근당,[선물세트] 종근당 루테인지아잔틴 아스타잔틴 플러스 60캡슐 3개입 1박스 (6개월분) + 쇼핑백,눈건강,20대,4.8,8,76900,일반,일반
종근당,종근당 초임계 식물성 알티지 오메가3 30캡슐 1박스,혈관케어,50대,5.0,6,19900,일반,일반
종근당,종근당 초임계 식물성 알티지 오메가3 30캡슐 2박스,혈관케어,40대,5.0,6,38900,일반,일반
하이뮨,[김민지 PICK] 하이뮨 아미노포텐 파워젤 40g*10포 (10일분),종합케어,50대,5.0,522,18530,일반,일반
종근당,종근당 초임계 식물성 알티지 오메가3 30캡슐 3박스,혈관케어,30대,5.0,6,57500,일반,일반
일양약품,일양약품 프라임 포스파티딜세린PS 60캡슐 2박스 / 미국산 프리미엄 원료,종합케어,40대,5.0,3,40900,일반,일반
일양약품,일양약품 프라임 포스파티딜세린PS 60캡슐 3박스 (3개월분),종합케어,60대이상,5.0,3,59900,일반,일반
일양약품,[3+1] 일양약품 프라임 NMN 파이토K 30정 1박스 (1개월분) / 3박스 구매 시 본품 1박스 증정,종합케어,40대,5.0,3,15300,일반,일반
일양약품,일양약품 프라임 NMN 파이토K 30정 2박스 + 유기농 화장솜 원형 100매 1개 증정,종합케어,40대,5.0,3,28500,일반,일반
일양약품,일양약품 프라임 스페르미딘 60정 1박스 (2개월분),종합케어,20대,0.0,0,11900,일반,일반
일양약품,일양약품 프라임 스페르미딘 60정 2박스 (4개월분),종합케어,40대,0.0,0,19900,일반,일반
대웅생명과학,대웅생명과학 가네파워 30캡슐 2박스 (2개월분),종합케어,60대이상,5.0,2,19300,일반,일반
대웅생명과학,대웅생명과학 가네파워 30캡슐 3박스 / 비타민 미네랄 밀크씨슬,종합케어,30대,5.0,2,27500,일반,일반
대웅생명과학,대웅생명과학 액상 멀티비타민 이뮨 앤 피로개선 7개입 1박스,종합케어,60대이상,5.0,2,16900,일반,일반
대웅생명과학,대웅생명과학 액상 멀티비타민 이뮨 앤 피로개선 7개입 2박스,종합케어,40대,5.0,2,29900,일반,일반
대웅생명과학,대웅생명과학 액상 멀티비타민 이뮨 앤 피로개선 7개입 3박스,종합케어,50대,5.0,2,41900,일반,일반
대웅생명과학,대웅생명과학 흑도라지 배생강 진액스틱 100포 1박스,종합케어,40대,0.0,0,22900,일반,일반
대웅생명과학,대웅생명과학 녹용홍삼 진액스틱 100포 1박스,종합케어,20대,0.0,0,27900,일반,일반
일양약품,일양약품 프라임 활성 엽산 60정 2박스 (4개월분),종합케어,60대이상,5.0,12,22500,일반,일반
일양약품,[옵션 선택] 일양약품 프라임 활성 엽산 60정 2/3박스 (4/6개월분),종합케어,50대,5.0,12,21500,일반,일반
내츄럴플러스,내츄럴플러스 메가 NMN 엔엠엔 필름 30매 1박스,종합케어,60대이상,4.0,2,21500,일반,일반
내츄럴플러스,내츄럴플러스 메가 NMN 엔엠엔 필름 30매 2박스 + 유기농 화장솜 원형 100매 1개 증정,종합케어,30대,0.0,0,40900,일반,일반
내츄럴플러스,내츄럴플러스 혈당엔 바나바 60정 1박스 (2개월분),종합케어,50대,0.0,0,11700,일반,일반
내츄럴플러스,내츄럴플러스 혈당엔 바나바 60정 2박스 (4개월분) + 유기농 화장솜 원형 100매 1개 증정,종합케어,20대,5.0,1,21300,일반,일반
한삼인,한삼인 홍삼정 부스터 7개입 (7일분) + 쇼핑백,종합케어,40대,0.0,0,45000,일반,일반
GNM자연의품격,[최신제조][멀티비타민+엽산+철분+오메가3+유산균]GNM 올인원 맘스케어 1박스 / 임산부,혈관케어,50대,5.0,29,36800,일반,일반
솔가,(임박특가) 솔가 밀크씨슬 130 60캡슐 (2개월분),종합케어,20대,4.9,41,43400,일반,일반
솔가,[단독특가]솔가 루테인 20 60캡슐 (2개월분),눈건강,40대,4.5,24,70700,일반,일반
솔가,[단독특가]솔가 감마리놀렌산 보라지 종자유 300mg 60캡슐 (2개월분),종합케어,20대,4.7,31,60200,일반,일반
담백하루,담백하루 식물성 멜라토닌 멜라제닌 60정 (2개월분),종합케어,20대,5.0,5,28300,일반,일반
담백하루,담백하루 플로라 루테인 에센스 30캡슐 (1개월분),눈건강,60대이상,0.0,0,17300,일반,일반
담백하루,담백하루 키즈 알티지 오메가 츄 600 30구미 (15일분),혈관케어,20대,0.0,0,28300,일반,일반
담백하루,담백하루 초임계 식물성 알티지 오메가 에센스 500 미니 30정 (1개월분),혈관케어,20대,0.0,0,16600,일반,일반
담백하루,담백하루 알래스카 알티지 오메가 에센스 600 미니 30캡슐 (1개월분),혈관케어,40대,4.8,4,17900,일반,일반
풍년보감,풍년보감 6년근 고려홍삼정 에브리데이100 홍삼스틱 선물세트 15g x 60포 (+쇼핑백 증정),종합케어,40대,5.0,32,28900,일반,일반
풍년보감,풍년보감 6년근 고려홍삼정 올데이굿타임 골드 홍삼스틱 선물세트 10g x 30포 (+쇼핑백 증정),종합케어,40대,5.0,120,29900,일반,일반
풍년보감,풍년보감 6년근 고려홍삼정 올데이굿타임 골드 홍삼스틱 지함 10g x 100포,종합케어,50대,5.0,120,73400,일반,일반
풍년보감,풍년보감 6년근 고려홍삼정 올데이굿타임 홍삼스틱 지함 10g x 100포,종합케어,50대,5.0,71,34300,일반,일반
풍년보감,풍년보감 고려홍삼정 투데이굿타임 홍삼스틱 15g x 100포,종합케어,60대이상,5.0,35,27900,일반,일반
풍년보감,풍년보감 6년근 고려홍삼정 밸런스타임 홍삼스틱 선물세트 10g x 30포 (+쇼핑백 증정),종합케어,50대,4.9,37,15600,일반,일반
풍년보감,풍년보감 6년근 고려홍삼정 투데이굿타임 골드 홍삼스틱 10g x 100포,종합케어,40대,5.0,62,34900,일반,일반
풍년보감,풍년보감 6년근 고려홍삼정 에브리데이100P 홍삼스틱 15g x 100포,종합케어,40대,5.0,65,31900,일반,일반
풍년보감,풍년보감 6년근 고려홍삼정 밸런스타임 홍삼스틱 10g x 100포,종합케어,30대,5.0,34,27900,일반,일반
덴프스,덴프스 루테인지아잔틴 MAX 2박스/2개월분,눈건강,40대,4.9,139,28400,일반,일반
센트럴포뮬러,센트럴포뮬러 셀루라인 프리미엄 60정 2박스 (2개월분),종합케어,60대이상,0.0,0,64235,일반,일반
센트럴포뮬러,센트럴포뮬러 셀루라인 플래티넘 듀얼 60정 2박스 (2개월분),종합케어,30대,0.0,0,68235,일반,일반
덴프스,덴프스 마그네슘 솔루션 3박스/3개월분 +증정: 비타민C 3포,종합케어,60대이상,4.6,74,61000,일반,일반
덴프스,덴프스 철분 헤모케어 2박스/2개월분,종합케어,50대,4.9,136,51000,일반,일반
덴프스,덴프스 철분 헤모케어 3박스/3개월분 +증정: 콜라겐3포,종합케어,40대,4.9,152,47000,일반,일반
덴프스,덴프스 코큐텐 더블케어 2박스/2개월분,종합케어,30대,4.9,37,47000,일반,일반
덴프스,덴프스 코큐텐 더블케어 3박스/3개월분 +증정: 비타민C 3포,종합케어,40대,5.0,39,51000,일반,일반
풍년보감,풍년보감 6년근 고려홍삼정 올데이굿타임 홍삼스틱 선물세트 10g x 30포,종합케어,60대이상,5.0,4,19900,일반,일반
오슬랩,[ONLY올영] 오슬랩 나잇리톨 식물성 멜라토닌 함유 츄어블 캔디 선물세트 (30정X2ea) 60일분,종합케어,20대,0.0,0,39900,일반,일반
오슬랩,오슬랩 나잇리톨 식물성 멜라토닌 함유 츄어블 캔디 (30정X3ea) 90일분 + 쇼핑백증정,종합케어,40대,0.0,0,56250,일반,일반
GNM자연의품격,[멜라토닌+마그네슘+테아닌+트립토판] GNM 식물성 멜라토닌 5mg 함유 1박스(1개월분),종합케어,20대,4.9,13,15900,일반,일반
GNM자연의품격,[멜라토닌+마그네슘+테아닌+트립토판] GNM 식물성 멜라토닌 5mg 함유 2박스(2개월분),종합케어,20대,5.0,7,28900,일반,일반
광동,[선물세트] 광동 일품 기력보환 30환 1세트 (1개월분),종합케어,60대이상,0.0,0,29900,일반,일반
광동,[선물세트] 광동 일품 기력보환 60환 1세트 (2개월분),종합케어,20대,0.0,0,56900,일반,일반
덴프스,덴프스 밀크씨슬 리버케어 1/2/3박스 (1/2/3개월분),종합케어,60대이상,0.0,0,13000,일반,일반
덴프스,[덴프스X카카오프렌즈] 면역젤리 키즈  2/3박스,종합케어,40대,5.0,1,30000,일반,일반
덴프스,[덴프스X카카오프렌즈] 알티지오메가3 키즈 2/3박스,혈관케어,50대,5.0,1,44800,일반,일반
GNM자연의품격,GNM 인지력 두뇌엔 포스파티딜세린 PS 분말 15포 (15일분),종합케어,50대,0.0,0,15900,일반,일반
GNM자연의품격,GNM 인지력 두뇌엔 포스파티딜세린 PS 분말 3박스(45일분),종합케어,40대,5.0,2,39900,일반,일반
덴프스,덴프스 트루오메가600 1/2/3박스 (1/2/3개월분),혈관케어,40대,0.0,0,9500,일반,일반
덴프스,덴프스 트루오메가600 30캡슐 3박스 (3개월분),혈관케어,30대,0.0,0,24700,일반,일반
잠백이,잠백이 저스트 크레아틴 대용량 1.2kg,종합케어,20대,4.8,29,29400,일반,일반
세노비스,세노비스 코엔자임큐텐 60캡슐 (2개월분),종합케어,50대,4.8,972,24000,일반,일반
꾸미,꾸미 칼슘+비타민D3 60구미 (1개월분),종합케어,20대,4.8,999,20000,일반,일반
정관장,정관장 홍삼보운 40mlx30포 (1개월분),종합케어,50대,4.9,17,107000,일반,일반
블랙모어스,블랙모어스 오더리스 피시오일 미니 250캡슐 (125일분),종합케어,60대이상,4.9,148,50000,일반,일반
세노비스,세노비스 프로폴리스 (본품60캡슐+10캡슐 증정),종합케어,60대이상,4.9,562,37000,일반,일반
뉴오리진,뉴오리진 루테인 60캡슐 (2개월분),눈건강,50대,4.8,155,35000,일반,일반
프롬바이오,프롬바이오 6년정성 더진한 홍삼정 240g 1병 (80일분),종합케어,40대,4.9,10,150000,일반,일반
프롬바이오,프롬바이오 뼈건강엔 칼마디 츄어블 60정 (1개월분),종합케어,60대이상,4.8,56,19900,일반,일반
듀오락,듀오락 데일리키즈 프로바이오틱스 60정 (1개월분),종합케어,60대이상,5.0,56,33000,일반,일반
프롬바이오,프롬바이오 혈행건강엔 알티지오메가3 60캡슐 (1개월분),혈관케어,50대,4.9,75,19900,일반,일반
세노비스,세노비스 루테인+오메가3 80캡슐 (40일분),눈건강,20대,4.8,999,44000,일반,일반
안국건강,안국건강 아이원 루테인 미니 100 60캡슐 (2개월분),눈건강,20대,4.8,809,11900,일반,일반
안국건강,안국건강 안심 마그네슘 90정 (1개월분),종합케어,50대,4.6,48,21900,일반,일반
안국건강,안국건강 안심 엽산 180정 (6개월분),종합케어,50대,4.8,42,35000,일반,일반
얼라이브,얼라이브 원스데일리 + 밀크시슬 60정 (2개월분),종합케어,60대이상,4.8,179,26900,일반,일반
웰릿,웰릿 이뮨베라 알로에겔 14포 (2주분),종합케어,50대,4.7,213,22900,일반,일반
안국건강,안국건강 눈에좋은 루테인 플러스 기프트 120캡슐 (4개월분),눈건강,30대,4.8,248,35000,일반,일반
상쾌환,상쾌환 스틱 ZERO 청사과맛 1입,종합케어,60대이상,4.8,505,3900,일반,일반
상쾌환,상쾌환 스틱 망고맛 1입,종합케어,50대,4.8,471,3900,일반,일반
상쾌환,상쾌환 1입,종합케어,40대,4.8,643,2900,일반,일반
데이즈온,데이즈온 비어랩 프리미엄 맥주효모환 20포 (스틱형) (20일분),종합케어,40대,4.5,79,21900,일반,일반
데이즈온,데이즈온 릴리브피엠 1박스 20캡슐 (10일분),종합케어,60대이상,4.7,7,18900,일반,일반
네추럴라이즈,네추럴라이즈 칼슘 & 비타민D 꾸미 60개 (1개월분),종합케어,20대,4.9,82,15900,일반,일반
태양생활건강,뽀로로 키움대장 칼슘+Mn+PGA 15포(15일분),종합케어,20대,5.0,14,20000,일반,일반
고려은단,고려은단 루테인 지아잔틴 아스타잔틴 30캡슐 (30일분),눈건강,20대,4.8,508,12900,일반,일반
닥터브라이언,닥터브라이언 렛잇츄 오메가-3 츄어블(60개/20일분),혈관케어,60대이상,3.8,9,34900,일반,일반
상쾌환,상쾌환 스틱 ZERO 납작복숭아맛 1입,종합케어,60대이상,4.9,77,3900,일반,일반
종근당,종근당 녹용홍삼골드 애니타임 스틱 30포(30일분),종합케어,50대,4.5,20,28900,일반,일반
익스트림,[김종국PICK]익스트림 듀얼 오메가3*90캡슐 (3개월분),혈관케어,40대,4.9,113,16600,일반,일반
닥터브라이언,닥터브라이언 렛잇츄 알티지 오메가-3 츄어블 메론향(28개) (14일분),혈관케어,40대,4.7,200,19900,일반,일반
세노비스,세노비스 키즈 식물성 알티지 오메가-3 100캡슐(25일분),혈관케어,40대,4.0,22,39900,일반,일반
닥터브라이언,닥터브라이언 비오틴 구미 5000 복숭아맛 100구미 + 복숭아맛C&D3000 15구미 증정 기획(55일분),종합케어,20대,4.9,999,15900,일반,일반
네이처메이드,네이처메이드 웰블렌즈 수면 케어 30정(15일분),종합케어,20대,5.0,21,25000,일반,일반
테라슬립,수면엔 테라슬립 메가솔루션 90정 (1개월분),종합케어,50대,4.9,24,49900,일반,일반
위아바임,위아바임 마그아연&킬 스트레스 7개입 (7일분),종합케어,40대,5.0,450,16900,일반,일반
정관장,정관장 에브리타임 필름 맥스(300mg*45매) (45일분),종합케어,60대이상,5.0,7,76500,일반,일반
정관장,"정관장 다보록 스페셜 라이트세트 (석류50ml*3포,ET소프트10ml*5포*2개)",종합케어,60대이상,5.0,13,33000,일반,일반
정관장,정관장 홍삼스노우쿨스틱(1.5g*10포) (10일분),종합케어,60대이상,4.8,153,9900,일반,일반
락피도,락피도 아이케어 베타카로틴 90정 (3개월분),종합케어,60대이상,0.0,0,22200,일반,일반
락피도,락피도 몸이튼튼 철분젤리 15포 (15일분),종합케어,60대이상,5.0,8,18000,일반,일반
락피도,락피도 칼마앤디 아이쑥쑥 60정 (1개월분),종합케어,30대,4.8,6,14940,일반,일반
닥터아돌,닥터아돌 면역 기억력엔 프롬하이(Hi) 30포 (30일분),종합케어,50대,0.0,0,46750,일반,일반
닥터아돌,닥터아돌 안테스틴 루테인지아잔틴 앤 징코 60캡슐 (60일분),눈건강,50대,4.5,2,35100,일반,일반
블랙모어스,블랙모어스 프로폴리스 60정 트윈팩 (2개월분),종합케어,60대이상,4.8,806,29800,일반,일반
해피문데이,[패키지리뉴얼] 해피문데이 미오 이노시톨 데일리+ 4000 30포 (30일분),종합케어,40대,4.8,113,39900,일반,일반
디어퀸,디어퀸 미오 이노시톨 4000 30포 (1개월분),종합케어,50대,4.7,32,32900,일반,일반
닥터린,닥터린 콘드로이친 1200 맥스 60정 (60일분),종합케어,50대,5.0,239,18900,일반,일반
프롬바이오,프롬바이오 관절연골엔 보스웰리아 원데이 50포 (50일분),종합케어,20대,4.6,9,32400,일반,일반
핏타민,핏타민 이지팩 바나바리프 15정 (15일분),종합케어,60대이상,4.8,230,5900,일반,일반
아임오,아임오 그날 전 보라지유 100%,종합케어,40대,4.8,77,22400,일반,일반
비타슈넬,비타슈넬 칼마디 K 투엑스 PGA 30포 (1개월분),종합케어,30대,5.0,75,35700,일반,일반
센토메가,센토메가 초임계 알티지 오메가3 데일리 30캡슐 (1개월분),혈관케어,40대,5.0,21,15500,일반,일반
슬리플러스,슬리플러스 슬리핑보틀 100ml 6개입,종합케어,50대,4.6,999,23000,일반,일반
닥터브라이언,닥터브라이언 슈퍼브레인 PS & 징코 800 플러스 30캡슐 (15일분),종합케어,30대,5.0,21,15900,일반,일반
정관장,정관장 에브리타임 맥스 1포,종합케어,40대,4.9,552,1750,일반,일반
닥터브라이언,닥터브라이언 비오틴 구미 5000 복숭아맛 100구미 X 에스더버니 패키지,종합케어,30대,4.9,999,14900,일반,일반
네추럴라이즈,네추럴라이즈 간건강 활력 밀크씨슬 180정 (6개월분),종합케어,50대,4.9,7,26010,일반,일반
네추럴라이즈,네추럴라이즈 간건강 활력 밀크씨슬 데일리 30정 (1개월분),종합케어,30대,0.0,0,13900,일반,일반
네추럴라이즈,네추럴라이즈 프리미엄 맥주효모 비오틴 120정 (4개월분),종합케어,60대이상,4.9,26,21000,일반,일반
네추럴라이즈,네추럴라이즈 이뮨 알로에 젤리스틱 14포 (14일분),종합케어,20대,4.7,52,9900,일반,일반
네추럴라이즈,네추럴라이즈 포스파티딜세린 징코 맥스 60캡슐 (1개월분),종합케어,40대,5.0,2,38000,일반,일반
네추럴라이즈,네추럴라이즈 위건강 30정 (1개월분),종합케어,60대이상,5.0,9,11890,일반,일반
네추럴라이즈,네추럴라이즈 파워 마그네슘 100정 (100일분),종합케어,30대,5.0,11,17900,일반,일반
네추럴라이즈,네추럴라이즈 비 프로폴리스 리퀴드 30ml (1개월분),종합케어,30대,4.8,18,13140,일반,일반
네추럴라이즈,네추럴라이즈 관절연골엔 소연골 콘드로이친 뮤코다당단백 1200 60정 (1개월분),종합케어,60대이상,5.0,4,17900,일반,일반
스포식스,[증정] 뉴케어 스포식스 크레아틴 퓨어 3000 300g,종합케어,40대,4.5,6,19900,일반,일반
뉴트리원라이프,뉴트리원라이프 면역&프로폴리스 30캡슐 (1개월분),종합케어,50대,4.8,23,13000,일반,일반
주당의비결,주당의비결 스틱 젤리 10포 (10일분),종합케어,60대이상,3.5,4,22900,일반,일반
주당의비결,주당의비결 6정 (3회분),종합케어,30대,4.4,16,5500,일반,일반
에스더포뮬러,[국민영양] 여에스더 초임계 알티지 오메가3 30캡슐 (1개월분),혈관케어,50대,4.8,999,9700,일반,일반
에스더포뮬러,[국민영양] 여에스더 혈당케어 포뮬러 30캡슐 (1개월분),종합케어,60대이상,4.9,614,9700,일반,일반
데일리,데일리 젤리스틱 알로에 이뮨 14포 (14일분),종합케어,30대,5.0,59,16900,일반,일반
데일리,데일리 젤리스틱 알로에 이뮨 & 슈가컷 14포 (14일분),종합케어,20대,5.0,87,22800,일반,일반
종근당,종근당 이뮨 듀오 멀티비타 칼마디 7개입 (7일분),종합케어,30대,5.0,2,19710,일반,일반
종근당,종근당 활력 관절 보환 30개입 (1개월분),종합케어,20대,0.0,0,28310,일반,일반
마더네스트,마더네스트 상어연골 칼슘 90캡슐 (1개월분),종합케어,30대,0.0,0,52100,일반,일반
프롬바이오,프롬바이오 마그네슘 60정 (2개월분),종합케어,40대,5.0,8,14310,일반,일반
FH PRO,[김강민선수 공동개발] FH PRO 스트롱 패스트 에너지 이뮨샷 10병입 (10일분),종합케어,50대,4.8,4,27900,일반,일반
네이처드림,[NEW]네이처드림 식물성 멜라토닌 함유 멜라템포 30정 (1개월분),종합케어,50대,5.0,15,12900,일반,일반
프롬바이오,프롬바이오 루테인 아이구미 블루베리맛 14구미 (1주분),눈건강,30대,4.9,55,9500,일반,일반
블랙모어스,블랙모어스 엽산 500 90정 (3개월분),종합케어,60대이상,5.0,3,15950,일반,일반
락티브,락티브 식물성 멜라토닌 함유 웰니스 나이트 90정 (3개월분),종합케어,50대,4.8,140,25890,일반,일반
휴럼,휴럼 아이편안 루테인지아잔틴 30캡슐 (1개월분),눈건강,30대,5.0,5,12000,일반,일반
비타민하우스,비타민하우스 식물성 멜라토닌 함유 스피드 멜라온 액상 14포(14일분),종합케어,30대,4.8,54,9050,일반,일반
고려은단,고려은단 루테인 지아잔틴 아스타잔틴 60캡슐 (2개월분),눈건강,40대,4.7,125,22900,일반,일반
메디트리,메디트리 칼슘 마그네슘 아연 플러스 비타민D 180정 (6개월분),종합케어,50대,0.0,0,18530,일반,일반
메디트리,메디트리 관절엔 소연골 뮤코다당단백 콘드로이친 30정 (15일분),종합케어,60대이상,5.0,10,9900,일반,일반
뉴오리진,뉴오리진 알티지 오메가3 60캡슐 (1개월분),혈관케어,50대,5.0,4,21900,일반,일반
에스더포뮬러,[키링증정/1+1더블기획] 여에스더 초임계 알티지 오메가3 파워퍼프걸 에디션 (총 2개월분),혈관케어,40대,4.8,999,17800,일반,일반
프롬바이오,[이준혁PICK] 프롬바이오 위건강엔 매스틱 선물세트 30포*3개입 (3개월분),종합케어,30대,4.7,89,150000,일반,일반
종근당건강,프로메가 알티지 오메가3 듀얼 30캡슐 트리플 기획 (45일분),혈관케어,50대,4.9,49,34800,일반,일반
뉴트리코어,뉴트리코어 아연 60정 5병 (10개월분),종합케어,20대,0.0,0,156000,일반,일반
랩온랩,랩온랩 K2 히말라야 숙취해소제 30정,종합케어,60대이상,4.9,9,21100,일반,일반
위아바임,위아바임 테아닌 릴렉스 젤리 14포 (14일분),종합케어,40대,5.0,148,24900,일반,일반
데일리,데일리X주토피아 젤리스틱 알로에 이뮨 & 슈가컷 14포*2박스 (4주분),종합케어,20대,4.8,93,39900,일반,일반
콴첼,콴첼 철갑상어&소연골 뮤코다당단백 콘드로이친+K2 60정 (1개월분),종합케어,30대,4.9,32,22800,일반,일반
8APM,8APM 딥 나잇 멜라시럽 12ml 20포 (20일분),종합케어,20대,5.0,78,29800,일반,일반
마미앤대디,마미앤대디 비건 칼마디 K2 (칼슘 마그네슘 비타민D 비타민K2 망간) 60정 (1개월분),종합케어,40대,5.0,26,25900,일반,일반
정관장,정관장 에브리타임 맥스(10ml*10포),종합케어,60대이상,4.9,405,17500,일반,일반
닥터슈퍼칸,닥터슈퍼칸 밀크씨슬&이뮨샷 7병 (7일분),종합케어,40대,0.0,0,23600,일반,일반
세레비,세레비 로사놀 30정 (1개월분),종합케어,60대이상,0.0,0,29800,일반,일반
닥터언,닥터언 포스파티딜세린 15포 (15일분),종합케어,60대이상,0.0,0,30000,일반,일반
하이뮨,하이뮨 오메가3 rTG 60캡슐 (1개월분),혈관케어,40대,4.9,58,17630,일반,일반
가든오브라이프,가든오브라이프 유기농 타블렛 밀크씨슬 30정(1개월분),종합케어,60대이상,5.0,7,37059,일반,일반
가든오브라이프,가든오브라이프 여성추천기획 (철분 30정 + 비타민D 60정 + 밀크씨슬 30정),종합케어,20대,0.0,0,134000,일반,일반
가든오브라이프,가든오브라이프 유기농 칼슘 60정 (1개월분),종합케어,30대,5.0,4,39000,일반,일반
가든오브라이프,가든오브라이프 유기농 철분 30정 (1개월분),종합케어,30대,4.9,20,41125,일반,일반
가든오브라이프,가든오브라이프 유기농 엽산 60정 (2개월분),종합케어,20대,4.8,32,16125,일반,일반
가든오브라이프,가든오브라이프 유기농 타블렛 밀크씨슬 30정 X 2개 선물세트 (2개월분),종합케어,60대이상,5.0,7,74118,일반,일반
스키니랩,스키니랩 비움 차전자피 인절미맛 14포 x 1박스,종합케어,40대,4.7,20,15900,일반,일반
셀렉스,셀렉스 테아닌 60캡슐 (1개월분),종합케어,30대,4.8,24,24900,일반,일반
셀렉스,셀렉스 마그네슘 60정 (1개월분),종합케어,20대,4.8,8,17900,일반,일반
셀렉스,셀렉스 밀크씨슬 30정 (1개월분),종합케어,40대,4.9,17,11900,일반,일반
셀렉스,셀렉스 루테인 30캡슐 (1개월분),눈건강,20대,4.7,35,12000,일반,일반
셀렉스,셀렉스 액상비타민 릴렉스 샷 스트레스 케어 (22.5g x 7입 / 28입 택1),종합케어,60대이상,4.9,18,20900,일반,일반
한삼인,한삼인 진한홍삼스틱 30포 1세트 (30일분),종합케어,30대,4.7,7,39900,일반,일반
한삼인,한삼인 진한홍삼 흑염소진액 1세트 (30일분),종합케어,50대,5.0,15,35000,일반,일반
한삼인,한삼인 홍삼침향환골드 100환 1세트 (100일분) + 쇼핑백,종합케어,40대,4.8,31,72000,일반,일반
한삼인,[박보영PICK] 한삼인 홍삼진 기운담은선물세트 1세트 + 쇼핑백,종합케어,60대이상,5.0,183,38500,일반,일반
한삼인,한삼인 산삼배양근본 16병 1세트 (16일분) + 쇼핑백,종합케어,40대,4.8,5,50000,일반,일반
한삼인,한삼인 기력보감스틱 28포 1세트 (28일분) + 쇼핑백,종합케어,20대,5.0,8,40000,일반,일반
한삼인,한삼인 홍삼정프라임S 240g (80일분) + 쇼핑백,종합케어,50대,5.0,2,189000,일반,일반
한삼인,한삼인 나를위한 콜라겐비오틴 1세트 (30일분),종합케어,50대,5.0,9,48800,일반,일반
한삼인,한삼인 잘잠 15병 1세트 (15일분),종합케어,50대,0.0,0,68000,일반,일반
한삼인,한삼인 홍삼정스틱 액티브 32포 (32일분) + 쇼핑백,종합케어,60대이상,0.0,0,41500,일반,일반
한삼인,한삼인 홍삼정스틱 밸런스 32포 (32일분) + 쇼핑백,종합케어,30대,0.0,0,58500,일반,일반
베스처,베스처 루테인 플러스 오메가3 멀티비타민 앤 미네랄 60캡슐 (2개월분),눈건강,60대이상,0.0,0,15900,일반,일반
한삼인,한삼인 홍삼 대보선물세트 1호(16병) 1세트 (16일분) + 쇼핑백,종합케어,50대,5.0,4,24900,일반,일반
한삼인,한삼인 홍삼진 천지옥고 6병 1세트 + 쇼핑백,종합케어,30대,5.0,2,50000,일반,일반
한삼인,한삼인 기력보감 진액 30포 1세트 (1개월분) + 쇼핑백,종합케어,50대,5.0,2,43400,일반,일반
나우푸드,나우푸드 포스파티딜세린 두뇌엔 PS 300mg 60정 (1개월분),종합케어,60대이상,5.0,3,35000,일반,일반
나우푸드,[선물박스] 나우푸드 포스파티딜세린 두뇌엔 PS 300mg 60정 2박스 (2개월분),종합케어,50대,5.0,1,66000,일반,일반
가든오브라이프,가든오브라이프 유기농 타블렛 비오틴 30정*2개입 선물세트 (2개월분),종합케어,20대,4.9,21,84000,일반,일반
한삼인,한삼인 홍삼정 이뮨 부스터 7개입 (7일분) + 쇼핑백,종합케어,30대,0.0,0,45000,일반,일반
덴프스,덴프스 마그네슘 프로 1/2/3박스 (1/2/3개월분),종합케어,30대,5.0,1,23400,일반,일반
푸드올로지,[1등 유산균] 콜레올로지 컷 다이어트 유산균 14/20캡슐 (7/10일분),장건강,20대,4.6,999,18500,일반,일반
지노마스터,[포켓몬 에디션] 지노마스터 질유산균 30캡슐 (+포켓몬 카드케이스 증정) (30일분) (OY단독),장건강,30대,4.9,999,26900,일반,일반
프로뉴트리션,프로뉴트리션 듀얼플랜 다이어트 유산균 14포,장건강,60대이상,4.4,188,35800,일반,일반
덴프스,[포켓몬 에디션] 덴마크 유산균이야기 30캡슐 1+1 (+꼬부기 러기지택) (60일분),장건강,50대,4.9,999,30400,일반,일반
락토핏,락토핏 골드 패밀리팩 130포 (130일분)(RE),장건강,20대,4.9,9,28900,일반,일반
락토핏,[포켓몬 에디션] 락토핏 골드 트리플 기획 (+피카츄 런치백) (3개월분),장건강,30대,4.9,999,22900,일반,일반
덴프스,[덴프스] 덴마크 유산균이야기 우먼 2개월분(질유산균) + 철분 헤모케어 3포 증정,장건강,30대,4.9,999,37050,일반,일반
뉴오리진,[호빵맨콜라보] 이너플로라 질유산균 60캡슐+호빵맨 스티커 / 이노시톨콜린 30포,장건강,20대,4.9,999,39900,일반,일반
아이힐,아이힐 비너스 유산균 30캡슐 (+6캡슐) (OY단독) (1개월분),장건강,40대,4.9,999,29900,일반,일반
락토핏,락토핏 슬림 30포/더블기획 (15일/30일분),장건강,60대이상,4.8,999,19900,일반,일반
지노마스터,[올영단독] 지노마스터 질유산균 70캡슐 (70일분),장건강,20대,4.9,100,59000,일반,일반
덴프스,[덴마크 직수입] 덴프스 덴마크 유산균이야기 3/6박스 (6/12개월분),장건강,40대,4.9,265,89000,일반,일반
비에날씬,BNR17 다이어트 유산균 비에날씬 슬림+ 14포 (2주분),장건강,30대,4.7,999,27930,일반,일반
뉴오리진,뉴오리진 이너플로라 60캡슐 기획(+ 이노시톨 3포 증정)(2개월분),장건강,30대,4.7,14,39900,일반,일반
지노마스터,지노마스터 퀵 질유산균 1개월분 (30포),장건강,50대,4.9,283,30900,일반,일반
피토틱스,피토틱스 한국인 질유래 유산균 옐로우 1box (30캡슐/1개월분),장건강,60대이상,4.8,999,19500,일반,일반
바이오코어유산균,CJ 바이오코어 건강한 생유산균 100억 30포+10포 기획 (40일분),장건강,50대,4.8,999,29900,일반,일반
것시스,[다이어트 유산균] 것시스 다이어트 B프로 14캡슐 (14일분) / 체지방CUT,장건강,20대,5.0,999,18910,일반,일반
락토핏,락토핏 골드 30포 (1개월분),장건강,20대,4.9,999,8500,일반,일반
바이오코어유산균,CJ 바이오코어 피부면역유산균 100억 30+10포 / 30캡슐,장건강,30대,4.8,999,27900,일반,일반
덴프스,[포켓몬 에디션] 덴프스 유산균이야기 다이어트 14캡슐 기획 (+피카츄 러기지택) (14일분) (OY단독),장건강,50대,5.0,999,23600,일반,일반
빌드,[비피더스균] 빌드 면역앤 유산균 30포 (1개월분),장건강,50대,5.0,999,14900,일반,일반
덴프스,[덴마크 직수입]덴프스 덴마크 유산균이야기 30캡슐(1개월분),장건강,50대,4.8,999,23000,일반,일반
락토핏,락토핏 코어 30포 (1개월분),장건강,50대,4.9,999,9900,일반,일반
바이오리브,바이오리브 킬팻 다이어트 유산균 60캡슐 (1개월분),장건강,50대,4.0,9,41600,일반,일반
바이오코어유산균,[화사 PICK] CJ 바이오코어 구강유산균 30정,장건강,40대,4.8,517,16900,일반,일반
비비랩,비비랩 더블유 이너케어 50억 보장 질 유래 유산균 30캡슐 (1개월분),장건강,50대,4.8,999,16900,일반,일반
엘레나,엘레나 UREX 프로바이오틱스 15캡슐,장건강,60대이상,4.7,999,15210,일반,일반
라엘,라엘 밸런스 질 건강 리스펙타 프로바이오틱스 액티브 30포 (1개월분),장건강,50대,4.9,147,29900,일반,일반
바이오코어유산균,[OY단독] CJ 바이오코어 피부면역유산균 30포 (+20포 증정기획) (25일분),장건강,40대,4.8,999,27900,일반,일반
바이오코어유산균,CJ 바이오코어 피부면역유산균 100억 30캡슐 (1개월분),장건강,40대,4.9,312,27900,일반,일반
지노마스터,지노마스터 질유산균/엽산/철분 2종 선물세트 (2개월분),장건강,60대이상,3.6,5,37300,일반,일반
그린몬스터,[50억 보장] 그린몬스터 이너블라썸 질 유래 유산균 30캡슐 (1개월분),장건강,40대,4.9,999,17640,일반,일반
에스더포뮬러,[올영특가] 여에스더 유산균 화이트 30캡슐 (1개월분),장건강,60대이상,4.8,411,14900,일반,일반
씨제이웰케어,CJ웰케어 장건강 유산균 30캡슐 (30일분) (OY단독),장건강,60대이상,4.8,296,5900,일반,일반
세노비스,세노비스 수퍼바이오틱스 30캡슐 (1개월분),장건강,20대,4.9,999,38000,일반,일반
세노비스,세노비스 키즈 수퍼바이오틱스 30포 (1개월분),장건강,30대,4.9,139,38000,일반,일반
세노비스,세노비스 수퍼바이오틱스 더블 기획 (30캡슐+30캡슐),장건강,50대,4.9,999,49900,일반,일반
세노비스,세노비스 슈퍼바이오틱스+철분 30캡슐 (1개월분),장건강,50대,4.8,576,41000,일반,일반
세노비스,세노비스 수퍼바이오틱스 60캡슐 (2개월분),장건강,40대,4.9,999,47600,일반,일반
세노비스,세노비스 키즈 수퍼바이오틱스 더블 기획 (30포+30포),장건강,60대이상,4.9,139,76000,일반,일반
종근당건강,종근당건강 프리바이오틱스 30포 (1개월분),장건강,50대,4.8,999,15900,일반,일반
뉴트리원라이프,뉴트리원라이프 프리미엄 프리바이오틱스 30포 (1개월분),장건강,30대,4.8,209,12800,일반,일반
뉴트리원라이프,뉴트리원라이프 프로&프리바이오틱스 30포 (1개월분),장건강,30대,4.7,203,14800,일반,일반
비비랩,비비랩 저분자콜라겐 유산균 50포 (25일분),장건강,30대,4.8,361,13900,일반,일반
세노비스,세노비스 프로바이오틱스 데일리 30포 (1개월분),장건강,30대,4.7,999,12900,일반,일반
블랙모어스,블랙모어스 장 건강 프로바이오틱스 플러스 100억 유산균 30캡슐 (1개월분),장건강,60대이상,4.8,339,27500,일반,일반
블랙모어스,블랙모어스 장 건강 프로바이오틱스 플러스 100억 유산균 30캡슐+30캡슐 (2개월분),장건강,20대,4.8,339,53900,일반,일반
바이탈뷰티,[청포도맛] 바이탈뷰티 녹차에서 온 유산균 (60일),장건강,60대이상,4.4,60,18620,일반,일반
데이즈온,데이즈온 오한진 프리바이오틱스 FOS 트리플 30포 (1개월분),장건강,20대,4.8,414,13140,일반,일반
이너랩,셀트리온 이너랩 면역 & 뼈건강 50억 유산균 30포 (1개월분),장건강,20대,4.8,28,17960,일반,일반
고려은단,고려은단 신바이오틱스 프로바이오틱스&프리바이오틱스 30포 (1개월분),장건강,40대,4.8,438,13900,일반,일반
락티브,락티브 시크릿 유산균 20입 (20일분),장건강,60대이상,4.9,999,14900,일반,일반
락티브,락티브 시크릿케어 유산균 120캡슐 (4개월분),장건강,60대이상,4.9,999,99000,일반,일반
락티브,락티브 프로바이오틱스 패밀리 유산균 120캡슐 (4개월분),장건강,60대이상,5.0,999,91900,일반,일반
에치와이,에치와이 야쿠르트 프로바이오틱스 60포 (60일분),장건강,30대,4.8,999,21280,일반,일반
락티브,"락티브 유산균 (4개월분) (패밀리, 시크릿케어 중 택1)",장건강,30대,4.9,999,91900,일반,일반
락토핏,락토핏 솔루션1 (둔감한 장) (30일분),장건강,50대,4.7,382,21900,일반,일반
락토핏,락토핏 솔루션1 (둔감한 장)/락토핏 솔루션 2 (예민한 장) 2개 중 택1  (30일분),장건강,20대,4.7,999,21900,일반,일반
락토핏,락토핏 솔루션2 (예민한 장) (30일분),장건강,40대,4.8,654,29900,일반,일반
락토톡,락토톡 생유산균 +C 60포 (2개월분),장건강,50대,4.8,33,13740,일반,일반
락토핏,락토핏 이브 30포 (15일분),장건강,50대,4.8,943,11900,일반,일반
락토핏,락토핏 슬림 30포 (15일분),장건강,50대,4.8,999,12900,일반,일반
락토핏,락토핏 베베 60포 (2개월분),장건강,20대,4.9,122,25900,일반,일반
락토핏,락토핏 키즈 60포  (2개월분),장건강,50대,4.8,236,17900,일반,일반
락토핏,락토핏 맘스 60포 (2개월분),장건강,50대,4.9,217,32900,일반,일반
락토핏,락토핏 뷰티 30포 (15일분),장건강,30대,4.7,537,16900,일반,일반
에치와이,에치와이 야쿠르트 프로바이오틱스 30포 (30일분),장건강,50대,4.8,999,14000,일반,일반
바이오코어유산균,CJ BYOCORE 데일리 유산균 30포 (1개월분),장건강,50대,4.8,999,11000,일반,일반
뉴오리진,[질유산균] 유한건강생활 덴마크 이너플로라 유산균 UREX프로바이오틱스,장건강,40대,4.8,999,72000,일반,일반
라엘,라엘 밸런스 질건강 리스펙타 프로바이오틱스 30캡슐 (30일분),장건강,50대,4.6,111,55000,일반,일반
엔젯오리진,엔젯오리진 오랄 오리진 프로바이오틱스 30정 (30일분),장건강,30대,4.8,8,24900,일반,일반
바이오가이아,바이오가이아 프로텍티스 이지 드롭 프로바이오틱스+비타민D 10ml (2개월분),장건강,20대,4.9,145,64100,일반,일반
바이오가이아,바이오가이아 프로텍티스 베이비 드롭 프로바이오틱스 5ml (1개월분),장건강,50대,4.9,60,42000,일반,일반
바이오가이아,바이오가이아 프로텍티스 프로바이오틱스 캡슐 30정 (30일분),장건강,20대,5.0,1,37200,일반,일반
바이오가이아,바이오가이아 프로텍티스 프로바이오틱스 비타민 D 타블렛 30정 (30일분),장건강,50대,4.3,24,39000,일반,일반
뉴오리진,[질유산균] 뉴오리진 이너플로라 트리플 선물세트 30캡슐 *3박스 (90일분),장건강,60대이상,4.8,999,72000,일반,일반
바이오코어유산균,[화사 PICK] CJ 바이오코어 다이어트 100억 유산균 단품(30캡슐) (1개월분),장건강,40대,4.8,173,39900,일반,일반
바이오코어유산균,CJ 바이오코어 이너케어 질건강 유산균 30+3캡슐 (단품/기획),장건강,30대,4.9,999,44900,일반,일반
메디트리,메디트리 포켓 치카 구강유산균 밸런스 30정(1개월분),장건강,30대,4.9,723,14130,일반,일반
덴프스,덴마크 유산균이야기 30캡슐 1+1기획 (+트루바이타민 3포 증정) (60일분),장건강,20대,4.8,999,40000,일반,일반
지노마스터,마스터바이옴 더블마스터 장앤스킨 피부유산균 1개월분,장건강,40대,4.7,387,34000,일반,일반
트루알엑스,트루알엑스 지노프로바이오틱스 리스펙타 여성 질건강 유산균 30캡슐 (30일분),장건강,20대,4.6,8,39000,일반,일반
그린몬스터,[20억 보장] 그린몬스터 혈당관리 유산균 하루 큐 30캡슐 (1개월분),장건강,60대이상,4.9,128,15900,일반,일반
위아바임,[여성 질 유산균] 위아바임 낙산균 프로바이오틱스 더블유 30포 (30일분),장건강,30대,4.9,117,24900,일반,일반
네추럴라이즈,네추럴라이즈 더 퍼펙트 100억 생 유산균 (60일분),장건강,60대이상,4.6,55,29900,일반,일반
네추럴라이즈,네추럴라이즈 포스트바이오틱스 유산균 꾸미 포도요거트 맛  (30일분),장건강,50대,4.9,150,14630,일반,일반
엘레뉴,엘레뉴 프로바이오틱스 30캡슐 (30일분),장건강,40대,5.0,36,34100,일반,일반
아이힐,아이힐 라인엔 유산균 (30일분),장건강,30대,4.8,31,34900,일반,일반
아이힐,아이힐 비너스 유산균 스틱 (30일분),장건강,30대,4.8,32,29900,일반,일반
아이힐,아이힐 키즈락 유산균 (30포),장건강,40대,5.0,21,25900,일반,일반
닥터아돌,닥터아돌 히알바이오틱스 질 유래 유산균 30개입 (30일분),장건강,60대이상,4.8,283,45000,일반,일반
엔젯오리진,엔젯오리진 모유유산균 100 30캡슐 (30일분),장건강,50대,5.0,13,18900,일반,일반
닥터아돌,닥터아돌 블랙 프로바이오틱스 30캡슐 (30일분),장건강,60대이상,4.2,10,31360,일반,일반
락토핏,락토핏 당케어 60포 (2개월분),장건강,30대,4.9,222,19900,일반,일반
에스더포뮬러,에스더포뮬러 닥터에스더 리스펙타 질유산균 30캡슐 (1개월분),장건강,60대이상,4.4,98,45500,일반,일반
피토틱스,피토틱스 레드 30포 1박스 (2주분),장건강,40대,5.0,7,18900,일반,일반
비피움,[비피더스 유산균]비피움 비쓰리 다이어트 28캡슐 (4주분),장건강,50대,4.9,238,53900,일반,일반
테일러,테일러라이프 프로바이오틱스 센서티브 유산균 30캡슐 (1개월분),장건강,30대,5.0,67,20300,일반,일반
락토핏,락토핏 다이어트 60포 (1개월분),장건강,50대,4.9,80,26900,일반,일반
바이오코어유산균,[화사 Pick] CJ BYOCORE 혈당케어 유산균 30캡슐 (1개월분),장건강,50대,4.6,13,40000,일반,일반
바이오코어유산균,CJ BYOCORE 건강한 생 유산균 키즈 300억 유산균 60포 (1개월분),장건강,20대,4.7,11,29500,일반,일반
이너랩,셀트리온 이너랩 365 와이케어 유산균 30캡슐 (1개월분),장건강,30대,4.7,193,11310,일반,일반
것시스,것시스 이지 픽 프로바이오틱스 30포 (1개월분) / 온 가족 데일리 유산균,장건강,60대이상,5.0,601,10450,일반,일반
것시스,"것시스 혈당 컷 프로 28캡슐 (28일분) / 혈당 유산균, 식후 혈당 케어",장건강,20대,5.0,3,21380,일반,일반
것시스,"것시스 이뮨 프로 28캡슐 (28일분) / 면역 유산균, 면역&장케어",장건강,60대이상,4.3,7,25560,일반,일반
메디트리,메디트리 덴마크 유산균 골드 30캡슐 (1개월분),장건강,30대,4.5,10,12510,일반,일반
트루락,트루락 키즈업 30포,장건강,60대이상,5.0,4,26000,일반,일반
지노마스터,지노마스터 프라임 유산균 30캡슐 (1개월분),장건강,60대이상,4.8,27,37500,일반,일반
네추럴라이즈,네추럴라이즈 노티드 포스트바이오틱스 유산균 꾸미 60개 (1개월분),장건강,20대,4.9,221,16910,일반,일반
고려은단,고려은단 프로바이오틱스 유산균 스페셜핏 30캡슐 (1개월분),장건강,60대이상,4.7,26,16900,일반,일반
닥터아돌,닥터아돌 베이비 FeD 유산균 30포 (30일분),장건강,60대이상,4.0,10,29660,일반,일반
세노비스,세노비스 프로바이오틱스 데일리 30포 트윈세트 (2개월분),장건강,30대,4.7,999,44000,일반,일반
메디트리,메디트리 당케어 앤 유산균 60포 (2개월분),장건강,60대이상,4.3,3,16200,일반,일반
메디트리,메디트리 산양유 단백질 분말 스틱 30포 (1개월분),장건강,50대,4.5,14,9600,일반,일반
메디트리,메디트리 프로바이오틱스 액티브 30포 (1개월분),장건강,50대,4.9,25,6900,일반,일반
메디트리,메디트리 락토 프로바이오 생유산균17 아연 60포 (2개월분),장건강,30대,5.0,8,13020,일반,일반
가꾸기,가꾸기 피부케어 & 비피더스 유산균 15포 (15일분),장건강,20대,4.9,10,24900,일반,일반
가꾸기,가꾸기 피부케어 & 비피더스 유산균 30포 (1개월분),장건강,20대,4.9,10,45900,일반,일반
네츄럴굿띵스,네츄럴굿띵스 생생낙산균 프로바이오틱스 7포 (7일분),장건강,40대,5.0,699,7900,일반,일반
락티브,락티브 베이비 우리아이 첫 유산균 30포 (1개월분),장건강,30대,5.0,58,22600,일반,일반
대원제약,대원제약 면역 장대원 30포 (1개월분),장건강,60대이상,5.0,2,7130,일반,일반
대원제약,대원제약 유기농 장대원 30포 (1개월분),장건강,60대이상,0.0,0,19300,일반,일반
GNC,GNC 비피도 핏 다이어트 유산균 30캡슐 (1개월분),장건강,30대,5.0,35,35900,일반,일반
에스더포뮬러,에스더포뮬러 리스펙타 질유산균 15캡슐 (15일분),장건강,20대,4.4,643,19000,일반,일반
티트리트,티트리트 라이트 웰 30포 (1개월분),장건강,50대,4.9,23,11900,일반,일반
슬로우글로우,슬로우글로우 다이어트 유산균 30캡슐 (1개월분),장건강,30대,4.9,21,43500,일반,일반
키즈텐,키즈텐 유산균 프리미엄 4중기능성 100억 유산균 30포 (1개월분),장건강,30대,4.2,5,34400,일반,일반
키즈텐,키즈텐 아기 유산균 비타민D 드롭 10ml (2개월분),장건강,30대,4.9,18,27900,일반,일반
키즈텐,키즈텐 유산균 펀프로바이오틱스 3중기능성 30포 (1개월분),장건강,50대,5.0,2,24500,일반,일반
비타민하우스,비타민하우스 더블솔루션 (프리바이오틱스 100포+낙산균 프로바이오틱스 솔루션4 30포),장건강,50대,4.7,92,29750,일반,일반
영롱,영롱 이스트바이오틱스 키즈 30포 (1개월분),장건강,20대,5.0,24,38500,일반,일반
영롱,영롱 이스트바이오틱스 센서티브 30포 (1개월분),장건강,60대이상,5.0,52,44000,일반,일반
빌드,빌드 다이어트앤 유산균 30포 (1개월분),장건강,30대,5.0,111,35000,일반,일반
덴프스,덴프스 덴마크 유산균이야기 더마 28캡슐 (28일분),장건강,60대이상,4.9,79,38300,일반,일반
좋은버릇,좋은버릇 레디케어 질유래 유산균 60캡슐 (2개월분),장건강,40대,4.9,608,21900,일반,일반
리부트,리부트 유산균 젤리 27g*6포 (6일분),장건강,60대이상,5.0,525,20000,일반,일반
오늘부터,오늘부터 Y케어 질유래 유산균 30포 (1개월분),장건강,30대,0.0,0,11800,일반,일반
락토바이브,락토바이브 지노솔루션 스틱 30포 (1개월분),장건강,20대,0.0,0,46000,일반,일반
락토바이브,락토바이브 프로 30캡슐 (1개월분),장건강,40대,0.0,0,39000,일반,일반
락토바이브,락토바이브 패밀리 스틱 30포 (1개월분),장건강,60대이상,5.0,2,19000,일반,일반
좋은버릇,좋은버릇 참 유산균 파워맨 남성유산균 60캡슐 (2개월분),장건강,30대,5.0,2,21900,일반,일반
영롱,영롱 이스트바이오틱스 치지센 60캡슐 (1개월분),장건강,50대,5.0,26,44000,일반,일반
락토핏,[올영단독] 락토핏 슬림 30포 더블 기획 (+러기지택 증정) (1개월분),장건강,40대,4.8,999,19900,일반,일반
뉴트리코어,뉴트리코어 지엘플랜 GLPLAN 다이어트 유산균 & 혈당 케어 20포 (20일분),장건강,30대,4.0,1,36000,일반,일반
닥터린,닥터린 GLPLAN 지엘플랜 혈당 컷 & 다이어트 유산균 20캡슐 (20일분),장건강,30대,5.0,268,36000,일반,일반
그린스토어,그린스토어 우먼 프로바이오틱스 30캡슐 (1개월분),장건강,30대,0.0,0,32400,일반,일반
비타바이브,비타바이브 프로바이오틱스 앳나인 30포 (1개월분) (온),장건강,40대,5.0,4,33300,일반,일반
캔틴나인,"캔틴나인 서퍼데이, 더블유30정  (1개월분/W케어 질유산균)",장건강,30대,5.0,6,26700,일반,일반
설당프리,설당프리 GL PURE 프리미엄 케어 프로바이오틱스 30캡슐 (30일분),장건강,50대,4.8,5,48000,일반,일반
바이오리브,바이오리브 100억 유산균 30캡슐 (1개월분),장건강,30대,4.2,39,15360,일반,일반
위타민,위타민 장당당 30캡슐 (30일분),장건강,60대이상,5.0,25,37000,일반,일반
마미앤대디,마미앤대디 아기 유산균 비타민D3 드롭 10ml (2개월분),장건강,20대,5.0,12,29000,일반,일반
마미앤대디,마미앤대디 이너 유산균 프로바이오틱스 30캡슐 (1개월분),장건강,30대,4.9,27,28410,일반,일반
마미앤대디,마미앤대디 키즈 생 유산균 프로바이오틱스 30포 (1개월분),장건강,20대,5.0,1,28410,일반,일반
닥터파이토,닥터파이토 비피아이 유산균 30포 (1개월분),장건강,50대,5.0,77,40500,일반,일반
컬처렐,컬처렐 데일리 프로바이오틱스 30캡슐 (1개월분),장건강,30대,5.0,230,19900,일반,일반
영롱,영롱 이스트바이오틱스 키즈 초코맛 30포 (1개월분),장건강,30대,0.0,0,38500,일반,일반
락토핏,락토핏 코어 60포 트리플 기획 (180일분),장건강,40대,5.0,2,43900,일반,일반
락토핏,락토핏 당케어 50포 트리플 기획 (150일분),장건강,20대,4.8,6,69900,일반,일반
락토핏,락토핏 당케어 30포 트리플 기획 (90일분),장건강,30대,5.0,1,37000,일반,일반
락토핏,락토핏 간케어 60포 (30일분),장건강,40대,5.0,3,29800,일반,일반
베러웨러,베러웨러 본질 프로바이오틱스 30캡슐 (1개월분),장건강,50대,5.0,15,28000,일반,일반
비오비타,비오비타 배배 60포 (2개월분),장건강,20대,5.0,1,38000,일반,일반
비오비타,비오비타 키즈 2g*60포 (2개월분),장건강,30대,0.0,0,30000,일반,일반
비오비타,비오비타 패밀리 미니정제 84정 (4주분),장건강,50대,5.0,20,16000,일반,일반
비오비타,비오비타 패밀리 60포 (2개월분),장건강,50대,5.0,10,38000,일반,일반
락토핏,락토핏 위케어 60포 (30일분),장건강,20대,0.0,0,24900,일반,일반
락토핏,락토핏 슈퍼슬림 30포 (30일분),장건강,20대,5.0,3,28900,일반,일반
락토핏,락토핏 골드 30포 트리플 기획 (90일분)(RE),장건강,50대,5.0,9,22900,일반,일반
락토핏,락토핏 코어 30포 (1개월분)(RE),장건강,30대,4.8,9,9900,일반,일반
드시모네,드시모네 키즈 스텝1 블루베리향 30포 1박스 (1개월분),장건강,60대이상,4.9,43,78000,일반,일반
드시모네,드시모네 2000 30포 1박스 (1개월분),장건강,30대,4.8,24,128000,일반,일반
드시모네,드시모네 곰돌이 츄어블 플러스 60정(1박스),장건강,50대,5.0,16,40000,일반,일반
덴프스,[선물세트] 덴프스 덴마크 유산균이야기 2박스/4개월분 +쇼핑백 증정,장건강,50대,4.9,327,79800,일반,일반
덴프스,[덴마크 직수입] 덴프스 덴마크 유산균이야기 6박스/12개월분,장건강,30대,4.9,265,176000,일반,일반
드시모네,드시모네 키즈 스텝1 사과향 30포 1박스 (1개월분),장건강,50대,5.0,23,78000,일반,일반
드시모네,드시모네 키즈 스텝1 사과향 30포 2박스 (2개월분),장건강,40대,5.0,23,146200,일반,일반
드시모네,드시모네 2000 30포 2박스 (2개월분),장건강,50대,4.8,24,224000,일반,일반
드시모네,드시모네 키즈 스텝1 사과향 30포 6박스 (6개월분),장건강,20대,5.0,23,477750,일반,일반
드시모네,드시모네 2000 30포 6박스 (6개월분),장건강,40대,4.8,24,784000,일반,일반
드시모네,드시모네 키즈 스텝1 블루베리향 30포 2박스 (2개월분),장건강,20대,4.9,43,146200,일반,일반
하이뮨,하이뮨 장엔 프로바이오틱스(2g*30포) (1개월분),장건강,20대,5.0,71,20700,일반,일반
드시모네,드시모네 365 포도향 30포 (1개월분),장건강,30대,4.0,1,40000,일반,일반
드시모네,드시모네 365 포도향 30포 X 3박스 (3개월분),장건강,40대,5.0,11,80000,일반,일반
드시모네,드시모네 365 포도향 30포 X 6박스 (6개월분),장건강,60대이상,4.0,1,180000,일반,일반
드시모네,드시모네 365 포도향 30포 X 12박스 (12개월분),장건강,20대,0.0,0,459000,일반,일반
드시모네,드시모네 365 캡슐 30캡슐 1/3박스 (1/3개월분),장건강,60대이상,5.0,13,40000,일반,일반
드시모네,드시모네 365 캡슐 30캡슐 X 3박스 (3개월분),장건강,40대,5.0,7,106660,일반,일반
드시모네,드시모네 365 캡슐 30캡슐 X 6박스 (6개월분),장건강,50대,5.0,1,180000,일반,일반
비에날씬,BNR17 비에날씬 60캡슐x3박스(3개월분),장건강,20대,4.7,251,198000,일반,일반
비에날씬,BNR17 다이어트유산균 비에날씬 60캡슐 (1개월분),장건강,60대이상,4.7,251,89100,일반,일반
비에날씬,BNR17 다이어트유산균 비에날씬프로 30캡슐 (1개월분),장건강,20대,4.8,85,89100,일반,일반
비에날씬,BNR17 다이어트유산균 비에날씬프로 30캡슐 x 3박스 (3개월분),장건강,60대이상,4.8,85,208000,일반,일반
비에날씬,BNR17 다이어트유산균 비에날씬플러스 30포x3박스 (3개월분),장건강,20대,4.7,26,208000,일반,일반
비에날씬,BNR17 다이어트유산균 비에날씬플러스 30포 (1개월분),장건강,40대,4.7,26,89100,일반,일반
비에날씬,BNR17 갱년기유산균 비에날퀸 60캡슐 (1개월분),장건강,60대이상,4.8,6,110000,일반,일반
비에날씬,BNR17 비에날퀸 60캡슐x3박스(3개월분),장건강,40대,4.6,20,229000,일반,일반
비에날씬,BNR17 밀크씨슬유산균 비에날간케어 60캡슐 (1개월분),장건강,60대이상,5.0,4,48000,일반,일반
비에날씬,BNR17 키즈유산균 비에날키즈 60정 (1개월분),장건강,20대,4.9,39,39000,일반,일반
덴프스,[덴마크 직수입] 덴프스 덴마크 유산균이야기 키즈 1/2/3박스 (1/2/3개월분),장건강,30대,4.9,27,28800,일반,일반
비에날씬,BNR17 다이어트유산균 비에날씬 60캡슐*6박스 (6개월분),장건강,40대,4.7,251,388000,일반,일반
비에날씬,BNR17 다이어트유산균 비에날씬플러스 30포*6박스 (6개월분),장건강,60대이상,4.7,26,384230,일반,일반
드시모네,드시모네 키즈 스텝1 딸기향 30포 1박스 (1개월분),장건강,40대,4.9,46,78000,일반,일반
드시모네,드시모네 키즈 스텝1 딸기향 30포 2박스 (2개월분),장건강,60대이상,4.9,46,146200,일반,일반
드시모네,드시모네 키즈 스텝1 딸기향 30포 6박스 (6개월분),장건강,50대,4.9,46,477750,일반,일반
드시모네,드시모네 프라임 60포 1박스 (보장균수 1000억) (2개월분),장건강,20대,4.9,62,120000,일반,일반
드시모네,드시모네 프라임 60포 6박스 (12개월분),장건강,40대,4.9,62,724500,일반,일반
드시모네,드시모네 베이비스텝1 30포 1박스 (1개월분),장건강,30대,5.0,104,38000,일반,일반
드시모네,드시모네 베이비스텝1 30포 2박스 (2개월분),장건강,30대,5.0,104,76000,일반,일반
드시모네,드시모네 베이비스텝1 30포 6+1박스 (7개월분),장건강,50대,5.0,104,232750,일반,일반
드시모네,드시모네 베이비스텝2 30포 1박스 (1개월분),장건강,60대이상,4.9,100,48000,일반,일반
드시모네,드시모네 베이비스텝2 (30포*2박스 / 30포*6+1박스),장건강,30대,4.9,100,96000,일반,일반
드시모네,드시모네 베이비스텝2 30포 6+1박스 (7개월분),장건강,40대,4.9,100,294000,일반,일반
덴프스,[덴마크 직수입] 덴프스 덴마크 유산균이야기 1/3/6박스 (2/6/12개월분) +증정품(3박스 구매 시),장건강,60대이상,4.9,323,35700,일반,일반
덴프스,[선물세트] 덴프스 덴마크 유산균이야기 3박스/6개월분 +쇼핑백 증정,장건강,50대,3.7,3,89900,일반,일반
VSL3,VSL3 키즈크림향 1.5g*30포 (30일분),장건강,60대이상,5.0,19,58000,일반,일반
피토틱스,피토틱스 한국인 질유래 유산균 옐로우 3box (90캡슐/3개월분),장건강,20대,4.8,999,58500,일반,일반
피토틱스,피토틱스 한국인 질유래 유산균 옐로우 2box (60캡슐/2개월분),장건강,20대,4.8,999,39000,일반,일반
래디웰,래디웰 프로바이오틱스 밸런스 10캡슐*3병 (30일분),장건강,20대,4.9,16,27000,일반,일반
드시모네,드시모네 캡슐플러스 1박스 (60캡슐),장건강,40대,5.0,15,98000,일반,일반
스키니랩,스키니랩 질유래 50억유산균 시크릿 프로바이오틱스 30캡슐 1박스 (30일분),장건강,30대,4.9,47,21500,일반,일반
덴프스,덴프스 덴마크 유산균이야기 우먼 2/3박스 (4개월/6개월분) +증정: 트루바이타민 12포,장건강,30대,4.9,52,71900,일반,일반
덴프스,덴프스 덴마크 유산균이야기 우먼 3박스/6개월분 +트루바이타민12포,장건강,50대,4.9,52,107850,일반,일반
래디웰,래디웰 프로바이오틱스 센시티브 10캡슐*3병 (30일분),장건강,20대,5.0,5,27000,일반,일반
래디웰,래디웰 프로바이오틱스 클리어런스 10캡슐*3병 (30일분),장건강,20대,4.5,21,27000,일반,일반
GNM자연의품격,GNM 50억 보장 장 건강해질 유산균 1박스 / 질 유래 유산균,장건강,20대,4.6,16,17900,일반,일반
GNM자연의품격,GNM 100억 유산균 60캡슐 1박스(2개월분),장건강,20대,4.9,61,21900,일반,일반
한삼인,한삼인 나를위한 신바이오틱스 1세트 (30일분),장건강,50대,5.0,4,24800,일반,일반
GNM자연의품격,GNM 100억 유산균 60캡슐 2박스 (4개월분),장건강,60대이상,4.9,91,40900,일반,일반
GNM자연의품격,GNM 10억 생 유산균 + 프리바이오틱스 30포 (1개월분),장건강,20대,4.9,13,13900,일반,일반
GNM자연의품격,GNM 프로바이오틱스 플러스 30캡슐 4박스 (4개월분),장건강,30대,4.5,12,19900,일반,일반
뉴트리디데이,뉴트리디데이 슈퍼 바이탈 100억 유산균 90캡슐 (3개월분),장건강,40대,4.9,26,25900,일반,일반
VSL3,VSL3 오리지널 30포 2박스 (60일분),장건강,20대,4.8,5,276000,일반,일반
VSL3,VSL3 오리지널 30포 (30일분) & VSL 밸런스 60캡슐 (60일분),장건강,40대,4.9,18,246000,일반,일반
VSL3,VSL3 밸런스 60캡슐 2개입 (120일분),장건강,40대,5.0,13,216000,일반,일반
VSL3,VSL3 오리지널 4.4g*30포 (30일분),장건강,30대,4.9,7,138000,일반,일반
VSL3,VSL3 밸런스 580mg*60캡슐 (60일분),장건강,30대,5.0,15,108000,일반,일반
비에날씬,BNR17 갱년기유산균 비에날퀸 60캡슐*6박스 (6개월분),장건강,20대,4.7,23,399000,일반,일반
내츄럴플러스,내츄럴플러스 에버핏 편안해질 유산균 30캡슐 3박스 + 유기농 화장솜 원형 100매 1개 증정,장건강,20대,4.8,6,33300,일반,일반
내츄럴플러스,내츄럴플러스 에버핏 편안해질 유산균 30캡슐 2박스 (2개월분),장건강,40대,4.8,6,23500,일반,일반
내츄럴플러스,내츄럴플러스 간케어 앤 유산균 30정 3박스 / 밀크씨슬 프로바이오틱스 식물성캡슐,장건강,20대,0.0,0,27900,일반,일반
내츄럴플러스,내츄럴플러스 간케어 앤 유산균 30정 2박스 (2개월분),장건강,30대,0.0,0,19900,일반,일반
내츄럴플러스,내츄럴플러스 굿앤키즈 맛있는 생유산균 30포 3박스 (3개월분),장건강,20대,5.0,2,20300,일반,일반
내츄럴플러스,내츄럴플러스 굿앤키즈 유산균 츄어블 프로바이오틱스 아연 60정 3박스 (6개월분),장건강,50대,5.0,5,22500,일반,일반
내츄럴플러스,내츄럴플러스 굿앤키즈 유산균 츄어블 프로바이오틱스 아연 60정 2박스 (4개월분),장건강,40대,5.0,5,16300,일반,일반
내츄럴플러스,[6개월분] 굿앤키즈 10억 생유산균 면역비타민D 60포 3통,장건강,30대,0.0,0,38300,일반,일반
내츄럴플러스,[4개월분] 굿앤키즈 10억 생유산균 면역비타민D 60포 2통,장건강,60대이상,0.0,0,27300,일반,일반
메노락토,메노락토 프로 15포 (15일분),장건강,50대,5.0,4,34500,일반,일반
메노락토,메노락토 프로바이오틱스 90캡슐 (3개월분) + 전용쇼핑백 증정,장건강,60대이상,5.0,10,119900,일반,일반
메노락토,메노락토 프로바이오틱스 30캡슐 (1개월분),장건강,50대,5.0,10,45900,일반,일반
메노락토,메노락토 프리미엄 90캡슐 (3개월분) + 전용쇼핑백 증정,장건강,40대,5.0,14,125000,일반,일반
메노락토,메노락토 프리미엄 30캡슐 (1개월분),장건강,40대,5.0,14,49900,일반,일반
세티밀,세티밀 여성 질 유래 유산균 30캡슐 (1개월분),장건강,30대,5.0,101,27900,일반,일반
세티밀,세티밀 여성 질 유래 유산균 30캡슐 3박스 (3개월분),장건강,60대이상,5.0,101,79900,일반,일반
세티밀,세티밀 여성 질 유래 유산균 30캡슐 6박스 (6개월분),장건강,20대,5.0,101,156000,일반,일반
닥터프로그램,닥터프로그램 베이비 유산균 올인원 플러스 30포 (1개월분),장건강,50대,5.0,1,38500,일반,일반
GNM자연의품격,GNM 100억 생유산균 비피더스 프로바이오틱스 1병 1개월분,장건강,50대,4.6,8,18900,일반,일반
나우푸드,나우푸드 프로바이오틱스-8 100억 30캡슐 (1개월분),장건강,60대이상,5.0,1,22000,일반,일반
나우푸드,[선물박스] 나우푸드 프로바이오틱스-8 100억 30캡슐 2박스 (2개월분),장건강,40대,5.0,1,38000,일반,일반
일양약품,일양약품 프라임 유산균 다이어트 플러스 30포 2박스 (2개월분),장건강,20대,5.0,9,23900,일반,일반
일양약품,일양약품 프라임 유산균 다이어트 플러스 30포 3박스 + 유기농 화장솜 원형 100매 1개 증정,장건강,30대,5.0,9,33300,일반,일반
내츄럴플러스,내츄럴플러스 체지방케어 다이어트 앤 유산균 30캡슐 1박스 (15일분),장건강,30대,4.0,1,11500,일반,일반
내츄럴플러스,내츄럴플러스 체지방케어 다이어트 앤 유산균 30캡슐 2박스 + 유기농 화장솜 원형 100매 1개 증정,장건강,30대,4.5,2,20900,일반,일반
내츄럴플러스,[비타민C 구미 포도맛 1봉 증정] 내츄럴플러스 프로바이오틱 혼합유산균 60캡슐 1박스 (2개월분),장건강,60대이상,5.0,2,18900,일반,일반
내츄럴플러스,[비타민C 구미 포도맛 2봉 증정] 내츄럴플러스 프로바이오틱 혼합유산균 60캡슐 2박스 (4개월분),장건강,50대,0.0,0,36900,일반,일반
내츄럴플러스,내츄럴플러스 혈당케어 앤 유산균 30캡슐 1박스 / 프로바이오틱스 바나바잎추출물 식물성캡슐,장건강,60대이상,5.0,2,11500,일반,일반
내츄럴플러스,내츄럴플러스 혈당케어 앤 유산균 30캡슐 2박스 (2개월분) / 프로바이오틱스 바나바잎추출물 식물성캡슐,장건강,50대,5.0,12,21000,일반,일반
가든오브라이프,가든오브라이프 원스 데일리 여성유산균 30캡슐 (1개월분),장건강,20대,4.8,24,46941,일반,일반
가든오브라이프,가든오브라이프 원스 데일리 여성유산균 30캡슐*2개입 선물세트 (2개월분),장건강,30대,4.8,24,92941,일반,일반
뉴네이처,뉴네이처 포스트바이오틱스 모유 유산균 30포 (1개월분),장건강,60대이상,0.0,0,14900,일반,일반
뉴네이처,[100억 CFU 보장] 뉴네이처 바이탈 프리미엄 프로바이오틱스 60캡슐 (2개월분),장건강,40대,4.7,6,23500,일반,일반
비피오,비피오 트루 유기농 키즈 100억 프로바이오틱스 30포 (1개월분),장건강,50대,3.0,1,28900,일반,일반
비피오,비피오 트루 비피더스 100 30캡슐 (1개월분),장건강,30대,4.9,76,28900,일반,일반
담백하루,담백하루 트랜짓 100억 유산균 30캡슐 (1개월분),장건강,30대,5.0,2,32300,일반,일반
덴프스,[덴마크 직수입] 덴프스 덴마크 유산균이야기 키즈 2박스/2개월분,장건강,40대,4.9,30,42000,일반,일반
덴프스,[덴마크 직수입] 덴프스 덴마크 유산균이야기 키즈 3박스/3개월분,장건강,60대이상,4.9,28,59000,일반,일반
GNM자연의품격,GNM 100억 비피더스 생유산균 프로바이오틱스 1박스,장건강,20대,3.0,2,26900,일반,일반
GNM자연의품격,GNM 100억 비피더스 생유산균 프로바이오틱스 2박스,장건강,40대,0.0,0,48800,일반,일반
덴프스,덴프스 덴마크 유산균이야기 프로 1/2/3박스 (2/4/6개월분),장건강,60대이상,4.8,5,43000,일반,일반
덴프스,덴프스 덴마크 유산균이야기 더마 2/3박스 (8/12주분),장건강,50대,0.0,0,84900,일반,일반
덴프스,덴프스 프리바이오틱스 이뮨 1/2/3박스 (1/2/3개월분),장건강,20대,0.0,0,24000,일반,일반
이너시아,이너시아 이뮨쎄나&이뮨샷 14일분(1.5gX14포 / 30mlX14샷),장건강,50대,5.0,37,72000,일반,일반
드시모네,드시모네 프라임 60포x2박스 (4개월분),장건강,60대이상,4.9,62,241500,일반,일반
듀오락,듀오락 데일리키즈 프로바이오틱스 60정 (1개월분),장건강,20대,5.0,56,33000,일반,일반
비타민하우스,비타민하우스 프리바이오틱스 100포 (100일분),장건강,50대,4.7,82,15000,일반,일반
데이즈온,데이즈온 오한진 프리바이오틱스 FOS 플러스 30포 (1개월분),장건강,40대,4.8,279,16900,일반,일반
자로우 포뮬러스,자로우 우먼즈 펨 도피러스 30캡슐 (1개월분),장건강,40대,4.8,999,30900,일반,일반
자로우 포뮬러스,자로우 우먼즈 펨 도피러스 60캡슐 (2개월분),장건강,60대이상,4.8,999,49900,일반,일반
자로우 포뮬러스,자로우 도피러스 EPS 이피에스 60캡슐 (2개월분),장건강,50대,4.8,209,35900,일반,일반
에치와이,[NEW]야쿠르트 팝핑 프로바이오틱스 (15입),장건강,40대,4.9,34,13900,일반,일반
에치와이,[NEW]야쿠르트 핏바이오틱스 (15입),장건강,50대,0.0,0,33100,일반,일반
바이오코어유산균,[부자유산균] CJ BYOCORE 건강한 500억 유산균 28캡슐,장건강,50대,4.8,243,49900,일반,일반
위아바임,[ 장 유산균] 위아바임 낙산균 프로바이오틱스 30포 (30일분),장건강,20대,4.9,181,24900,일반,일반
락피도,[100억CFU] 락피도 프로바이오틱스 슈퍼패스 60캡슐 (2개월분),장건강,20대,0.0,0,39000,일반,일반
뉴트리코어,뉴트리코어 여성을 위한 유산균 이너 프로바이오틱스 30포 (30일분),장건강,50대,4.9,27,50350,일반,일반
엔젯오리진,엔젯오리진 프로-17 바이오틱스 30캡슐 (1개월분),장건강,50대,4.5,11,13900,일반,일반
덴프스,덴프스 덴마크 유산균이야기 우먼 60캡슐 (+콜라겐스킨부스터 3포 증정기획) (2개월분),장건강,60대이상,4.9,999,49400,일반,일반
뉴트리원라이프,뉴트리원라이프 프로&프리바이오틱스 90포 선물세트 (3개월분),장건강,50대,4.7,203,49000,일반,일반
락토핏,락토핏 골드 트리플 기획 (3개월분),장건강,20대,4.9,999,22900,일반,일반
것시스,것시스 다이어트 B프로 28캡슐 (1개월분) / 다이어트 유산균,장건강,40대,5.0,999,39810,일반,일반
트루락,트루락 베베 8ml,장건강,30대,4.9,32,26000,일반,일반
종근당,종근당 질건강 프로젝트365 리스펙타 여성유산균 30캡슐 (1개월분),장건강,60대이상,4.8,16,34000,일반,일반
네추럴라이즈,네추럴라이즈 우주먼지 사르르 유산균 14포 (14일분),장건강,60대이상,4.9,30,3960,일반,일반
데일리,데일리 구미 유산균 제로슈가 60구미 (1개월분),장건강,60대이상,5.0,106,15900,일반,일반
데일리,데일리 구미 유산균 제로슈가 8구미*5개입 (20일분),장건강,40대,5.0,106,12900,일반,일반
덴프스,덴프스 덴마크 유산균이야기 다이어트 28캡슐 (28일분),장건강,60대이상,5.0,661,54000,일반,일반
락토핏,[올영단독] 락토핏 골드 30포 트리플 기획 (+볼펜 증정) (3개월분),장건강,40대,4.9,999,22900,일반,일반
락토핏,락토핏 골드 30포 (+30포 더블기획) (60일분),장건강,30대,4.9,999,13900,일반,일반
뉴오리진,뉴오리진 이너플로라 60캡슐 (2개월분),장건강,20대,0.0,0,45900,일반,일반
셀렉스,셀렉스 면역 프로바이오틱스 유산균&아연 1병 (250mg x 30캡슐) (30일분),장건강,20대,4.7,56,18900,일반,일반
래디웰,래디웰 프로바이오틱스 밸런스 선물세트 10캡슐*6병 (2개월분),장건강,40대,4.9,16,60000,일반,일반
셀렉스,레귤러걸 신바이오틱스 유산균 여성변비움 스틱 (6g x 7입 / 30입 택1),장건강,30대,4.5,10,17900,일반,일반
내츄럴플러스,내츄럴플러스 간케어 앤 유산균 30정 4박스 / 밀크씨슬 프로바이오틱스 식물성캡슐,장건강,50대,0.0,0,35500,일반,일반
메노락토,메노락토 프리미엄 징코 90캡슐 (3개월분),장건강,20대,5.0,4,197000,일반,일반
메노락토,메노락토 프리미엄 징코 30캡슐 (1개월분),장건강,30대,5.0,4,70000,일반,일반
세티밀,세티밀 베이비 아기유산균 30포 (1개월분),장건강,50대,5.0,236,29900,일반,일반
세티밀,세티밀 베이비 아기유산균 30포 2박스 (2개월분),장건강,30대,5.0,236,54900,일반,일반
세티밀,세티밀 베이비 아기유산균 30포 3박스 (3개월분),장건강,40대,5.0,236,69900,일반,일반
세티밀,세티밀 베이비 아기유산균 30포 6박스 (6개월분),장건강,20대,5.0,236,136000,일반,일반
세티밀,[올영단독] 세티밀 여성 질 유래 유산균 30캡슐 + 아기유산균 30포,장건강,20대,5.0,326,66900,일반,일반
베스처,베스처 덴마크 프로바이오틱스 (3박스) (6개월분),장건강,40대,0.0,0,74300,일반,일반
,,,,0.0,0,15000,일반,일반
,,,,0.0,0,15000,일반,일반
,,,,0.0,0,15000,일반,일반
,,,,0.0,0,15000,일반,일반
,,,,0.0,0,15000,일반,일반
,,,,0.0,0,15000,일반,일반
,,,,0.0,0,15000,일반,일반
,,,,0.0,0,15000,일반,일반
,,,,0.0,0,15000,일반,일반
,,,,0.0,0,15000,일반,일반
,,,,0.0,0,15000,일반,일반
,,,,0.0,0,15000,일반,일반
,,,,0.0,0,15000,일반,일반
,,,,0.0,0,15000,일반,일반
,,,,0.0,0,15000,일반,일반
,,,,0.0,0,15000,일반,일반
,,,,0.0,0,15000,일반,일반
,,,,0.0,0,15000,일반,일반
,,,,0.0,0,15000,일반,일반
,,,,0.0,0,15000,일반,일반
,,,,0.0,0,15000,일반,일반
,,,,0.0,0,15000,일반,일반
,,,,0.0,0,15000,일반,일반
,,,,0.0,0,15000,일반,일반
,,,,0.0,0,15000,일반,일반
,,,,0.0,0,15000,일반,일반
,,,,0.0,0,15000,일반,일반
,,,,0.0,0,15000,일반,일반
,,,,0.0,0,15000,일반,일반
,,,,0.0,0,15000,일반,일반
,,,,0.0,0,15000,일반,일반
,,,,0.0,0,15000,일반,일반
,,,,0.0,0,15000,일반,일반
,,,,0.0,0,15000,일반,일반
,,,,0.0,0,15000,일반,일반
,,,,0.0,0,15000,일반,일반
,,,,0.0,0,15000,일반,일반
,,,,0.0,0,15000,일반,일반
,,,,0.0,0,15000,일반,일반
,,,,0.0,0,15000,일반,일반
,,,,0.0,0,15000,일반,일반
,,,,0.0,0,15000,일반,일반
,,,,0.0,0,15000,일반,일반
,,,,0.0,0,15000,일반,일반
,,,,0.0,0,15000,일반,일반
,,,,0.0,0,15000,일반,일반
,,,,0.0,0,15000,일반,일반
,,,,0.0,0,15000,일반,일반
,,,,0.0,0,15000,일반,일반
,,,,0.0,0,15000,일반,일반
,,,,0.0,0,15000,일반,일반
,,,,0.0,0,15000,일반,일반
,,,,0.0,0,15000,일반,일반
,,,,0.0,0,15000,일반,일반
,,,,0.0,0,15000,일반,일반
,,,,0.0,0,15000,일반,일반
,,,,0.0,0,15000,일반,일반
,,,,0.0,0,15000,일반,일반
,,,,0.0,0,15000,일반,일반
,,,,0.0,0,15000,일반,일반
,,,,0.0,0,15000,일반,일반
,,,,0.0,0,15000,일반,일반
,,,,0.0,0,15000,일반,일반
,,,,0.0,0,15000,일반,일반
,,,,0.0,0,15000,일반,일반
,,,,0.0,0,15000,일반,일반
,,,,0.0,0,15000,일반,일반
,,,,0.0,0,15000,일반,일반
,,,,0.0,0,15000,일반,일반
,,,,0.0,0,15000,일반,일반
,,,,0.0,0,15000,일반,일반
,,,,0.0,0,15000,일반,일반
,,,,0.0,0,15000,일반,일반
,,,,0.0,0,15000,일반,일반
,,,,0.0,0,15000,일반,일반
,,,,0.0,0,15000,일반,일반
,,,,0.0,0,15000,일반,일반
,,,,0.0,0,15000,일반,일반
,,,,0.0,0,15000,일반,일반
,,,,0.0,0,15000,일반,일반
,,,,0.0,0,15000,일반,일반
,,,,0.0,0,15000,일반,일반
,,,,0.0,0,15000,일반,일반
,,,,0.0,0,15000,일반,일반
,,,,0.0,0,15000,일반,일반
,,,,0.0,0,15000,일반,일반
,,,,0.0,0,15000,일반,일반
,,,,0.0,0,15000,일반,일반
,,,,0.0,0,15000,일반,일반
,,,,0.0,0,15000,일반,일반
,,,,0.0,0,15000,일반,일반
,,,,0.0,0,15000,일반,일반
,,,,0.0,0,15000,일반,일반
,,,,0.0,0,15000,일반,일반
,,,,0.0,0,15000,일반,일반
,,,,0.0,0,15000,일반,일반
,,,,0.0,0,15000,일반,일반
,,,,0.0,0,15000,일반,일반
,,,,0.0,0,15000,일반,일반
,,,,0.0,0,15000,일반,일반
,,,,0.0,0,15000,일반,일반
,,,,0.0,0,15000,일반,일반
,,,,0.0,0,15000,일반,일반
,,,,0.0,0,15000,일반,일반
,,,,0.0,0,15000,일반,일반
,,,,0.0,0,15000,일반,일반
,,,,0.0,0,15000,일반,일반
,,,,0.0,0,15000,일반,일반
,,,,0.0,0,15000,일반,일반
,,,,0.0,0,15000,일반,일반
,,,,0.0,0,15000,일반,일반
,,,,0.0,0,15000,일반,일반
,,,,0.0,0,15000,일반,일반
,,,,0.0,0,15000,일반,일반
,,,,0.0,0,15000,일반,일반
,,,,0.0,0,15000,일반,일반
,,,,0.0,0,15000,일반,일반
,,,,0.0,0,15000,일반,일반
,,,,0.0,0,15000,일반,일반
,,,,0.0,0,15000,일반,일반
,,,,0.0,0,15000,일반,일반
,,,,0.0,0,15000,일반,일반
,,,,0.0,0,15000,일반,일반
,,,,0.0,0,15000,일반,일반
,,,,0.0,0,15000,일반,일반
,,,,0.0,0,15000,일반,일반
,,,,0.0,0,15000,일반,일반
,,,,0.0,0,15000,일반,일반
,,,,0.0,0,15000,일반,일반
,,,,0.0,0,15000,일반,일반
,,,,0.0,0,15000,일반,일반
,,,,0.0,0,15000,일반,일반
,,,,0.0,0,15000,일반,일반
,,,,0.0,0,15000,일반,일반
,,,,0.0,0,15000,일반,일반
,,,,0.0,0,15000,일반,일반
,,,,0.0,0,15000,일반,일반
,,,,0.0,0,15000,일반,일반
,,,,0.0,0,15000,일반,일반
,,,,0.0,0,15000,일반,일반
,,,,0.0,0,15000,일반,일반
,,,,0.0,0,15000,일반,일반
,,,,0.0,0,15000,일반,일반
,,,,0.0,0,15000,일반,일반
,,,,0.0,0,15000,일반,일반
,,,,0.0,0,15000,일반,일반
,,,,0.0,0,15000,일반,일반
,,,,0.0,0,15000,일반,일반
,,,,0.0,0,15000,일반,일반
,,,,0.0,0,15000,일반,일반
,,,,0.0,0,15000,일반,일반
,,,,0.0,0,15000,일반,일반
,,,,0.0,0,15000,일반,일반
,,,,0.0,0,15000,일반,일반
,,,,0.0,0,15000,일반,일반
,,,,0.0,0,15000,일반,일반
,,,,0.0,0,15000,일반,일반
,,,,0.0,0,15000,일반,일반
,,,,0.0,0,15000,일반,일반
,,,,0.0,0,15000,일반,일반
,,,,0.0,0,15000,일반,일반
,,,,0.0,0,15000,일반,일반
,,,,0.0,0,15000,일반,일반
,,,,0.0,0,15000,일반,일반
,,,,0.0,0,15000,일반,일반
,,,,0.0,0,15000,일반,일반
,,,,0.0,0,15000,일반,일반
,,,,0.0,0,15000,일반,일반
,,,,0.0,0,15000,일반,일반
,,,,0.0,0,15000,일반,일반
,,,,0.0,0,15000,일반,일반
,,,,0.0,0,15000,일반,일반
,,,,0.0,0,15000,일반,일반
,,,,0.0,0,15000,일반,일반
,,,,0.0,0,15000,일반,일반
,,,,0.0,0,15000,일반,일반
,,,,0.0,0,15000,일반,일반
,,,,0.0,0,15000,일반,일반
,,,,0.0,0,15000,일반,일반
,,,,0.0,0,15000,일반,일반
,,,,0.0,0,15000,일반,일반
,,,,0.0,0,15000,일반,일반
,,,,0.0,0,15000,일반,일반
,,,,0.0,0,15000,일반,일반
,,,,0.0,0,15000,일반,일반
,,,,0.0,0,15000,일반,일반
,,,,0.0,0,15000,일반,일반
,,,,0.0,0,15000,일반,일반
,,,,0.0,0,15000,일반,일반
,,,,0.0,0,15000,일반,일반
,,,,0.0,0,15000,일반,일반
,,,,0.0,0,15000,일반,일반
,,,,0.0,0,15000,일반,일반
,,,,0.0,0,15000,일반,일반
,,,,0.0,0,15000,일반,일반
,,,,0.0,0,15000,일반,일반
,,,,0.0,0,15000,일반,일반
,,,,0.0,0,15000,일반,일반
,,,,0.0,0,15000,일반,일반
,,,,0.0,0,15000,일반,일반
,,,,0.0,0,15000,일반,일반
,,,,0.0,0,15000,일반,일반
,,,,0.0,0,15000,일반,일반
,,,,0.0,0,15000,일반,일반
,,,,0.0,0,15000,일반,일반
,,,,0.0,0,15000,일반,일반
,,,,0.0,0,15000,일반,일반
,,,,0.0,0,15000,일반,일반
,,,,0.0,0,15000,일반,일반
,,,,0.0,0,15000,일반,일반
,,,,0.0,0,15000,일반,일반
,,,,0.0,0,15000,일반,일반
,,,,0.0,0,15000,일반,일반
,,,,0.0,0,15000,일반,일반
,,,,0.0,0,15000,일반,일반
,,,,0.0,0,15000,일반,일반
,,,,0.0,0,15000,일반,일반
,,,,0.0,0,15000,일반,일반
,,,,0.0,0,15000,일반,일반
,,,,0.0,0,15000,일반,일반
,,,,0.0,0,15000,일반,일반
,,,,0.0,0,15000,일반,일반
,,,,0.0,0,15000,일반,일반
,,,,0.0,0,15000,일반,일반
,,,,0.0,0,15000,일반,일반
,,,,0.0,0,15000,일반,일반
,,,,0.0,0,15000,일반,일반
,,,,0.0,0,15000,일반,일반
,,,,0.0,0,15000,일반,일반
,,,,0.0,0,15000,일반,일반
,,,,0.0,0,15000,일반,일반
,,,,0.0,0,15000,일반,일반
,,,,0.0,0,15000,일반,일반
,,,,0.0,0,15000,일반,일반
,,,,0.0,0,15000,일반,일반
,,,,0.0,0,15000,일반,일반
,,,,0.0,0,15000,일반,일반
,,,,0.0,0,15000,일반,일반
,,,,0.0,0,15000,일반,일반
,,,,0.0,0,15000,일반,일반
,,,,0.0,0,15000,일반,일반
,,,,0.0,0,15000,일반,일반
,,,,0.0,0,15000,일반,일반
,,,,0.0,0,15000,일반,일반
,,,,0.0,0,15000,일반,일반
,,,,0.0,0,15000,일반,일반
,,,,0.0,0,15000,일반,일반
,,,,0.0,0,15000,일반,일반
,,,,0.0,0,15000,일반,일반
,,,,0.0,0,15000,일반,일반
,,,,0.0,0,15000,일반,일반
,,,,0.0,0,15000,일반,일반
,,,,0.0,0,15000,일반,일반
,,,,0.0,0,15000,일반,일반
,,,,0.0,0,15000,일반,일반
,,,,0.0,0,15000,일반,일반
,,,,0.0,0,15000,일반,일반
,,,,0.0,0,15000,일반,일반
,,,,0.0,0,15000,일반,일반
,,,,0.0,0,15000,일반,일반
,,,,0.0,0,15000,일반,일반
,,,,0.0,0,15000,일반,일반
,,,,0.0,0,15000,일반,일반
,,,,0.0,0,15000,일반,일반
,,,,0.0,0,15000,일반,일반
,,,,0.0,0,15000,일반,일반
,,,,0.0,0,15000,일반,일반
,,,,0.0,0,15000,일반,일반
,,,,0.0,0,15000,일반,일반
,,,,0.0,0,15000,일반,일반
,,,,0.0,0,15000,일반,일반
,,,,0.0,0,15000,일반,일반
,,,,0.0,0,15000,일반,일반
,,,,0.0,0,15000,일반,일반
,,,,0.0,0,15000,일반,일반
,,,,0.0,0,15000,일반,일반
,,,,0.0,0,15000,일반,일반
,,,,0.0,0,15000,일반,일반
,,,,0.0,0,15000,일반,일반
,,,,0.0,0,15000,일반,일반
,,,,0.0,0,15000,일반,일반
,,,,0.0,0,15000,일반,일반
,,,,0.0,0,15000,일반,일반
,,,,0.0,0,15000,일반,일반
,,,,0.0,0,15000,일반,일반
,,,,0.0,0,15000,일반,일반
,,,,0.0,0,15000,일반,일반
,,,,0.0,0,15000,일반,일반
,,,,0.0,0,15000,일반,일반
,,,,0.0,0,15000,일반,일반
,,,,0.0,0,15000,일반,일반
,,,,0.0,0,15000,일반,일반
,,,,0.0,0,15000,일반,일반
,,,,0.0,0,15000,일반,일반
,,,,0.0,0,15000,일반,일반
,,,,0.0,0,15000,일반,일반
,,,,0.0,0,15000,일반,일반
,,,,0.0,0,15000,일반,일반
,,,,0.0,0,15000,일반,일반
,,,,0.0,0,15000,일반,일반
,,,,0.0,0,15000,일반,일반
,,,,0.0,0,15000,일반,일반
,,,,0.0,0,15000,일반,일반
,,,,0.0,0,15000,일반,일반
,,,,0.0,0,15000,일반,일반
,,,,0.0,0,15000,일반,일반
,,,,0.0,0,15000,일반,일반
,,,,0.0,0,15000,일반,일반
,,,,0.0,0,15000,일반,일반
,,,,0.0,0,15000,일반,일반
,,,,0.0,0,15000,일반,일반
,,,,0.0,0,15000,일반,일반
,,,,0.0,0,15000,일반,일반
,,,,0.0,0,15000,일반,일반
,,,,0.0,0,15000,일반,일반
,,,,0.0,0,15000,일반,일반
,,,,0.0,0,15000,일반,일반
,,,,0.0,0,15000,일반,일반
,,,,0.0,0,15000,일반,일반
,,,,0.0,0,15000,일반,일반
,,,,0.0,0,15000,일반,일반
,,,,0.0,0,15000,일반,일반
,,,,0.0,0,15000,일반,일반
,,,,0.0,0,15000,일반,일반
,,,,0.0,0,15000,일반,일반
,,,,0.0,0,15000,일반,일반
,,,,0.0,0,15000,일반,일반
,,,,0.0,0,15000,일반,일반
,,,,0.0,0,15000,일반,일반
,,,,0.0,0,15000,일반,일반
,,,,0.0,0,15000,일반,일반
,,,,0.0,0,15000,일반,일반
,,,,0.0,0,15000,일반,일반
,,,,0.0,0,15000,일반,일반
,,,,0.0,0,15000,일반,일반
,,,,0.0,0,15000,일반,일반
,,,,0.0,0,15000,일반,일반
,,,,0.0,0,15000,일반,일반
,,,,0.0,0,15000,일반,일반
,,,,0.0,0,15000,일반,일반
,,,,0.0,0,15000,일반,일반
,,,,0.0,0,15000,일반,일반
,,,,0.0,0,15000,일반,일반
,,,,0.0,0,15000,일반,일반
,,,,0.0,0,15000,일반,일반
,,,,0.0,0,15000,일반,일반
,,,,0.0,0,15000,일반,일반
,,,,0.0,0,15000,일반,일반
,,,,0.0,0,15000,일반,일반
,,,,0.0,0,15000,일반,일반
,,,,0.0,0,15000,일반,일반
,,,,0.0,0,15000,일반,일반
,,,,0.0,0,15000,일반,일반
,,,,0.0,0,15000,일반,일반
,,,,0.0,0,15000,일반,일반
,,,,0.0,0,15000,일반,일반
,,,,0.0,0,15000,일반,일반
,,,,0.0,0,15000,일반,일반
,,,,0.0,0,15000,일반,일반
,,,,0.0,0,15000,일반,일반
,,,,0.0,0,15000,일반,일반
,,,,0.0,0,15000,일반,일반
,,,,0.0,0,15000,일반,일반
,,,,0.0,0,15000,일반,일반
,,,,0.0,0,15000,일반,일반
,,,,0.0,0,15000,일반,일반
,,,,0.0,0,15000,일반,일반
,,,,0.0,0,15000,일반,일반
,,,,0.0,0,15000,일반,일반
,,,,0.0,0,15000,일반,일반
,,,,0.0,0,15000,일반,일반
,,,,0.0,0,15000,일반,일반
,,,,0.0,0,15000,일반,일반
,,,,0.0,0,15000,일반,일반
,,,,0.0,0,15000,일반,일반
,,,,0.0,0,15000,일반,일반
,,,,0.0,0,15000,일반,일반
,,,,0.0,0,15000,일반,일반
,,,,0.0,0,15000,일반,일반
,,,,0.0,0,15000,일반,일반
,,,,0.0,0,15000,일반,일반
,,,,0.0,0,15000,일반,일반
,,,,0.0,0,15000,일반,일반
,,,,0.0,0,15000,일반,일반
,,,,0.0,0,15000,일반,일반
,,,,0.0,0,15000,일반,일반
,,,,0.0,0,15000,일반,일반
,,,,0.0,0,15000,일반,일반
,,,,0.0,0,15000,일반,일반
,,,,0.0,0,15000,일반,일반
,,,,0.0,0,15000,일반,일반
,,,,0.0,0,15000,일반,일반
,,,,0.0,0,15000,일반,일반
,,,,0.0,0,15000,일반,일반
,,,,0.0,0,15000,일반,일반
,,,,0.0,0,15000,일반,일반
,,,,0.0,0,15000,일반,일반
,,,,0.0,0,15000,일반,일반
,,,,0.0,0,15000,일반,일반
,,,,0.0,0,15000,일반,일반
,,,,0.0,0,15000,일반,일반
,,,,0.0,0,15000,일반,일반
,,,,0.0,0,15000,일반,일반
,,,,0.0,0,15000,일반,일반
,,,,0.0,0,15000,일반,일반
,,,,0.0,0,15000,일반,일반
,,,,0.0,0,15000,일반,일반
,,,,0.0,0,15000,일반,일반
,,,,0.0,0,15000,일반,일반
,,,,0.0,0,15000,일반,일반
,,,,0.0,0,15000,일반,일반
,,,,0.0,0,15000,일반,일반
,,,,0.0,0,15000,일반,일반
,,,,0.0,0,15000,일반,일반
,,,,0.0,0,15000,일반,일반
,,,,0.0,0,15000,일반,일반
,,,,0.0,0,15000,일반,일반
,,,,0.0,0,15000,일반,일반
,,,,0.0,0,15000,일반,일반
,,,,0.0,0,15000,일반,일반
,,,,0.0,0,15000,일반,일반
,,,,0.0,0,15000,일반,일반
,,,,0.0,0,15000,일반,일반
,,,,0.0,0,15000,일반,일반
,,,,0.0,0,15000,일반,일반
,,,,0.0,0,15000,일반,일반
,,,,0.0,0,15000,일반,일반
,,,,0.0,0,15000,일반,일반
,,,,0.0,0,15000,일반,일반
,,,,0.0,0,15000,일반,일반
,,,,0.0,0,15000,일반,일반
,,,,0.0,0,15000,일반,일반
,,,,0.0,0,15000,일반,일반
,,,,0.0,0,15000,일반,일반
,,,,0.0,0,15000,일반,일반
,,,,0.0,0,15000,일반,일반
,,,,0.0,0,15000,일반,일반
,,,,0.0,0,15000,일반,일반
,,,,0.0,0,15000,일반,일반
,,,,0.0,0,15000,일반,일반
,,,,0.0,0,15000,일반,일반
,,,,0.0,0,15000,일반,일반
,,,,0.0,0,15000,일반,일반
,,,,0.0,0,15000,일반,일반
,,,,0.0,0,15000,일반,일반
,,,,0.0,0,15000,일반,일반
,,,,0.0,0,15000,일반,일반
,,,,0.0,0,15000,일반,일반
,,,,0.0,0,15000,일반,일반
,,,,0.0,0,15000,일반,일반
,,,,0.0,0,15000,일반,일반
,,,,0.0,0,15000,일반,일반
,,,,0.0,0,15000,일반,일반
,,,,0.0,0,15000,일반,일반
,,,,0.0,0,15000,일반,일반
,,,,0.0,0,15000,일반,일반
,,,,0.0,0,15000,일반,일반
,,,,0.0,0,15000,일반,일반
,,,,0.0,0,15000,일반,일반
,,,,0.0,0,15000,일반,일반
,,,,0.0,0,15000,일반,일반
,,,,0.0,0,15000,일반,일반
,,,,0.0,0,15000,일반,일반
,,,,0.0,0,15000,일반,일반
,,,,0.0,0,15000,일반,일반
,,,,0.0,0,15000,일반,일반
,,,,0.0,0,15000,일반,일반
,,,,0.0,0,15000,일반,일반
,,,,0.0,0,15000,일반,일반
,,,,0.0,0,15000,일반,일반
,,,,0.0,0,15000,일반,일반
,,,,0.0,0,15000,일반,일반
,,,,0.0,0,15000,일반,일반
,,,,0.0,0,15000,일반,일반
,,,,0.0,0,15000,일반,일반
,,,,0.0,0,15000,일반,일반
,,,,0.0,0,15000,일반,일반
,,,,0.0,0,15000,일반,일반
,,,,0.0,0,15000,일반,일반
,,,,0.0,0,15000,일반,일반
,,,,0.0,0,15000,일반,일반
,,,,0.0,0,15000,일반,일반
,,,,0.0,0,15000,일반,일반
,,,,0.0,0,15000,일반,일반
,,,,0.0,0,15000,일반,일반
,,,,0.0,0,15000,일반,일반
,,,,0.0,0,15000,일반,일반
,,,,0.0,0,15000,일반,일반
,,,,0.0,0,15000,일반,일반
,,,,0.0,0,15000,일반,일반
,,,,0.0,0,15000,일반,일반
,,,,0.0,0,15000,일반,일반
,,,,0.0,0,15000,일반,일반
,,,,0.0,0,15000,일반,일반
,,,,0.0,0,15000,일반,일반
,,,,0.0,0,15000,일반,일반
,,,,0.0,0,15000,일반,일반
,,,,0.0,0,15000,일반,일반
,,,,0.0,0,15000,일반,일반
,,,,0.0,0,15000,일반,일반
,,,,0.0,0,15000,일반,일반
,,,,0.0,0,15000,일반,일반
,,,,0.0,0,15000,일반,일반
,,,,0.0,0,15000,일반,일반
,,,,0.0,0,15000,일반,일반
,,,,0.0,0,15000,일반,일반
,,,,0.0,0,15000,일반,일반
,,,,0.0,0,15000,일반,일반
,,,,0.0,0,15000,일반,일반
,,,,0.0,0,15000,일반,일반
,,,,0.0,0,15000,일반,일반
,,,,0.0,0,15000,일반,일반
,,,,0.0,0,15000,일반,일반
,,,,0.0,0,15000,일반,일반
,,,,0.0,0,15000,일반,일반
,,,,0.0,0,15000,일반,일반
,,,,0.0,0,15000,일반,일반
,,,,0.0,0,15000,일반,일반
,,,,0.0,0,15000,일반,일반
,,,,0.0,0,15000,일반,일반
,,,,0.0,0,15000,일반,일반
,,,,0.0,0,15000,일반,일반
,,,,0.0,0,15000,일반,일반
,,,,0.0,0,15000,일반,일반
,,,,0.0,0,15000,일반,일반
,,,,0.0,0,15000,일반,일반
,,,,0.0,0,15000,일반,일반
,,,,0.0,0,15000,일반,일반
,,,,0.0,0,15000,일반,일반
,,,,0.0,0,15000,일반,일반
,,,,0.0,0,15000,일반,일반
,,,,0.0,0,15000,일반,일반
,,,,0.0,0,15000,일반,일반
,,,,0.0,0,15000,일반,일반
,,,,0.0,0,15000,일반,일반
,,,,0.0,0,15000,일반,일반
,,,,0.0,0,15000,일반,일반
,,,,0.0,0,15000,일반,일반
,,,,0.0,0,15000,일반,일반
,,,,0.0,0,15000,일반,일반
,,,,0.0,0,15000,일반,일반
,,,,0.0,0,15000,일반,일반
,,,,0.0,0,15000,일반,일반
,,,,0.0,0,15000,일반,일반
,,,,0.0,0,15000,일반,일반
,,,,0.0,0,15000,일반,일반
,,,,0.0,0,15000,일반,일반
,,,,0.0,0,15000,일반,일반
,,,,0.0,0,15000,일반,일반
,,,,0.0,0,15000,일반,일반
,,,,0.0,0,15000,일반,일반
,,,,0.0,0,15000,일반,일반
,,,,0.0,0,15000,일반,일반
,,,,0.0,0,15000,일반,일반
,,,,0.0,0,15000,일반,일반
,,,,0.0,0,15000,일반,일반
,,,,0.0,0,15000,일반,일반
,,,,0.0,0,15000,일반,일반
,,,,0.0,0,15000,일반,일반
,,,,0.0,0,15000,일반,일반
,,,,0.0,0,15000,일반,일반
,,,,0.0,0,15000,일반,일반
,,,,0.0,0,15000,일반,일반
,,,,0.0,0,15000,일반,일반
,,,,0.0,0,15000,일반,일반
,,,,0.0,0,15000,일반,일반
,,,,0.0,0,15000,일반,일반
,,,,0.0,0,15000,일반,일반
,,,,0.0,0,15000,일반,일반
,,,,0.0,0,15000,일반,일반
,,,,0.0,0,15000,일반,일반
,,,,0.0,0,15000,일반,일반
,,,,0.0,0,15000,일반,일반
,,,,0.0,0,15000,일반,일반
,,,,0.0,0,15000,일반,일반
,,,,0.0,0,15000,일반,일반
,,,,0.0,0,15000,일반,일반
,,,,0.0,0,15000,일반,일반
,,,,0.0,0,15000,일반,일반
,,,,0.0,0,15000,일반,일반
,,,,0.0,0,15000,일반,일반
,,,,0.0,0,15000,일반,일반
,,,,0.0,0,15000,일반,일반
,,,,0.0,0,15000,일반,일반
,,,,0.0,0,15000,일반,일반
,,,,0.0,0,15000,일반,일반
,,,,0.0,0,15000,일반,일반
,,,,0.0,0,15000,일반,일반
,,,,0.0,0,15000,일반,일반
,,,,0.0,0,15000,일반,일반
,,,,0.0,0,15000,일반,일반
,,,,0.0,0,15000,일반,일반
,,,,0.0,0,15000,일반,일반
,,,,0.0,0,15000,일반,일반
,,,,0.0,0,15000,일반,일반
,,,,0.0,0,15000,일반,일반
,,,,0.0,0,15000,일반,일반
,,,,0.0,0,15000,일반,일반
,,,,0.0,0,15000,일반,일반
,,,,0.0,0,15000,일반,일반
,,,,0.0,0,15000,일반,일반
,,,,0.0,0,15000,일반,일반
,,,,0.0,0,15000,일반,일반
,,,,0.0,0,15000,일반,일반
,,,,0.0,0,15000,일반,일반
,,,,0.0,0,15000,일반,일반
,,,,0.0,0,15000,일반,일반
,,,,0.0,0,15000,일반,일반
,,,,0.0,0,15000,일반,일반
,,,,0.0,0,15000,일반,일반
,,,,0.0,0,15000,일반,일반
,,,,0.0,0,15000,일반,일반
,,,,0.0,0,15000,일반,일반
,,,,0.0,0,15000,일반,일반
,,,,0.0,0,15000,일반,일반
,,,,0.0,0,15000,일반,일반
,,,,0.0,0,15000,일반,일반
,,,,0.0,0,15000,일반,일반
,,,,0.0,0,15000,일반,일반
,,,,0.0,0,15000,일반,일반
,,,,0.0,0,15000,일반,일반
,,,,0.0,0,15000,일반,일반
,,,,0.0,0,15000,일반,일반
,,,,0.0,0,15000,일반,일반
,,,,0.0,0,15000,일반,일반
,,,,0.0,0,15000,일반,일반
,,,,0.0,0,15000,일반,일반
,,,,0.0,0,15000,일반,일반
,,,,0.0,0,15000,일반,일반
,,,,0.0,0,15000,일반,일반
,,,,0.0,0,15000,일반,일반
,,,,0.0,0,15000,일반,일반
,,,,0.0,0,15000,일반,일반
,,,,0.0,0,15000,일반,일반
,,,,0.0,0,15000,일반,일반
,,,,0.0,0,15000,일반,일반
,,,,0.0,0,15000,일반,일반
,,,,0.0,0,15000,일반,일반
,,,,0.0,0,15000,일반,일반
,,,,0.0,0,15000,일반,일반
,,,,0.0,0,15000,일반,일반
,,,,0.0,0,15000,일반,일반
,,,,0.0,0,15000,일반,일반
,,,,0.0,0,15000,일반,일반
,,,,0.0,0,15000,일반,일반
,,,,0.0,0,15000,일반,일반
,,,,0.0,0,15000,일반,일반
,,,,0.0,0,15000,일반,일반
,,,,0.0,0,15000,일반,일반
,,,,0.0,0,15000,일반,일반
,,,,0.0,0,15000,일반,일반
,,,,0.0,0,15000,일반,일반
,,,,0.0,0,15000,일반,일반
,,,,0.0,0,15000,일반,일반
,,,,0.0,0,15000,일반,일반
,,,,0.0,0,15000,일반,일반
,,,,0.0,0,15000,일반,일반
,,,,0.0,0,15000,일반,일반
,,,,0.0,0,15000,일반,일반
,,,,0.0,0,15000,일반,일반
,,,,0.0,0,15000,일반,일반
,,,,0.0,0,15000,일반,일반
,,,,0.0,0,15000,일반,일반
,,,,0.0,0,15000,일반,일반
,,,,0.0,0,15000,일반,일반
,,,,0.0,0,15000,일반,일반
,,,,0.0,0,15000,일반,일반
,,,,0.0,0,15000,일반,일반
,,,,0.0,0,15000,일반,일반
,,,,0.0,0,15000,일반,일반
,,,,0.0,0,15000,일반,일반
,,,,0.0,0,15000,일반,일반
,,,,0.0,0,15000,일반,일반
,,,,0.0,0,15000,일반,일반
,,,,0.0,0,15000,일반,일반
,,,,0.0,0,15000,일반,일반
,,,,0.0,0,15000,일반,일반
,,,,0.0,0,15000,일반,일반
,,,,0.0,0,15000,일반,일반
,,,,0.0,0,15000,일반,일반
,,,,0.0,0,15000,일반,일반
,,,,0.0,0,15000,일반,일반
,,,,0.0,0,15000,일반,일반
,,,,0.0,0,15000,일반,일반
,,,,0.0,0,15000,일반,일반
,,,,0.0,0,15000,일반,일반
,,,,0.0,0,15000,일반,일반
,,,,0.0,0,15000,일반,일반
,,,,0.0,0,15000,일반,일반
,,,,0.0,0,15000,일반,일반
,,,,0.0,0,15000,일반,일반
,,,,0.0,0,15000,일반,일반
,,,,0.0,0,15000,일반,일반
,,,,0.0,0,15000,일반,일반
,,,,0.0,0,15000,일반,일반
,,,,0.0,0,15000,일반,일반
,,,,0.0,0,15000,일반,일반
,,,,0.0,0,15000,일반,일반
,,,,0.0,0,15000,일반,일반
,,,,0.0,0,15000,일반,일반
,,,,0.0,0,15000,일반,일반
,,,,0.0,0,15000,일반,일반
,,,,0.0,0,15000,일반,일반
,,,,0.0,0,15000,일반,일반
,,,,0.0,0,15000,일반,일반
,,,,0.0,0,15000,일반,일반
,,,,0.0,0,15000,일반,일반
,,,,0.0,0,15000,일반,일반
,,,,0.0,0,15000,일반,일반
,,,,0.0,0,15000,일반,일반
,,,,0.0,0,15000,일반,일반
,,,,0.0,0,15000,일반,일반
,,,,0.0,0,15000,일반,일반
,,,,0.0,0,15000,일반,일반
,,,,0.0,0,15000,일반,일반
,,,,0.0,0,15000,일반,일반
,,,,0.0,0,15000,일반,일반
,,,,0.0,0,15000,일반,일반
,,,,0.0,0,15000,일반,일반
,,,,0.0,0,15000,일반,일반
,,,,0.0,0,15000,일반,일반
,,,,0.0,0,15000,일반,일반
,,,,0.0,0,15000,일반,일반
,,,,0.0,0,15000,일반,일반
,,,,0.0,0,15000,일반,일반
,,,,0.0,0,15000,일반,일반
,,,,0.0,0,15000,일반,일반
,,,,0.0,0,15000,일반,일반
,,,,0.0,0,15000,일반,일반
,,,,0.0,0,15000,일반,일반
,,,,0.0,0,15000,일반,일반
,,,,0.0,0,15000,일반,일반
,,,,0.0,0,15000,일반,일반
,,,,0.0,0,15000,일반,일반
,,,,0.0,0,15000,일반,일반
,,,,0.0,0,15000,일반,일반
,,,,0.0,0,15000,일반,일반
,,,,0.0,0,15000,일반,일반
,,,,0.0,0,15000,일반,일반
,,,,0.0,0,15000,일반,일반
,,,,0.0,0,15000,일반,일반
,,,,0.0,0,15000,일반,일반
,,,,0.0,0,15000,일반,일반
,,,,0.0,0,15000,일반,일반
,,,,0.0,0,15000,일반,일반
,,,,0.0,0,15000,일반,일반
,,,,0.0,0,15000,일반,일반
,,,,0.0,0,15000,일반,일반
,,,,0.0,0,15000,일반,일반
,,,,0.0,0,15000,일반,일반
,,,,0.0,0,15000,일반,일반
,,,,0.0,0,15000,일반,일반
,,,,0.0,0,15000,일반,일반
,,,,0.0,0,15000,일반,일반
,,,,0.0,0,15000,일반,일반
,,,,0.0,0,15000,일반,일반
,,,,0.0,0,15000,일반,일반
,,,,0.0,0,15000,일반,일반
,,,,0.0,0,15000,일반,일반
,,,,0.0,0,15000,일반,일반
,,,,0.0,0,15000,일반,일반
,,,,0.0,0,15000,일반,일반
,,,,0.0,0,15000,일반,일반
,,,,0.0,0,15000,일반,일반
,,,,0.0,0,15000,일반,일반
,,,,0.0,0,15000,일반,일반
,,,,0.0,0,15000,일반,일반
,,,,0.0,0,15000,일반,일반
,,,,0.0,0,15000,일반,일반
,,,,0.0,0,15000,일반,일반
,,,,0.0,0,15000,일반,일반
,,,,0.0,0,15000,일반,일반
,,,,0.0,0,15000,일반,일반
,,,,0.0,0,15000,일반,일반
,,,,0.0,0,15000,일반,일반
,,,,0.0,0,15000,일반,일반
,,,,0.0,0,15000,일반,일반
,,,,0.0,0,15000,일반,일반
,,,,0.0,0,15000,일반,일반
,,,,0.0,0,15000,일반,일반
,,,,0.0,0,15000,일반,일반
,,,,0.0,0,15000,일반,일반
,,,,0.0,0,15000,일반,일반
,,,,0.0,0,15000,일반,일반
,,,,0.0,0,15000,일반,일반
,,,,0.0,0,15000,일반,일반
,,,,0.0,0,15000,일반,일반
,,,,0.0,0,15000,일반,일반
,,,,0.0,0,15000,일반,일반
,,,,0.0,0,15000,일반,일반
,,,,0.0,0,15000,일반,일반
,,,,0.0,0,15000,일반,일반
,,,,0.0,0,15000,일반,일반
,,,,0.0,0,15000,일반,일반
,,,,0.0,0,15000,일반,일반
,,,,0.0,0,15000,일반,일반
,,,,0.0,0,15000,일반,일반
,,,,0.0,0,15000,일반,일반
,,,,0.0,0,15000,일반,일반
,,,,0.0,0,15000,일반,일반
,,,,0.0,0,15000,일반,일반
,,,,0.0,0,15000,일반,일반
,,,,0.0,0,15000,일반,일반
,,,,0.0,0,15000,일반,일반
,,,,0.0,0,15000,일반,일반
,,,,0.0,0,15000,일반,일반
,,,,0.0,0,15000,일반,일반
,,,,0.0,0,15000,일반,일반
,,,,0.0,0,15000,일반,일반
,,,,0.0,0,15000,일반,일반
,,,,0.0,0,15000,일반,일반
,,,,0.0,0,15000,일반,일반
,,,,0.0,0,15000,일반,일반
,,,,0.0,0,15000,일반,일반
,,,,0.0,0,15000,일반,일반
,,,,0.0,0,15000,일반,일반
,,,,0.0,0,15000,일반,일반
,,,,0.0,0,15000,일반,일반
,,,,0.0,0,15000,일반,일반
,,,,0.0,0,15000,일반,일반
,,,,0.0,0,15000,일반,일반
,,,,0.0,0,15000,일반,일반
,,,,0.0,0,15000,일반,일반
,,,,0.0,0,15000,일반,일반
,,,,0.0,0,15000,일반,일반
,,,,0.0,0,15000,일반,일반
,,,,0.0,0,15000,일반,일반
,,,,0.0,0,15000,일반,일반
,,,,0.0,0,15000,일반,일반
,,,,0.0,0,15000,일반,일반
,,,,0.0,0,15000,일반,일반
,,,,0.0,0,15000,일반,일반
,,,,0.0,0,15000,일반,일반
,,,,0.0,0,15000,일반,일반
,,,,0.0,0,15000,일반,일반
,,,,0.0,0,15000,일반,일반
,,,,0.0,0,15000,일반,일반
,,,,0.0,0,15000,일반,일반
,,,,0.0,0,15000,일반,일반
,,,,0.0,0,15000,일반,일반
,,,,0.0,0,15000,일반,일반
,,,,0.0,0,15000,일반,일반
,,,,0.0,0,15000,일반,일반
,,,,0.0,0,15000,일반,일반
,,,,0.0,0,15000,일반,일반
,,,,0.0,0,15000,일반,일반
,,,,0.0,0,15000,일반,일반
,,,,0.0,0,15000,일반,일반
,,,,0.0,0,15000,일반,일반
,,,,0.0,0,15000,일반,일반
,,,,0.0,0,15000,일반,일반
,,,,0.0,0,15000,일반,일반
,,,,0.0,0,15000,일반,일반
,,,,0.0,0,15000,일반,일반
,,,,0.0,0,15000,일반,일반
,,,,0.0,0,15000,일반,일반
,,,,0.0,0,15000,일반,일반
,,,,0.0,0,15000,일반,일반
,,,,0.0,0,15000,일반,일반
,,,,0.0,0,15000,일반,일반
,,,,0.0,0,15000,일반,일반
,,,,0.0,0,15000,일반,일반
,,,,0.0,0,15000,일반,일반
,,,,0.0,0,15000,일반,일반
,,,,0.0,0,15000,일반,일반
,,,,0.0,0,15000,일반,일반
,,,,0.0,0,15000,일반,일반
,,,,0.0,0,15000,일반,일반
,,,,0.0,0,15000,일반,일반
,,,,0.0,0,15000,일반,일반
,,,,0.0,0,15000,일반,일반
,,,,0.0,0,15000,일반,일반
,,,,0.0,0,15000,일반,일반
,,,,0.0,0,15000,일반,일반
,,,,0.0,0,15000,일반,일반
,,,,0.0,0,15000,일반,일반
,,,,0.0,0,15000,일반,일반
,,,,0.0,0,15000,일반,일반
,,,,0.0,0,15000,일반,일반
,,,,0.0,0,15000,일반,일반
,,,,0.0,0,15000,일반,일반
,,,,0.0,0,15000,일반,일반
,,,,0.0,0,15000,일반,일반
,,,,0.0,0,15000,일반,일반
,,,,0.0,0,15000,일반,일반
,,,,0.0,0,15000,일반,일반
,,,,0.0,0,15000,일반,일반
,,,,0.0,0,15000,일반,일반
,,,,0.0,0,15000,일반,일반
,,,,0.0,0,15000,일반,일반
,,,,0.0,0,15000,일반,일반
,,,,0.0,0,15000,일반,일반
,,,,0.0,0,15000,일반,일반
,,,,0.0,0,15000,일반,일반
,,,,0.0,0,15000,일반,일반
,,,,0.0,0,15000,일반,일반
,,,,0.0,0,15000,일반,일반
,,,,0.0,0,15000,일반,일반
,,,,0.0,0,15000,일반,일반
,,,,0.0,0,15000,일반,일반
,,,,0.0,0,15000,일반,일반
,,,,0.0,0,15000,일반,일반
,,,,0.0,0,15000,일반,일반
,,,,0.0,0,15000,일반,일반
,,,,0.0,0,15000,일반,일반
,,,,0.0,0,15000,일반,일반
,,,,0.0,0,15000,일반,일반
,,,,0.0,0,15000,일반,일반
,,,,0.0,0,15000,일반,일반
,,,,0.0,0,15000,일반,일반
,,,,0.0,0,15000,일반,일반
,,,,0.0,0,15000,일반,일반
,,,,0.0,0,15000,일반,일반
,,,,0.0,0,15000,일반,일반
,,,,0.0,0,15000,일반,일반
,,,,0.0,0,15000,일반,일반
,,,,0.0,0,15000,일반,일반
,,,,0.0,0,15000,일반,일반
,,,,0.0,0,15000,일반,일반
,,,,0.0,0,15000,일반,일반
,,,,0.0,0,15000,일반,일반
,,,,0.0,0,15000,일반,일반
,,,,0.0,0,15000,일반,일반
,,,,0.0,0,15000,일반,일반
,,,,0.0,0,15000,일반,일반
,,,,0.0,0,15000,일반,일반
,,,,0.0,0,15000,일반,일반
,,,,0.0,0,15000,일반,일반
,,,,0.0,0,15000,일반,일반
,,,,0.0,0,15000,일반,일반
,,,,0.0,0,15000,일반,일반
,,,,0.0,0,15000,일반,일반
,,,,0.0,0,15000,일반,일반
,,,,0.0,0,15000,일반,일반
,,,,0.0,0,15000,일반,일반
,,,,0.0,0,15000,일반,일반
,,,,0.0,0,15000,일반,일반
,,,,0.0,0,15000,일반,일반
,,,,0.0,0,15000,일반,일반
,,,,0.0,0,15000,일반,일반
,,,,0.0,0,15000,일반,일반
,,,,0.0,0,15000,일반,일반
,,,,0.0,0,15000,일반,일반
,,,,0.0,0,15000,일반,일반
,,,,0.0,0,15000,일반,일반
,,,,0.0,0,15000,일반,일반
,,,,0.0,0,15000,일반,일반
,,,,0.0,0,15000,일반,일반
,,,,0.0,0,15000,일반,일반
,,,,0.0,0,15000,일반,일반
,,,,0.0,0,15000,일반,일반
,,,,0.0,0,15000,일반,일반
,,,,0.0,0,15000,일반,일반
,,,,0.0,0,15000,일반,일반
,,,,0.0,0,15000,일반,일반
,,,,0.0,0,15000,일반,일반
,,,,0.0,0,15000,일반,일반
,,,,0.0,0,15000,일반,일반
,,,,0.0,0,15000,일반,일반
,,,,0.0,0,15000,일반,일반
,,,,0.0,0,15000,일반,일반
,,,,0.0,0,15000,일반,일반
,,,,0.0,0,15000,일반,일반
,,,,0.0,0,15000,일반,일반
,,,,0.0,0,15000,일반,일반
,,,,0.0,0,15000,일반,일반
,,,,0.0,0,15000,일반,일반
,,,,0.0,0,15000,일반,일반
,,,,0.0,0,15000,일반,일반
,,,,0.0,0,15000,일반,일반
,,,,0.0,0,15000,일반,일반
,,,,0.0,0,15000,일반,일반
,,,,0.0,0,15000,일반,일반
,,,,0.0,0,15000,일반,일반
,,,,0.0,0,15000,일반,일반
,,,,0.0,0,15000,일반,일반
,,,,0.0,0,15000,일반,일반
,,,,0.0,0,15000,일반,일반
,,,,0.0,0,15000,일반,일반
,,,,0.0,0,15000,일반,일반
,,,,0.0,0,15000,일반,일반
,,,,0.0,0,15000,일반,일반
,,,,0.0,0,15000,일반,일반
,,,,0.0,0,15000,일반,일반
,,,,0.0,0,15000,일반,일반
,,,,0.0,0,15000,일반,일반
,,,,0.0,0,15000,일반,일반
,,,,0.0,0,15000,일반,일반
,,,,0.0,0,15000,일반,일반
,,,,0.0,0,15000,일반,일반
,,,,0.0,0,15000,일반,일반
,,,,0.0,0,15000,일반,일반
,,,,0.0,0,15000,일반,일반
,,,,0.0,0,15000,일반,일반
,,,,0.0,0,15000,일반,일반
,,,,0.0,0,15000,일반,일반
,,,,0.0,0,15000,일반,일반
,,,,0.0,0,15000,일반,일반
,,,,0.0,0,15000,일반,일반
,,,,0.0,0,15000,일반,일반
,,,,0.0,0,15000,일반,일반
,,,,0.0,0,15000,일반,일반
,,,,0.0,0,15000,일반,일반
,,,,0.0,0,15000,일반,일반
,,,,0.0,0,15000,일반,일반
,,,,0.0,0,15000,일반,일반
,,,,0.0,0,15000,일반,일반
,,,,0.0,0,15000,일반,일반
,,,,0.0,0,15000,일반,일반
,,,,0.0,0,15000,일반,일반
,,,,0.0,0,15000,일반,일반
,,,,0.0,0,15000,일반,일반
,,,,0.0,0,15000,일반,일반
,,,,0.0,0,15000,일반,일반
,,,,0.0,0,15000,일반,일반
,,,,0.0,0,15000,일반,일반
,,,,0.0,0,15000,일반,일반
,,,,0.0,0,15000,일반,일반
,,,,0.0,0,15000,일반,일반
,,,,0.0,0,15000,일반,일반
,,,,0.0,0,15000,일반,일반
,,,,0.0,0,15000,일반,일반
,,,,0.0,0,15000,일반,일반
,,,,0.0,0,15000,일반,일반
,,,,0.0,0,15000,일반,일반
,,,,0.0,0,15000,일반,일반
,,,,0.0,0,15000,일반,일반
,,,,0.0,0,15000,일반,일반
,,,,0.0,0,15000,일반,일반
,,,,0.0,0,15000,일반,일반
,,,,0.0,0,15000,일반,일반
,,,,0.0,0,15000,일반,일반
,,,,0.0,0,15000,일반,일반
,,,,0.0,0,15000,일반,일반
,,,,0.0,0,15000,일반,일반
,,,,0.0,0,15000,일반,일반
,,,,0.0,0,15000,일반,일반
,,,,0.0,0,15000,일반,일반
,,,,0.0,0,15000,일반,일반
,,,,0.0,0,15000,일반,일반
,,,,0.0,0,15000,일반,일반
,,,,0.0,0,15000,일반,일반
,,,,0.0,0,15000,일반,일반
,,,,0.0,0,15000,일반,일반
,,,,0.0,0,15000,일반,일반
,,,,0.0,0,15000,일반,일반
,,,,0.0,0,15000,일반,일반
,,,,0.0,0,15000,일반,일반
,,,,0.0,0,15000,일반,일반
,,,,0.0,0,15000,일반,일반
,,,,0.0,0,15000,일반,일반
,,,,0.0,0,15000,일반,일반
,,,,0.0,0,15000,일반,일반
,,,,0.0,0,15000,일반,일반
,,,,0.0,0,15000,일반,일반
,,,,0.0,0,15000,일반,일반
,,,,0.0,0,15000,일반,일반
,,,,0.0,0,15000,일반,일반
,,,,0.0,0,15000,일반,일반
,,,,0.0,0,15000,일반,일반
,,,,0.0,0,15000,일반,일반
,,,,0.0,0,15000,일반,일반
,,,,0.0,0,15000,일반,일반
,,,,0.0,0,15000,일반,일반
,,,,0.0,0,15000,일반,일반
,,,,0.0,0,15000,일반,일반
,,,,0.0,0,15000,일반,일반
,,,,0.0,0,15000,일반,일반
,,,,0.0,0,15000,일반,일반
,,,,0.0,0,15000,일반,일반
,,,,0.0,0,15000,일반,일반
,,,,0.0,0,15000,일반,일반
,,,,0.0,0,15000,일반,일반
,,,,0.0,0,15000,일반,일반
,,,,0.0,0,15000,일반,일반
,,,,0.0,0,15000,일반,일반
,,,,0.0,0,15000,일반,일반
,,,,0.0,0,15000,일반,일반
,,,,0.0,0,15000,일반,일반
,,,,0.0,0,15000,일반,일반
,,,,0.0,0,15000,일반,일반
,,,,0.0,0,15000,일반,일반
,,,,0.0,0,15000,일반,일반
,,,,0.0,0,15000,일반,일반
,,,,0.0,0,15000,일반,일반
,,,,0.0,0,15000,일반,일반
,,,,0.0,0,15000,일반,일반
,,,,0.0,0,15000,일반,일반
,,,,0.0,0,15000,일반,일반
,,,,0.0,0,15000,일반,일반
,,,,0.0,0,15000,일반,일반
,,,,0.0,0,15000,일반,일반
,,,,0.0,0,15000,일반,일반
,,,,0.0,0,15000,일반,일반
,,,,0.0,0,15000,일반,일반
,,,,0.0,0,15000,일반,일반
,,,,0.0,0,15000,일반,일반
,,,,0.0,0,15000,일반,일반
,,,,0.0,0,15000,일반,일반
,,,,0.0,0,15000,일반,일반
,,,,0.0,0,15000,일반,일반
,,,,0.0,0,15000,일반,일반
,,,,0.0,0,15000,일반,일반
,,,,0.0,0,15000,일반,일반
,,,,0.0,0,15000,일반,일반
,,,,0.0,0,15000,일반,일반
,,,,0.0,0,15000,일반,일반
,,,,0.0,0,15000,일반,일반
,,,,0.0,0,15000,일반,일반
,,,,0.0,0,15000,일반,일반
,,,,0.0,0,15000,일반,일반
,,,,0.0,0,15000,일반,일반
,,,,0.0,0,15000,일반,일반
,,,,0.0,0,15000,일반,일반
,,,,0.0,0,15000,일반,일반
,,,,0.0,0,15000,일반,일반
,,,,0.0,0,15000,일반,일반
,,,,0.0,0,15000,일반,일반
,,,,0.0,0,15000,일반,일반
,,,,0.0,0,15000,일반,일반
,,,,0.0,0,15000,일반,일반
,,,,0.0,0,15000,일반,일반
,,,,0.0,0,15000,일반,일반
,,,,0.0,0,15000,일반,일반
,,,,0.0,0,15000,일반,일반
,,,,0.0,0,15000,일반,일반
,,,,0.0,0,15000,일반,일반
,,,,0.0,0,15000,일반,일반
,,,,0.0,0,15000,일반,일반
,,,,0.0,0,15000,일반,일반
,,,,0.0,0,15000,일반,일반
,,,,0.0,0,15000,일반,일반
,,,,0.0,0,15000,일반,일반
,,,,0.0,0,15000,일반,일반
,,,,0.0,0,15000,일반,일반
,,,,0.0,0,15000,일반,일반
,,,,0.0,0,15000,일반,일반
,,,,0.0,0,15000,일반,일반
,,,,0.0,0,15000,일반,일반
,,,,0.0,0,15000,일반,일반
,,,,0.0,0,15000,일반,일반
,,,,0.0,0,15000,일반,일반
,,,,0.0,0,15000,일반,일반
,,,,0.0,0,15000,일반,일반
,,,,0.0,0,15000,일반,일반
,,,,0.0,0,15000,일반,일반
,,,,0.0,0,15000,일반,일반
,,,,0.0,0,15000,일반,일반
,,,,0.0,0,15000,일반,일반
,,,,0.0,0,15000,일반,일반
,,,,0.0,0,15000,일반,일반
,,,,0.0,0,15000,일반,일반
,,,,0.0,0,15000,일반,일반
,,,,0.0,0,15000,일반,일반
,,,,0.0,0,15000,일반,일반
,,,,0.0,0,15000,일반,일반
,,,,0.0,0,15000,일반,일반
,,,,0.0,0,15000,일반,일반
,,,,0.0,0,15000,일반,일반
,,,,0.0,0,15000,일반,일반
,,,,0.0,0,15000,일반,일반
,,,,0.0,0,15000,일반,일반
,,,,0.0,0,15000,일반,일반
,,,,0.0,0,15000,일반,일반
,,,,0.0,0,15000,일반,일반
,,,,0.0,0,15000,일반,일반
,,,,0.0,0,15000,일반,일반
,,,,0.0,0,15000,일반,일반
,,,,0.0,0,15000,일반,일반
,,,,0.0,0,15000,일반,일반
,,,,0.0,0,15000,일반,일반
,,,,0.0,0,15000,일반,일반
,,,,0.0,0,15000,일반,일반
,,,,0.0,0,15000,일반,일반
,,,,0.0,0,15000,일반,일반
,,,,0.0,0,15000,일반,일반
,,,,0.0,0,15000,일반,일반
,,,,0.0,0,15000,일반,일반
,,,,0.0,0,15000,일반,일반
,,,,0.0,0,15000,일반,일반
,,,,0.0,0,15000,일반,일반
,,,,0.0,0,15000,일반,일반
,,,,0.0,0,15000,일반,일반
,,,,0.0,0,15000,일반,일반
,,,,0.0,0,15000,일반,일반
,,,,0.0,0,15000,일반,일반
,,,,0.0,0,15000,일반,일반
,,,,0.0,0,15000,일반,일반
,,,,0.0,0,15000,일반,일반
,,,,0.0,0,15000,일반,일반
,,,,0.0,0,15000,일반,일반
,,,,0.0,0,15000,일반,일반
,,,,0.0,0,15000,일반,일반
,,,,0.0,0,15000,일반,일반
,,,,0.0,0,15000,일반,일반
,,,,0.0,0,15000,일반,일반
,,,,0.0,0,15000,일반,일반
,,,,0.0,0,15000,일반,일반
,,,,0.0,0,15000,일반,일반
,,,,0.0,0,15000,일반,일반
,,,,0.0,0,15000,일반,일반
,,,,0.0,0,15000,일반,일반
,,,,0.0,0,15000,일반,일반
,,,,0.0,0,15000,일반,일반
,,,,0.0,0,15000,일반,일반
,,,,0.0,0,15000,일반,일반
,,,,0.0,0,15000,일반,일반
,,,,0.0,0,15000,일반,일반
,,,,0.0,0,15000,일반,일반
,,,,0.0,0,15000,일반,일반
,,,,0.0,0,15000,일반,일반
,,,,0.0,0,15000,일반,일반
,,,,0.0,0,15000,일반,일반
,,,,0.0,0,15000,일반,일반
,,,,0.0,0,15000,일반,일반
,,,,0.0,0,15000,일반,일반
,,,,0.0,0,15000,일반,일반
,,,,0.0,0,15000,일반,일반
,,,,0.0,0,15000,일반,일반
,,,,0.0,0,15000,일반,일반
,,,,0.0,0,15000,일반,일반
,,,,0.0,0,15000,일반,일반
,,,,0.0,0,15000,일반,일반
,,,,0.0,0,15000,일반,일반
,,,,0.0,0,15000,일반,일반
,,,,0.0,0,15000,일반,일반
,,,,0.0,0,15000,일반,일반
,,,,0.0,0,15000,일반,일반
,,,,0.0,0,15000,일반,일반
,,,,0.0,0,15000,일반,일반
,,,,0.0,0,15000,일반,일반
,,,,0.0,0,15000,일반,일반
,,,,0.0,0,15000,일반,일반
,,,,0.0,0,15000,일반,일반
,,,,0.0,0,15000,일반,일반
,,,,0.0,0,15000,일반,일반
,,,,0.0,0,15000,일반,일반
,,,,0.0,0,15000,일반,일반
,,,,0.0,0,15000,일반,일반
,,,,0.0,0,15000,일반,일반
,,,,0.0,0,15000,일반,일반
,,,,0.0,0,15000,일반,일반
,,,,0.0,0,15000,일반,일반
,,,,0.0,0,15000,일반,일반
,,,,0.0,0,15000,일반,일반
,,,,0.0,0,15000,일반,일반
,,,,0.0,0,15000,일반,일반
,,,,0.0,0,15000,일반,일반
,,,,0.0,0,15000,일반,일반
,,,,0.0,0,15000,일반,일반
,,,,0.0,0,15000,일반,일반
,,,,0.0,0,15000,일반,일반
,,,,0.0,0,15000,일반,일반
,,,,0.0,0,15000,일반,일반
,,,,0.0,0,15000,일반,일반
,,,,0.0,0,15000,일반,일반
,,,,0.0,0,15000,일반,일반
,,,,0.0,0,15000,일반,일반
,,,,0.0,0,15000,일반,일반
,,,,0.0,0,15000,일반,일반
,,,,0.0,0,15000,일반,일반
,,,,0.0,0,15000,일반,일반
,,,,0.0,0,15000,일반,일반
,,,,0.0,0,15000,일반,일반
,,,,0.0,0,15000,일반,일반
,,,,0.0,0,15000,일반,일반
,,,,0.0,0,15000,일반,일반
,,,,0.0,0,15000,일반,일반
,,,,0.0,0,15000,일반,일반
,,,,0.0,0,15000,일반,일반
,,,,0.0,0,15000,일반,일반
,,,,0.0,0,15000,일반,일반
,,,,0.0,0,15000,일반,일반
,,,,0.0,0,15000,일반,일반
,,,,0.0,0,15000,일반,일반
,,,,0.0,0,15000,일반,일반
,,,,0.0,0,15000,일반,일반
,,,,0.0,0,15000,일반,일반
,,,,0.0,0,15000,일반,일반
,,,,0.0,0,15000,일반,일반
,,,,0.0,0,15000,일반,일반
,,,,0.0,0,15000,일반,일반
,,,,0.0,0,15000,일반,일반
,,,,0.0,0,15000,일반,일반
,,,,0.0,0,15000,일반,일반
,,,,0.0,0,15000,일반,일반
,,,,0.0,0,15000,일반,일반
,,,,0.0,0,15000,일반,일반
,,,,0.0,0,15000,일반,일반
,,,,0.0,0,15000,일반,일반
,,,,0.0,0,15000,일반,일반
,,,,0.0,0,15000,일반,일반
,,,,0.0,0,15000,일반,일반
,,,,0.0,0,15000,일반,일반
,,,,0.0,0,15000,일반,일반
,,,,0.0,0,15000,일반,일반
,,,,0.0,0,15000,일반,일반
,,,,0.0,0,15000,일반,일반
,,,,0.0,0,15000,일반,일반
,,,,0.0,0,15000,일반,일반
,,,,0.0,0,15000,일반,일반
,,,,0.0,0,15000,일반,일반
,,,,0.0,0,15000,일반,일반
,,,,0.0,0,15000,일반,일반
,,,,0.0,0,15000,일반,일반
,,,,0.0,0,15000,일반,일반
,,,,0.0,0,15000,일반,일반
,,,,0.0,0,15000,일반,일반
,,,,0.0,0,15000,일반,일반
,,,,0.0,0,15000,일반,일반
,,,,0.0,0,15000,일반,일반
,,,,0.0,0,15000,일반,일반
,,,,0.0,0,15000,일반,일반
,,,,0.0,0,15000,일반,일반
,,,,0.0,0,15000,일반,일반
,,,,0.0,0,15000,일반,일반
,,,,0.0,0,15000,일반,일반
,,,,0.0,0,15000,일반,일반
,,,,0.0,0,15000,일반,일반
,,,,0.0,0,15000,일반,일반
,,,,0.0,0,15000,일반,일반
,,,,0.0,0,15000,일반,일반
,,,,0.0,0,15000,일반,일반
,,,,0.0,0,15000,일반,일반
,,,,0.0,0,15000,일반,일반
,,,,0.0,0,15000,일반,일반
,,,,0.0,0,15000,일반,일반
,,,,0.0,0,15000,일반,일반
,,,,0.0,0,15000,일반,일반
,,,,0.0,0,15000,일반,일반
,,,,0.0,0,15000,일반,일반
,,,,0.0,0,15000,일반,일반
,,,,0.0,0,15000,일반,일반
,,,,0.0,0,15000,일반,일반
,,,,0.0,0,15000,일반,일반
,,,,0.0,0,15000,일반,일반
,,,,0.0,0,15000,일반,일반
,,,,0.0,0,15000,일반,일반
,,,,0.0,0,15000,일반,일반
,,,,0.0,0,15000,일반,일반
,,,,0.0,0,15000,일반,일반
,,,,0.0,0,15000,일반,일반
,,,,0.0,0,15000,일반,일반
,,,,0.0,0,15000,일반,일반
,,,,0.0,0,15000,일반,일반
,,,,0.0,0,15000,일반,일반
,,,,0.0,0,15000,일반,일반
,,,,0.0,0,15000,일반,일반
,,,,0.0,0,15000,일반,일반
,,,,0.0,0,15000,일반,일반
,,,,0.0,0,15000,일반,일반
,,,,0.0,0,15000,일반,일반
,,,,0.0,0,15000,일반,일반
,,,,0.0,0,15000,일반,일반
,,,,0.0,0,15000,일반,일반
,,,,0.0,0,15000,일반,일반
,,,,0.0,0,15000,일반,일반
,,,,0.0,0,15000,일반,일반
,,,,0.0,0,15000,일반,일반
,,,,0.0,0,15000,일반,일반
,,,,0.0,0,15000,일반,일반
,,,,0.0,0,15000,일반,일반
,,,,0.0,0,15000,일반,일반
,,,,0.0,0,15000,일반,일반
,,,,0.0,0,15000,일반,일반
,,,,0.0,0,15000,일반,일반
,,,,0.0,0,15000,일반,일반
,,,,0.0,0,15000,일반,일반
,,,,0.0,0,15000,일반,일반
,,,,0.0,0,15000,일반,일반
,,,,0.0,0,15000,일반,일반
,,,,0.0,0,15000,일반,일반
,,,,0.0,0,15000,일반,일반
,,,,0.0,0,15000,일반,일반
,,,,0.0,0,15000,일반,일반
,,,,0.0,0,15000,일반,일반
,,,,0.0,0,15000,일반,일반
,,,,0.0,0,15000,일반,일반
,,,,0.0,0,15000,일반,일반
,,,,0.0,0,15000,일반,일반
,,,,0.0,0,15000,일반,일반
,,,,0.0,0,15000,일반,일반
,,,,0.0,0,15000,일반,일반
,,,,0.0,0,15000,일반,일반
,,,,0.0,0,15000,일반,일반
,,,,0.0,0,15000,일반,일반
,,,,0.0,0,15000,일반,일반
,,,,0.0,0,15000,일반,일반
,,,,0.0,0,15000,일반,일반
,,,,0.0,0,15000,일반,일반
,,,,0.0,0,15000,일반,일반
,,,,0.0,0,15000,일반,일반
,,,,0.0,0,15000,일반,일반
,,,,0.0,0,15000,일반,일반
,,,,0.0,0,15000,일반,일반
,,,,0.0,0,15000,일반,일반
,,,,0.0,0,15000,일반,일반
,,,,0.0,0,15000,일반,일반
,,,,0.0,0,15000,일반,일반
,,,,0.0,0,15000,일반,일반
,,,,0.0,0,15000,일반,일반
,,,,0.0,0,15000,일반,일반
,,,,0.0,0,15000,일반,일반
,,,,0.0,0,15000,일반,일반
,,,,0.0,0,15000,일반,일반
,,,,0.0,0,15000,일반,일반
,,,,0.0,0,15000,일반,일반
,,,,0.0,0,15000,일반,일반
,,,,0.0,0,15000,일반,일반
,,,,0.0,0,15000,일반,일반
,,,,0.0,0,15000,일반,일반
,,,,0.0,0,15000,일반,일반
,,,,0.0,0,15000,일반,일반
,,,,0.0,0,15000,일반,일반
,,,,0.0,0,15000,일반,일반
,,,,0.0,0,15000,일반,일반
,,,,0.0,0,15000,일반,일반
,,,,0.0,0,15000,일반,일반
,,,,0.0,0,15000,일반,일반
,,,,0.0,0,15000,일반,일반
,,,,0.0,0,15000,일반,일반
,,,,0.0,0,15000,일반,일반
,,,,0.0,0,15000,일반,일반
,,,,0.0,0,15000,일반,일반
,,,,0.0,0,15000,일반,일반
,,,,0.0,0,15000,일반,일반
,,,,0.0,0,15000,일반,일반
,,,,0.0,0,15000,일반,일반
,,,,0.0,0,15000,일반,일반
,,,,0.0,0,15000,일반,일반
,,,,0.0,0,15000,일반,일반
,,,,0.0,0,15000,일반,일반
,,,,0.0,0,15000,일반,일반
,,,,0.0,0,15000,일반,일반
,,,,0.0,0,15000,일반,일반
,,,,0.0,0,15000,일반,일반
,,,,0.0,0,15000,일반,일반
,,,,0.0,0,15000,일반,일반
,,,,0.0,0,15000,일반,일반
,,,,0.0,0,15000,일반,일반
,,,,0.0,0,15000,일반,일반
,,,,0.0,0,15000,일반,일반
,,,,0.0,0,15000,일반,일반
,,,,0.0,0,15000,일반,일반
,,,,0.0,0,15000,일반,일반
,,,,0.0,0,15000,일반,일반
,,,,0.0,0,15000,일반,일반
,,,,0.0,0,15000,일반,일반
,,,,0.0,0,15000,일반,일반
,,,,0.0,0,15000,일반,일반
,,,,0.0,0,15000,일반,일반
,,,,0.0,0,15000,일반,일반
,,,,0.0,0,15000,일반,일반
,,,,0.0,0,15000,일반,일반
,,,,0.0,0,15000,일반,일반
,,,,0.0,0,15000,일반,일반
,,,,0.0,0,15000,일반,일반
,,,,0.0,0,15000,일반,일반
,,,,0.0,0,15000,일반,일반
,,,,0.0,0,15000,일반,일반
,,,,0.0,0,15000,일반,일반
,,,,0.0,0,15000,일반,일반
,,,,0.0,0,15000,일반,일반
,,,,0.0,0,15000,일반,일반
,,,,0.0,0,15000,일반,일반
,,,,0.0,0,15000,일반,일반
,,,,0.0,0,15000,일반,일반
,,,,0.0,0,15000,일반,일반
,,,,0.0,0,15000,일반,일반
,,,,0.0,0,15000,일반,일반
,,,,0.0,0,15000,일반,일반
,,,,0.0,0,15000,일반,일반
,,,,0.0,0,15000,일반,일반
,,,,0.0,0,15000,일반,일반
,,,,0.0,0,15000,일반,일반
,,,,0.0,0,15000,일반,일반
,,,,0.0,0,15000,일반,일반
,,,,0.0,0,15000,일반,일반
,,,,0.0,0,15000,일반,일반
,,,,0.0,0,15000,일반,일반
,,,,0.0,0,15000,일반,일반
,,,,0.0,0,15000,일반,일반
,,,,0.0,0,15000,일반,일반
,,,,0.0,0,15000,일반,일반
,,,,0.0,0,15000,일반,일반
,,,,0.0,0,15000,일반,일반
,,,,0.0,0,15000,일반,일반
,,,,0.0,0,15000,일반,일반
,,,,0.0,0,15000,일반,일반
,,,,0.0,0,15000,일반,일반
,,,,0.0,0,15000,일반,일반
,,,,0.0,0,15000,일반,일반
,,,,0.0,0,15000,일반,일반
,,,,0.0,0,15000,일반,일반
,,,,0.0,0,15000,일반,일반
,,,,0.0,0,15000,일반,일반
,,,,0.0,0,15000,일반,일반
,,,,0.0,0,15000,일반,일반
,,,,0.0,0,15000,일반,일반
,,,,0.0,0,15000,일반,일반
,,,,0.0,0,15000,일반,일반
,,,,0.0,0,15000,일반,일반
,,,,0.0,0,15000,일반,일반
,,,,0.0,0,15000,일반,일반
,,,,0.0,0,15000,일반,일반
,,,,0.0,0,15000,일반,일반
,,,,0.0,0,15000,일반,일반
,,,,0.0,0,15000,일반,일반
,,,,0.0,0,15000,일반,일반
,,,,0.0,0,15000,일반,일반
,,,,0.0,0,15000,일반,일반
,,,,0.0,0,15000,일반,일반
,,,,0.0,0,15000,일반,일반
,,,,0.0,0,15000,일반,일반
,,,,0.0,0,15000,일반,일반
,,,,0.0,0,15000,일반,일반
,,,,0.0,0,15000,일반,일반
,,,,0.0,0,15000,일반,일반
,,,,0.0,0,15000,일반,일반
,,,,0.0,0,15000,일반,일반
,,,,0.0,0,15000,일반,일반
,,,,0.0,0,15000,일반,일반
,,,,0.0,0,15000,일반,일반
,,,,0.0,0,15000,일반,일반
,,,,0.0,0,15000,일반,일반
,,,,0.0,0,15000,일반,일반
,,,,0.0,0,15000,일반,일반
,,,,0.0,0,15000,일반,일반
,,,,0.0,0,15000,일반,일반
,,,,0.0,0,15000,일반,일반
,,,,0.0,0,15000,일반,일반
,,,,0.0,0,15000,일반,일반
,,,,0.0,0,15000,일반,일반
,,,,0.0,0,15000,일반,일반
,,,,0.0,0,15000,일반,일반
,,,,0.0,0,15000,일반,일반
,,,,0.0,0,15000,일반,일반
,,,,0.0,0,15000,일반,일반
,,,,0.0,0,15000,일반,일반
,,,,0.0,0,15000,일반,일반
,,,,0.0,0,15000,일반,일반
,,,,0.0,0,15000,일반,일반
,,,,0.0,0,15000,일반,일반
,,,,0.0,0,15000,일반,일반
,,,,0.0,0,15000,일반,일반
,,,,0.0,0,15000,일반,일반
,,,,0.0,0,15000,일반,일반
,,,,0.0,0,15000,일반,일반
,,,,0.0,0,15000,일반,일반
,,,,0.0,0,15000,일반,일반
,,,,0.0,0,15000,일반,일반
,,,,0.0,0,15000,일반,일반
,,,,0.0,0,15000,일반,일반
,,,,0.0,0,15000,일반,일반
,,,,0.0,0,15000,일반,일반
,,,,0.0,0,15000,일반,일반
,,,,0.0,0,15000,일반,일반
,,,,0.0,0,15000,일반,일반
,,,,0.0,0,15000,일반,일반
,,,,0.0,0,15000,일반,일반
,,,,0.0,0,15000,일반,일반
,,,,0.0,0,15000,일반,일반
,,,,0.0,0,15000,일반,일반
,,,,0.0,0,15000,일반,일반
,,,,0.0,0,15000,일반,일반
,,,,0.0,0,15000,일반,일반
,,,,0.0,0,15000,일반,일반
,,,,0.0,0,15000,일반,일반
,,,,0.0,0,15000,일반,일반
,,,,0.0,0,15000,일반,일반
,,,,0.0,0,15000,일반,일반
,,,,0.0,0,15000,일반,일반
,,,,0.0,0,15000,일반,일반
,,,,0.0,0,15000,일반,일반
,,,,0.0,0,15000,일반,일반
,,,,0.0,0,15000,일반,일반
,,,,0.0,0,15000,일반,일반
,,,,0.0,0,15000,일반,일반
,,,,0.0,0,15000,일반,일반
,,,,0.0,0,15000,일반,일반
,,,,0.0,0,15000,일반,일반
,,,,0.0,0,15000,일반,일반
,,,,0.0,0,15000,일반,일반
,,,,0.0,0,15000,일반,일반
,,,,0.0,0,15000,일반,일반
,,,,0.0,0,15000,일반,일반
,,,,0.0,0,15000,일반,일반
,,,,0.0,0,15000,일반,일반
,,,,0.0,0,15000,일반,일반
,,,,0.0,0,15000,일반,일반
,,,,0.0,0,15000,일반,일반
,,,,0.0,0,15000,일반,일반
,,,,0.0,0,15000,일반,일반
,,,,0.0,0,15000,일반,일반
,,,,0.0,0,15000,일반,일반
,,,,0.0,0,15000,일반,일반
,,,,0.0,0,15000,일반,일반
,,,,0.0,0,15000,일반,일반
,,,,0.0,0,15000,일반,일반
,,,,0.0,0,15000,일반,일반
,,,,0.0,0,15000,일반,일반
,,,,0.0,0,15000,일반,일반
,,,,0.0,0,15000,일반,일반
,,,,0.0,0,15000,일반,일반
,,,,0.0,0,15000,일반,일반
,,,,0.0,0,15000,일반,일반
,,,,0.0,0,15000,일반,일반
,,,,0.0,0,15000,일반,일반
,,,,0.0,0,15000,일반,일반
,,,,0.0,0,15000,일반,일반
,,,,0.0,0,15000,일반,일반
,,,,0.0,0,15000,일반,일반
,,,,0.0,0,15000,일반,일반
,,,,0.0,0,15000,일반,일반
,,,,0.0,0,15000,일반,일반
,,,,0.0,0,15000,일반,일반
,,,,0.0,0,15000,일반,일반
,,,,0.0,0,15000,일반,일반
,,,,0.0,0,15000,일반,일반
,,,,0.0,0,15000,일반,일반
,,,,0.0,0,15000,일반,일반
,,,,0.0,0,15000,일반,일반
,,,,0.0,0,15000,일반,일반
,,,,0.0,0,15000,일반,일반
,,,,0.0,0,15000,일반,일반
,,,,0.0,0,15000,일반,일반
,,,,0.0,0,15000,일반,일반
,,,,0.0,0,15000,일반,일반
,,,,0.0,0,15000,일반,일반
,,,,0.0,0,15000,일반,일반
,,,,0.0,0,15000,일반,일반
,,,,0.0,0,15000,일반,일반
,,,,0.0,0,15000,일반,일반
,,,,0.0,0,15000,일반,일반
,,,,0.0,0,15000,일반,일반
,,,,0.0,0,15000,일반,일반
,,,,0.0,0,15000,일반,일반
,,,,0.0,0,15000,일반,일반
,,,,0.0,0,15000,일반,일반
,,,,0.0,0,15000,일반,일반
,,,,0.0,0,15000,일반,일반
,,,,0.0,0,15000,일반,일반
,,,,0.0,0,15000,일반,일반
,,,,0.0,0,15000,일반,일반
,,,,0.0,0,15000,일반,일반
,,,,0.0,0,15000,일반,일반
,,,,0.0,0,15000,일반,일반
,,,,0.0,0,15000,일반,일반
,,,,0.0,0,15000,일반,일반
,,,,0.0,0,15000,일반,일반
,,,,0.0,0,15000,일반,일반
,,,,0.0,0,15000,일반,일반
,,,,0.0,0,15000,일반,일반
,,,,0.0,0,15000,일반,일반
,,,,0.0,0,15000,일반,일반
,,,,0.0,0,15000,일반,일반
,,,,0.0,0,15000,일반,일반
,,,,0.0,0,15000,일반,일반
,,,,0.0,0,15000,일반,일반
,,,,0.0,0,15000,일반,일반
,,,,0.0,0,15000,일반,일반
,,,,0.0,0,15000,일반,일반
,,,,0.0,0,15000,일반,일반
,,,,0.0,0,15000,일반,일반
,,,,0.0,0,15000,일반,일반
,,,,0.0,0,15000,일반,일반
,,,,0.0,0,15000,일반,일반
,,,,0.0,0,15000,일반,일반
,,,,0.0,0,15000,일반,일반
,,,,0.0,0,15000,일반,일반
,,,,0.0,0,15000,일반,일반
,,,,0.0,0,15000,일반,일반
,,,,0.0,0,15000,일반,일반
,,,,0.0,0,15000,일반,일반
,,,,0.0,0,15000,일반,일반
,,,,0.0,0,15000,일반,일반
,,,,0.0,0,15000,일반,일반
,,,,0.0,0,15000,일반,일반
,,,,0.0,0,15000,일반,일반
,,,,0.0,0,15000,일반,일반
,,,,0.0,0,15000,일반,일반
,,,,0.0,0,15000,일반,일반
,,,,0.0,0,15000,일반,일반
,,,,0.0,0,15000,일반,일반
,,,,0.0,0,15000,일반,일반
,,,,0.0,0,15000,일반,일반
,,,,0.0,0,15000,일반,일반
,,,,0.0,0,15000,일반,일반
,,,,0.0,0,15000,일반,일반
,,,,0.0,0,15000,일반,일반
,,,,0.0,0,15000,일반,일반
,,,,0.0,0,15000,일반,일반
,,,,0.0,0,15000,일반,일반
,,,,0.0,0,15000,일반,일반
,,,,0.0,0,15000,일반,일반
,,,,0.0,0,15000,일반,일반
,,,,0.0,0,15000,일반,일반
,,,,0.0,0,15000,일반,일반
,,,,0.0,0,15000,일반,일반
,,,,0.0,0,15000,일반,일반
,,,,0.0,0,15000,일반,일반
,,,,0.0,0,15000,일반,일반
,,,,0.0,0,15000,일반,일반
,,,,0.0,0,15000,일반,일반
,,,,0.0,0,15000,일반,일반
,,,,0.0,0,15000,일반,일반
,,,,0.0,0,15000,일반,일반
,,,,0.0,0,15000,일반,일반
,,,,0.0,0,15000,일반,일반
,,,,0.0,0,15000,일반,일반
,,,,0.0,0,15000,일반,일반
,,,,0.0,0,15000,일반,일반
,,,,0.0,0,15000,일반,일반
,,,,0.0,0,15000,일반,일반
,,,,0.0,0,15000,일반,일반
,,,,0.0,0,15000,일반,일반
,,,,0.0,0,15000,일반,일반
,,,,0.0,0,15000,일반,일반
,,,,0.0,0,15000,일반,일반
,,,,0.0,0,15000,일반,일반
,,,,0.0,0,15000,일반,일반
,,,,0.0,0,15000,일반,일반
,,,,0.0,0,15000,일반,일반
,,,,0.0,0,15000,일반,일반
,,,,0.0,0,15000,일반,일반
,,,,0.0,0,15000,일반,일반
,,,,0.0,0,15000,일반,일반
,,,,0.0,0,15000,일반,일반
,,,,0.0,0,15000,일반,일반
,,,,0.0,0,15000,일반,일반
,,,,0.0,0,15000,일반,일반
,,,,0.0,0,15000,일반,일반
,,,,0.0,0,15000,일반,일반
,,,,0.0,0,15000,일반,일반
,,,,0.0,0,15000,일반,일반
,,,,0.0,0,15000,일반,일반
,,,,0.0,0,15000,일반,일반
,,,,0.0,0,15000,일반,일반
,,,,0.0,0,15000,일반,일반
,,,,0.0,0,15000,일반,일반
,,,,0.0,0,15000,일반,일반
,,,,0.0,0,15000,일반,일반
,,,,0.0,0,15000,일반,일반
,,,,0.0,0,15000,일반,일반
,,,,0.0,0,15000,일반,일반
,,,,0.0,0,15000,일반,일반
,,,,0.0,0,15000,일반,일반
,,,,0.0,0,15000,일반,일반
,,,,0.0,0,15000,일반,일반
,,,,0.0,0,15000,일반,일반
,,,,0.0,0,15000,일반,일반
,,,,0.0,0,15000,일반,일반
,,,,0.0,0,15000,일반,일반
,,,,0.0,0,15000,일반,일반
,,,,0.0,0,15000,일반,일반
,,,,0.0,0,15000,일반,일반
,,,,0.0,0,15000,일반,일반
,,,,0.0,0,15000,일반,일반
,,,,0.0,0,15000,일반,일반
,,,,0.0,0,15000,일반,일반
,,,,0.0,0,15000,일반,일반
,,,,0.0,0,15000,일반,일반
,,,,0.0,0,15000,일반,일반
,,,,0.0,0,15000,일반,일반
,,,,0.0,0,15000,일반,일반
,,,,0.0,0,15000,일반,일반
,,,,0.0,0,15000,일반,일반
,,,,0.0,0,15000,일반,일반
,,,,0.0,0,15000,일반,일반
,,,,0.0,0,15000,일반,일반
,,,,0.0,0,15000,일반,일반
,,,,0.0,0,15000,일반,일반
,,,,0.0,0,15000,일반,일반
,,,,0.0,0,15000,일반,일반
,,,,0.0,0,15000,일반,일반
,,,,0.0,0,15000,일반,일반
,,,,0.0,0,15000,일반,일반
,,,,0.0,0,15000,일반,일반
,,,,0.0,0,15000,일반,일반
,,,,0.0,0,15000,일반,일반
,,,,0.0,0,15000,일반,일반
,,,,0.0,0,15000,일반,일반
,,,,0.0,0,15000,일반,일반
,,,,0.0,0,15000,일반,일반
,,,,0.0,0,15000,일반,일반
,,,,0.0,0,15000,일반,일반
,,,,0.0,0,15000,일반,일반
,,,,0.0,0,15000,일반,일반
,,,,0.0,0,15000,일반,일반
,,,,0.0,0,15000,일반,일반
,,,,0.0,0,15000,일반,일반
,,,,0.0,0,15000,일반,일반
,,,,0.0,0,15000,일반,일반
,,,,0.0,0,15000,일반,일반
,,,,0.0,0,15000,일반,일반
,,,,0.0,0,15000,일반,일반
,,,,0.0,0,15000,일반,일반
,,,,0.0,0,15000,일반,일반
,,,,0.0,0,15000,일반,일반
,,,,0.0,0,15000,일반,일반
,,,,0.0,0,15000,일반,일반
,,,,0.0,0,15000,일반,일반
,,,,0.0,0,15000,일반,일반
,,,,0.0,0,15000,일반,일반
,,,,0.0,0,15000,일반,일반
,,,,0.0,0,15000,일반,일반
,,,,0.0,0,15000,일반,일반
,,,,0.0,0,15000,일반,일반
,,,,0.0,0,15000,일반,일반
,,,,0.0,0,15000,일반,일반
,,,,0.0,0,15000,일반,일반
,,,,0.0,0,15000,일반,일반
,,,,0.0,0,15000,일반,일반
,,,,0.0,0,15000,일반,일반
,,,,0.0,0,15000,일반,일반
,,,,0.0,0,15000,일반,일반
,,,,0.0,0,15000,일반,일반
,,,,0.0,0,15000,일반,일반
,,,,0.0,0,15000,일반,일반
,,,,0.0,0,15000,일반,일반
,,,,0.0,0,15000,일반,일반
,,,,0.0,0,15000,일반,일반
,,,,0.0,0,15000,일반,일반
,,,,0.0,0,15000,일반,일반
,,,,0.0,0,15000,일반,일반
,,,,0.0,0,15000,일반,일반
,,,,0.0,0,15000,일반,일반
,,,,0.0,0,15000,일반,일반
,,,,0.0,0,15000,일반,일반
,,,,0.0,0,15000,일반,일반
,,,,0.0,0,15000,일반,일반
,,,,0.0,0,15000,일반,일반
,,,,0.0,0,15000,일반,일반
,,,,0.0,0,15000,일반,일반
,,,,0.0,0,15000,일반,일반
,,,,0.0,0,15000,일반,일반
,,,,0.0,0,15000,일반,일반
,,,,0.0,0,15000,일반,일반
,,,,0.0,0,15000,일반,일반
,,,,0.0,0,15000,일반,일반
,,,,0.0,0,15000,일반,일반
,,,,0.0,0,15000,일반,일반
,,,,0.0,0,15000,일반,일반
,,,,0.0,0,15000,일반,일반
,,,,0.0,0,15000,일반,일반
,,,,0.0,0,15000,일반,일반
,,,,0.0,0,15000,일반,일반
,,,,0.0,0,15000,일반,일반
,,,,0.0,0,15000,일반,일반
,,,,0.0,0,15000,일반,일반
,,,,0.0,0,15000,일반,일반
,,,,0.0,0,15000,일반,일반
,,,,0.0,0,15000,일반,일반
,,,,0.0,0,15000,일반,일반
,,,,0.0,0,15000,일반,일반
,,,,0.0,0,15000,일반,일반
,,,,0.0,0,15000,일반,일반
,,,,0.0,0,15000,일반,일반
,,,,0.0,0,15000,일반,일반
,,,,0.0,0,15000,일반,일반
,,,,0.0,0,15000,일반,일반
,,,,0.0,0,15000,일반,일반
,,,,0.0,0,15000,일반,일반
,,,,0.0,0,15000,일반,일반
,,,,0.0,0,15000,일반,일반
,,,,0.0,0,15000,일반,일반
,,,,0.0,0,15000,일반,일반
,,,,0.0,0,15000,일반,일반
,,,,0.0,0,15000,일반,일반
,,,,0.0,0,15000,일반,일반
,,,,0.0,0,15000,일반,일반
,,,,0.0,0,15000,일반,일반
,,,,0.0,0,15000,일반,일반
,,,,0.0,0,15000,일반,일반
,,,,0.0,0,15000,일반,일반
,,,,0.0,0,15000,일반,일반
,,,,0.0,0,15000,일반,일반
,,,,0.0,0,15000,일반,일반
,,,,0.0,0,15000,일반,일반
,,,,0.0,0,15000,일반,일반
,,,,0.0,0,15000,일반,일반
,,,,0.0,0,15000,일반,일반
,,,,0.0,0,15000,일반,일반
,,,,0.0,0,15000,일반,일반
,,,,0.0,0,15000,일반,일반
,,,,0.0,0,15000,일반,일반
,,,,0.0,0,15000,일반,일반
,,,,0.0,0,15000,일반,일반
,,,,0.0,0,15000,일반,일반
,,,,0.0,0,15000,일반,일반
,,,,0.0,0,15000,일반,일반
,,,,0.0,0,15000,일반,일반
,,,,0.0,0,15000,일반,일반
,,,,0.0,0,15000,일반,일반
,,,,0.0,0,15000,일반,일반
,,,,0.0,0,15000,일반,일반
,,,,0.0,0,15000,일반,일반
,,,,0.0,0,15000,일반,일반
,,,,0.0,0,15000,일반,일반
,,,,0.0,0,15000,일반,일반
,,,,0.0,0,15000,일반,일반
,,,,0.0,0,15000,일반,일반
,,,,0.0,0,15000,일반,일반
,,,,0.0,0,15000,일반,일반
,,,,0.0,0,15000,일반,일반
,,,,0.0,0,15000,일반,일반
,,,,0.0,0,15000,일반,일반
,,,,0.0,0,15000,일반,일반
,,,,0.0,0,15000,일반,일반
,,,,0.0,0,15000,일반,일반
,,,,0.0,0,15000,일반,일반
,,,,0.0,0,15000,일반,일반
,,,,0.0,0,15000,일반,일반
,,,,0.0,0,15000,일반,일반
,,,,0.0,0,15000,일반,일반
,,,,0.0,0,15000,일반,일반
,,,,0.0,0,15000,일반,일반
,,,,0.0,0,15000,일반,일반
,,,,0.0,0,15000,일반,일반
,,,,0.0,0,15000,일반,일반
,,,,0.0,0,15000,일반,일반
,,,,0.0,0,15000,일반,일반
,,,,0.0,0,15000,일반,일반
,,,,0.0,0,15000,일반,일반
,,,,0.0,0,15000,일반,일반
,,,,0.0,0,15000,일반,일반
,,,,0.0,0,15000,일반,일반
,,,,0.0,0,15000,일반,일반
,,,,0.0,0,15000,일반,일반
,,,,0.0,0,15000,일반,일반
,,,,0.0,0,15000,일반,일반
,,,,0.0,0,15000,일반,일반
,,,,0.0,0,15000,일반,일반
,,,,0.0,0,15000,일반,일반
,,,,0.0,0,15000,일반,일반
,,,,0.0,0,15000,일반,일반
,,,,0.0,0,15000,일반,일반
,,,,0.0,0,15000,일반,일반
,,,,0.0,0,15000,일반,일반
,,,,0.0,0,15000,일반,일반
,,,,0.0,0,15000,일반,일반
,,,,0.0,0,15000,일반,일반
,,,,0.0,0,15000,일반,일반
,,,,0.0,0,15000,일반,일반
,,,,0.0,0,15000,일반,일반
,,,,0.0,0,15000,일반,일반
,,,,0.0,0,15000,일반,일반
,,,,0.0,0,15000,일반,일반
,,,,0.0,0,15000,일반,일반
,,,,0.0,0,15000,일반,일반
,,,,0.0,0,15000,일반,일반
,,,,0.0,0,15000,일반,일반
,,,,0.0,0,15000,일반,일반
,,,,0.0,0,15000,일반,일반
,,,,0.0,0,15000,일반,일반
,,,,0.0,0,15000,일반,일반
,,,,0.0,0,15000,일반,일반
,,,,0.0,0,15000,일반,일반
,,,,0.0,0,15000,일반,일반
,,,,0.0,0,15000,일반,일반
,,,,0.0,0,15000,일반,일반
,,,,0.0,0,15000,일반,일반
,,,,0.0,0,15000,일반,일반
,,,,0.0,0,15000,일반,일반
,,,,0.0,0,15000,일반,일반
,,,,0.0,0,15000,일반,일반
,,,,0.0,0,15000,일반,일반
,,,,0.0,0,15000,일반,일반
,,,,0.0,0,15000,일반,일반
,,,,0.0,0,15000,일반,일반
,,,,0.0,0,15000,일반,일반
,,,,0.0,0,15000,일반,일반
,,,,0.0,0,15000,일반,일반
,,,,0.0,0,15000,일반,일반
,,,,0.0,0,15000,일반,일반
,,,,0.0,0,15000,일반,일반
,,,,0.0,0,15000,일반,일반
,,,,0.0,0,15000,일반,일반
,,,,0.0,0,15000,일반,일반
,,,,0.0,0,15000,일반,일반
,,,,0.0,0,15000,일반,일반
,,,,0.0,0,15000,일반,일반
,,,,0.0,0,15000,일반,일반
,,,,0.0,0,15000,일반,일반
,,,,0.0,0,15000,일반,일반
,,,,0.0,0,15000,일반,일반
,,,,0.0,0,15000,일반,일반
,,,,0.0,0,15000,일반,일반
,,,,0.0,0,15000,일반,일반
,,,,0.0,0,15000,일반,일반
,,,,0.0,0,15000,일반,일반
,,,,0.0,0,15000,일반,일반
,,,,0.0,0,15000,일반,일반
,,,,0.0,0,15000,일반,일반
,,,,0.0,0,15000,일반,일반
,,,,0.0,0,15000,일반,일반
,,,,0.0,0,15000,일반,일반
,,,,0.0,0,15000,일반,일반
,,,,0.0,0,15000,일반,일반
,,,,0.0,0,15000,일반,일반
,,,,0.0,0,15000,일반,일반
,,,,0.0,0,15000,일반,일반
,,,,0.0,0,15000,일반,일반
,,,,0.0,0,15000,일반,일반
,,,,0.0,0,15000,일반,일반
,,,,0.0,0,15000,일반,일반
,,,,0.0,0,15000,일반,일반
,,,,0.0,0,15000,일반,일반
,,,,0.0,0,15000,일반,일반
,,,,0.0,0,15000,일반,일반
,,,,0.0,0,15000,일반,일반
,,,,0.0,0,15000,일반,일반
,,,,0.0,0,15000,일반,일반
,,,,0.0,0,15000,일반,일반
,,,,0.0,0,15000,일반,일반
,,,,0.0,0,15000,일반,일반
,,,,0.0,0,15000,일반,일반
,,,,0.0,0,15000,일반,일반
,,,,0.0,0,15000,일반,일반
,,,,0.0,0,15000,일반,일반
,,,,0.0,0,15000,일반,일반
,,,,0.0,0,15000,일반,일반
,,,,0.0,0,15000,일반,일반
,,,,0.0,0,15000,일반,일반
,,,,0.0,0,15000,일반,일반
,,,,0.0,0,15000,일반,일반
,,,,0.0,0,15000,일반,일반
,,,,0.0,0,15000,일반,일반
,,,,0.0,0,15000,일반,일반
,,,,0.0,0,15000,일반,일반
,,,,0.0,0,15000,일반,일반
,,,,0.0,0,15000,일반,일반
,,,,0.0,0,15000,일반,일반
,,,,0.0,0,15000,일반,일반
,,,,0.0,0,15000,일반,일반
,,,,0.0,0,15000,일반,일반
,,,,0.0,0,15000,일반,일반
,,,,0.0,0,15000,일반,일반
,,,,0.0,0,15000,일반,일반
,,,,0.0,0,15000,일반,일반
,,,,0.0,0,15000,일반,일반
,,,,0.0,0,15000,일반,일반
,,,,0.0,0,15000,일반,일반
,,,,0.0,0,15000,일반,일반
,,,,0.0,0,15000,일반,일반
,,,,0.0,0,15000,일반,일반
,,,,0.0,0,15000,일반,일반
,,,,0.0,0,15000,일반,일반
,,,,0.0,0,15000,일반,일반
,,,,0.0,0,15000,일반,일반
,,,,0.0,0,15000,일반,일반
,,,,0.0,0,15000,일반,일반
,,,,0.0,0,15000,일반,일반
,,,,0.0,0,15000,일반,일반
,,,,0.0,0,15000,일반,일반
,,,,0.0,0,15000,일반,일반
,,,,0.0,0,15000,일반,일반
,,,,0.0,0,15000,일반,일반
,,,,0.0,0,15000,일반,일반
,,,,0.0,0,15000,일반,일반
,,,,0.0,0,15000,일반,일반
,,,,0.0,0,15000,일반,일반
,,,,0.0,0,15000,일반,일반
,,,,0.0,0,15000,일반,일반
,,,,0.0,0,15000,일반,일반
,,,,0.0,0,15000,일반,일반
,,,,0.0,0,15000,일반,일반
,,,,0.0,0,15000,일반,일반
,,,,0.0,0,15000,일반,일반
,,,,0.0,0,15000,일반,일반
,,,,0.0,0,15000,일반,일반
,,,,0.0,0,15000,일반,일반
,,,,0.0,0,15000,일반,일반
,,,,0.0,0,15000,일반,일반
,,,,0.0,0,15000,일반,일반
,,,,0.0,0,15000,일반,일반
,,,,0.0,0,15000,일반,일반
,,,,0.0,0,15000,일반,일반
,,,,0.0,0,15000,일반,일반
,,,,0.0,0,15000,일반,일반
,,,,0.0,0,15000,일반,일반
,,,,0.0,0,15000,일반,일반
,,,,0.0,0,15000,일반,일반
,,,,0.0,0,15000,일반,일반
,,,,0.0,0,15000,일반,일반
,,,,0.0,0,15000,일반,일반
,,,,0.0,0,15000,일반,일반
,,,,0.0,0,15000,일반,일반
,,,,0.0,0,15000,일반,일반
,,,,0.0,0,15000,일반,일반
,,,,0.0,0,15000,일반,일반
,,,,0.0,0,15000,일반,일반
,,,,0.0,0,15000,일반,일반
,,,,0.0,0,15000,일반,일반
,,,,0.0,0,15000,일반,일반
,,,,0.0,0,15000,일반,일반
,,,,0.0,0,15000,일반,일반
,,,,0.0,0,15000,일반,일반
,,,,0.0,0,15000,일반,일반
,,,,0.0,0,15000,일반,일반
,,,,0.0,0,15000,일반,일반
,,,,0.0,0,15000,일반,일반
,,,,0.0,0,15000,일반,일반
,,,,0.0,0,15000,일반,일반
,,,,0.0,0,15000,일반,일반
,,,,0.0,0,15000,일반,일반
,,,,0.0,0,15000,일반,일반
,,,,0.0,0,15000,일반,일반
,,,,0.0,0,15000,일반,일반
,,,,0.0,0,15000,일반,일반
,,,,0.0,0,15000,일반,일반
,,,,0.0,0,15000,일반,일반
,,,,0.0,0,15000,일반,일반
,,,,0.0,0,15000,일반,일반
,,,,0.0,0,15000,일반,일반
,,,,0.0,0,15000,일반,일반
,,,,0.0,0,15000,일반,일반
,,,,0.0,0,15000,일반,일반
,,,,0.0,0,15000,일반,일반
,,,,0.0,0,15000,일반,일반
,,,,0.0,0,15000,일반,일반
,,,,0.0,0,15000,일반,일반
,,,,0.0,0,15000,일반,일반
,,,,0.0,0,15000,일반,일반
,,,,0.0,0,15000,일반,일반
,,,,0.0,0,15000,일반,일반
,,,,0.0,0,15000,일반,일반
,,,,0.0,0,15000,일반,일반
,,,,0.0,0,15000,일반,일반
,,,,0.0,0,15000,일반,일반
,,,,0.0,0,15000,일반,일반
,,,,0.0,0,15000,일반,일반
,,,,0.0,0,15000,일반,일반
,,,,0.0,0,15000,일반,일반
,,,,0.0,0,15000,일반,일반
,,,,0.0,0,15000,일반,일반
,,,,0.0,0,15000,일반,일반
,,,,0.0,0,15000,일반,일반
,,,,0.0,0,15000,일반,일반
,,,,0.0,0,15000,일반,일반
,,,,0.0,0,15000,일반,일반
,,,,0.0,0,15000,일반,일반
,,,,0.0,0,15000,일반,일반
,,,,0.0,0,15000,일반,일반
,,,,0.0,0,15000,일반,일반
,,,,0.0,0,15000,일반,일반
,,,,0.0,0,15000,일반,일반
,,,,0.0,0,15000,일반,일반
,,,,0.0,0,15000,일반,일반
,,,,0.0,0,15000,일반,일반
,,,,0.0,0,15000,일반,일반
,,,,0.0,0,15000,일반,일반
,,,,0.0,0,15000,일반,일반
,,,,0.0,0,15000,일반,일반
,,,,0.0,0,15000,일반,일반
,,,,0.0,0,15000,일반,일반
,,,,0.0,0,15000,일반,일반
,,,,0.0,0,15000,일반,일반
,,,,0.0,0,15000,일반,일반
,,,,0.0,0,15000,일반,일반
,,,,0.0,0,15000,일반,일반
,,,,0.0,0,15000,일반,일반
,,,,0.0,0,15000,일반,일반
,,,,0.0,0,15000,일반,일반
,,,,0.0,0,15000,일반,일반
,,,,0.0,0,15000,일반,일반
,,,,0.0,0,15000,일반,일반
,,,,0.0,0,15000,일반,일반
,,,,0.0,0,15000,일반,일반
,,,,0.0,0,15000,일반,일반
,,,,0.0,0,15000,일반,일반
,,,,0.0,0,15000,일반,일반
,,,,0.0,0,15000,일반,일반
,,,,0.0,0,15000,일반,일반
,,,,0.0,0,15000,일반,일반
,,,,0.0,0,15000,일반,일반
,,,,0.0,0,15000,일반,일반
,,,,0.0,0,15000,일반,일반
,,,,0.0,0,15000,일반,일반
,,,,0.0,0,15000,일반,일반
,,,,0.0,0,15000,일반,일반
,,,,0.0,0,15000,일반,일반
,,,,0.0,0,15000,일반,일반
,,,,0.0,0,15000,일반,일반
,,,,0.0,0,15000,일반,일반
,,,,0.0,0,15000,일반,일반
,,,,0.0,0,15000,일반,일반
,,,,0.0,0,15000,일반,일반
,,,,0.0,0,15000,일반,일반
,,,,0.0,0,15000,일반,일반
,,,,0.0,0,15000,일반,일반
,,,,0.0,0,15000,일반,일반
,,,,0.0,0,15000,일반,일반
,,,,0.0,0,15000,일반,일반
,,,,0.0,0,15000,일반,일반
,,,,0.0,0,15000,일반,일반
,,,,0.0,0,15000,일반,일반
,,,,0.0,0,15000,일반,일반
,,,,0.0,0,15000,일반,일반
,,,,0.0,0,15000,일반,일반
,,,,0.0,0,15000,일반,일반
,,,,0.0,0,15000,일반,일반
,,,,0.0,0,15000,일반,일반
,,,,0.0,0,15000,일반,일반
,,,,0.0,0,15000,일반,일반
,,,,0.0,0,15000,일반,일반
,,,,0.0,0,15000,일반,일반
,,,,0.0,0,15000,일반,일반
,,,,0.0,0,15000,일반,일반
,,,,0.0,0,15000,일반,일반
,,,,0.0,0,15000,일반,일반
,,,,0.0,0,15000,일반,일반
,,,,0.0,0,15000,일반,일반
,,,,0.0,0,15000,일반,일반
,,,,0.0,0,15000,일반,일반
,,,,0.0,0,15000,일반,일반
,,,,0.0,0,15000,일반,일반
,,,,0.0,0,15000,일반,일반
,,,,0.0,0,15000,일반,일반
,,,,0.0,0,15000,일반,일반
,,,,0.0,0,15000,일반,일반
,,,,0.0,0,15000,일반,일반
,,,,0.0,0,15000,일반,일반
,,,,0.0,0,15000,일반,일반
,,,,0.0,0,15000,일반,일반
,,,,0.0,0,15000,일반,일반
,,,,0.0,0,15000,일반,일반
,,,,0.0,0,15000,일반,일반
,,,,0.0,0,15000,일반,일반
,,,,0.0,0,15000,일반,일반
,,,,0.0,0,15000,일반,일반
,,,,0.0,0,15000,일반,일반
,,,,0.0,0,15000,일반,일반
,,,,0.0,0,15000,일반,일반
,,,,0.0,0,15000,일반,일반
,,,,0.0,0,15000,일반,일반
,,,,0.0,0,15000,일반,일반
,,,,0.0,0,15000,일반,일반
,,,,0.0,0,15000,일반,일반
,,,,0.0,0,15000,일반,일반
,,,,0.0,0,15000,일반,일반
,,,,0.0,0,15000,일반,일반
,,,,0.0,0,15000,일반,일반
,,,,0.0,0,15000,일반,일반
,,,,0.0,0,15000,일반,일반
,,,,0.0,0,15000,일반,일반
,,,,0.0,0,15000,일반,일반
,,,,0.0,0,15000,일반,일반
,,,,0.0,0,15000,일반,일반
,,,,0.0,0,15000,일반,일반
,,,,0.0,0,15000,일반,일반
,,,,0.0,0,15000,일반,일반
,,,,0.0,0,15000,일반,일반
,,,,0.0,0,15000,일반,일반
,,,,0.0,0,15000,일반,일반
,,,,0.0,0,15000,일반,일반
,,,,0.0,0,15000,일반,일반
,,,,0.0,0,15000,일반,일반
,,,,0.0,0,15000,일반,일반
,,,,0.0,0,15000,일반,일반
,,,,0.0,0,15000,일반,일반
,,,,0.0,0,15000,일반,일반
,,,,0.0,0,15000,일반,일반
,,,,0.0,0,15000,일반,일반
,,,,0.0,0,15000,일반,일반
,,,,0.0,0,15000,일반,일반
,,,,0.0,0,15000,일반,일반
,,,,0.0,0,15000,일반,일반
,,,,0.0,0,15000,일반,일반
,,,,0.0,0,15000,일반,일반
,,,,0.0,0,15000,일반,일반
,,,,0.0,0,15000,일반,일반
,,,,0.0,0,15000,일반,일반
,,,,0.0,0,15000,일반,일반
,,,,0.0,0,15000,일반,일반
,,,,0.0,0,15000,일반,일반
,,,,0.0,0,15000,일반,일반
,,,,0.0,0,15000,일반,일반
,,,,0.0,0,15000,일반,일반
,,,,0.0,0,15000,일반,일반
,,,,0.0,0,15000,일반,일반
,,,,0.0,0,15000,일반,일반
,,,,0.0,0,15000,일반,일반
,,,,0.0,0,15000,일반,일반
,,,,0.0,0,15000,일반,일반
,,,,0.0,0,15000,일반,일반
,,,,0.0,0,15000,일반,일반
,,,,0.0,0,15000,일반,일반
,,,,0.0,0,15000,일반,일반
,,,,0.0,0,15000,일반,일반
,,,,0.0,0,15000,일반,일반
,,,,0.0,0,15000,일반,일반
,,,,0.0,0,15000,일반,일반
,,,,0.0,0,15000,일반,일반
,,,,0.0,0,15000,일반,일반
,,,,0.0,0,15000,일반,일반
,,,,0.0,0,15000,일반,일반
,,,,0.0,0,15000,일반,일반
,,,,0.0,0,15000,일반,일반
,,,,0.0,0,15000,일반,일반
,,,,0.0,0,15000,일반,일반
,,,,0.0,0,15000,일반,일반
,,,,0.0,0,15000,일반,일반
,,,,0.0,0,15000,일반,일반
,,,,0.0,0,15000,일반,일반
,,,,0.0,0,15000,일반,일반
,,,,0.0,0,15000,일반,일반
,,,,0.0,0,15000,일반,일반
,,,,0.0,0,15000,일반,일반
,,,,0.0,0,15000,일반,일반
,,,,0.0,0,15000,일반,일반
,,,,0.0,0,15000,일반,일반
,,,,0.0,0,15000,일반,일반
,,,,0.0,0,15000,일반,일반
,,,,0.0,0,15000,일반,일반
,,,,0.0,0,15000,일반,일반
,,,,0.0,0,15000,일반,일반
,,,,0.0,0,15000,일반,일반
,,,,0.0,0,15000,일반,일반
,,,,0.0,0,15000,일반,일반
,,,,0.0,0,15000,일반,일반
,,,,0.0,0,15000,일반,일반
,,,,0.0,0,15000,일반,일반
,,,,0.0,0,15000,일반,일반
,,,,0.0,0,15000,일반,일반
,,,,0.0,0,15000,일반,일반
,,,,0.0,0,15000,일반,일반
,,,,0.0,0,15000,일반,일반
,,,,0.0,0,15000,일반,일반
,,,,0.0,0,15000,일반,일반
,,,,0.0,0,15000,일반,일반
,,,,0.0,0,15000,일반,일반
,,,,0.0,0,15000,일반,일반
,,,,0.0,0,15000,일반,일반
,,,,0.0,0,15000,일반,일반
,,,,0.0,0,15000,일반,일반
,,,,0.0,0,15000,일반,일반
,,,,0.0,0,15000,일반,일반
,,,,0.0,0,15000,일반,일반
,,,,0.0,0,15000,일반,일반
,,,,0.0,0,15000,일반,일반
,,,,0.0,0,15000,일반,일반
,,,,0.0,0,15000,일반,일반
,,,,0.0,0,15000,일반,일반
,,,,0.0,0,15000,일반,일반
,,,,0.0,0,15000,일반,일반
,,,,0.0,0,15000,일반,일반
,,,,0.0,0,15000,일반,일반
,,,,0.0,0,15000,일반,일반
,,,,0.0,0,15000,일반,일반
,,,,0.0,0,15000,일반,일반
,,,,0.0,0,15000,일반,일반
,,,,0.0,0,15000,일반,일반
,,,,0.0,0,15000,일반,일반
,,,,0.0,0,15000,일반,일반
,,,,0.0,0,15000,일반,일반
,,,,0.0,0,15000,일반,일반
,,,,0.0,0,15000,일반,일반
,,,,0.0,0,15000,일반,일반
,,,,0.0,0,15000,일반,일반
,,,,0.0,0,15000,일반,일반
,,,,0.0,0,15000,일반,일반
,,,,0.0,0,15000,일반,일반
,,,,0.0,0,15000,일반,일반
,,,,0.0,0,15000,일반,일반
,,,,0.0,0,15000,일반,일반
,,,,0.0,0,15000,일반,일반
,,,,0.0,0,15000,일반,일반
,,,,0.0,0,15000,일반,일반
,,,,0.0,0,15000,일반,일반
,,,,0.0,0,15000,일반,일반
,,,,0.0,0,15000,일반,일반
,,,,0.0,0,15000,일반,일반
,,,,0.0,0,15000,일반,일반
,,,,0.0,0,15000,일반,일반
,,,,0.0,0,15000,일반,일반
,,,,0.0,0,15000,일반,일반
,,,,0.0,0,15000,일반,일반
,,,,0.0,0,15000,일반,일반
,,,,0.0,0,15000,일반,일반
,,,,0.0,0,15000,일반,일반
,,,,0.0,0,15000,일반,일반
,,,,0.0,0,15000,일반,일반
,,,,0.0,0,15000,일반,일반
,,,,0.0,0,15000,일반,일반
,,,,0.0,0,15000,일반,일반
,,,,0.0,0,15000,일반,일반
,,,,0.0,0,15000,일반,일반
,,,,0.0,0,15000,일반,일반
,,,,0.0,0,15000,일반,일반
,,,,0.0,0,15000,일반,일반
,,,,0.0,0,15000,일반,일반
,,,,0.0,0,15000,일반,일반
,,,,0.0,0,15000,일반,일반
,,,,0.0,0,15000,일반,일반
,,,,0.0,0,15000,일반,일반
,,,,0.0,0,15000,일반,일반
,,,,0.0,0,15000,일반,일반
,,,,0.0,0,15000,일반,일반
,,,,0.0,0,15000,일반,일반
,,,,0.0,0,15000,일반,일반
,,,,0.0,0,15000,일반,일반
,,,,0.0,0,15000,일반,일반
,,,,0.0,0,15000,일반,일반
,,,,0.0,0,15000,일반,일반
,,,,0.0,0,15000,일반,일반
,,,,0.0,0,15000,일반,일반
,,,,0.0,0,15000,일반,일반
,,,,0.0,0,15000,일반,일반
,,,,0.0,0,15000,일반,일반
,,,,0.0,0,15000,일반,일반
,,,,0.0,0,15000,일반,일반
,,,,0.0,0,15000,일반,일반
,,,,0.0,0,15000,일반,일반
,,,,0.0,0,15000,일반,일반
,,,,0.0,0,15000,일반,일반
,,,,0.0,0,15000,일반,일반
,,,,0.0,0,15000,일반,일반
,,,,0.0,0,15000,일반,일반
,,,,0.0,0,15000,일반,일반
,,,,0.0,0,15000,일반,일반
,,,,0.0,0,15000,일반,일반
,,,,0.0,0,15000,일반,일반
,,,,0.0,0,15000,일반,일반
,,,,0.0,0,15000,일반,일반
,,,,0.0,0,15000,일반,일반
,,,,0.0,0,15000,일반,일반
,,,,0.0,0,15000,일반,일반
,,,,0.0,0,15000,일반,일반
,,,,0.0,0,15000,일반,일반
,,,,0.0,0,15000,일반,일반
,,,,0.0,0,15000,일반,일반
,,,,0.0,0,15000,일반,일반
,,,,0.0,0,15000,일반,일반
,,,,0.0,0,15000,일반,일반
,,,,0.0,0,15000,일반,일반
,,,,0.0,0,15000,일반,일반
,,,,0.0,0,15000,일반,일반
,,,,0.0,0,15000,일반,일반
,,,,0.0,0,15000,일반,일반
,,,,0.0,0,15000,일반,일반
,,,,0.0,0,15000,일반,일반
,,,,0.0,0,15000,일반,일반
,,,,0.0,0,15000,일반,일반
,,,,0.0,0,15000,일반,일반
,,,,0.0,0,15000,일반,일반
,,,,0.0,0,15000,일반,일반
,,,,0.0,0,15000,일반,일반
,,,,0.0,0,15000,일반,일반
,,,,0.0,0,15000,일반,일반
,,,,0.0,0,15000,일반,일반
,,,,0.0,0,15000,일반,일반
,,,,0.0,0,15000,일반,일반
,,,,0.0,0,15000,일반,일반
,,,,0.0,0,15000,일반,일반
,,,,0.0,0,15000,일반,일반
,,,,0.0,0,15000,일반,일반
,,,,0.0,0,15000,일반,일반
,,,,0.0,0,15000,일반,일반
,,,,0.0,0,15000,일반,일반
,,,,0.0,0,15000,일반,일반
,,,,0.0,0,15000,일반,일반
,,,,0.0,0,15000,일반,일반
,,,,0.0,0,15000,일반,일반
,,,,0.0,0,15000,일반,일반
,,,,0.0,0,15000,일반,일반
,,,,0.0,0,15000,일반,일반
,,,,0.0,0,15000,일반,일반
,,,,0.0,0,15000,일반,일반
,,,,0.0,0,15000,일반,일반
,,,,0.0,0,15000,일반,일반
,,,,0.0,0,15000,일반,일반
,,,,0.0,0,15000,일반,일반
,,,,0.0,0,15000,일반,일반
,,,,0.0,0,15000,일반,일반
,,,,0.0,0,15000,일반,일반
,,,,0.0,0,15000,일반,일반
,,,,0.0,0,15000,일반,일반
,,,,0.0,0,15000,일반,일반
,,,,0.0,0,15000,일반,일반
,,,,0.0,0,15000,일반,일반
,,,,0.0,0,15000,일반,일반
,,,,0.0,0,15000,일반,일반
,,,,0.0,0,15000,일반,일반
,,,,0.0,0,15000,일반,일반
,,,,0.0,0,15000,일반,일반
,,,,0.0,0,15000,일반,일반
,,,,0.0,0,15000,일반,일반
,,,,0.0,0,15000,일반,일반
,,,,0.0,0,15000,일반,일반
,,,,0.0,0,15000,일반,일반
,,,,0.0,0,15000,일반,일반
,,,,0.0,0,15000,일반,일반
,,,,0.0,0,15000,일반,일반
,,,,0.0,0,15000,일반,일반
